01_TB_Als_cle8c6253	tabac	5.8913951903752295
01_TB_Als_cle8c6253	céréale à paille	3.2283777711504507
05_GC_Als_cle8c3f61	colza de printemps	4.696920048673704
05_GC_Als_cle8c3f61	céréale à paille	3.724162763998994
05_GC_Als_cle8c3f61	poireau	3.724162763998994
05_GC_Als_cle8c3f61	orge	3.2179869101542966
05_GC_Als_cle8c3f61	maïs	3.1095835431384997
05_GC_Als_cle8c3f61	blé	2.5374379911821685
05_GC_Als_cle8c3f61	céréale	2.4624662706511358
05_GC_Als_cle8c3f61	grande culture	2.389227435620417
05_GC_Als_cle8c3f61	colza	2.051276948118585
05bsv_jevi_20190502_cle8f22b6	jardins familiaux	5.140981637348651
05bsv_jevi_20190502_cle8f22b6	rosier	4.974540140566566
05bsv_jevi_20190502_cle8f22b6	fève	4.213467834421726
05bsv_jevi_20190502_cle8f22b6	poirée	3.9720811699611285
05bsv_jevi_20190502_cle8f22b6	cardon	3.5421345283259074
05bsv_jevi_20190502_cle8f22b6	zone non agricole	3.3705642481590923
05bsv_jevi_20190502_cle8f22b6	horticulture ornementale	3.267470960149947
05bsv_jevi_20190502_cle8f22b6	laitue	3.267470960149947
05bsv_jevi_20190502_cle8f22b6	chou de Bruxelles	3.1437744471621847
05bsv_jevi_20190502_cle8f22b6	miscanthus	2.879583240575068
05bsv_jevi_20190502_cle8f22b6	chou pommé	2.879583240575068
05bsv_jevi_20190502_cle8f22b6	chou	2.6769433306869783
05bsv_jevi_20190502_cle8f22b6	betterave	2.557059379035953
05bsv_jevi_20190502_cle8f22b6	asperge	2.5211716545174783
05bsv_jevi_20190502_cle8f22b6	haricot	2.387277860053248
05bsv_jevi_20190502_cle8f22b6	laurier	2.387277860053248
05bsv_jevi_20190502_cle8f22b6	légume à graines ou à gousses	2.387277860053248
05bsv_jevi_20190502_cle8f22b6	tomate	2.3172536675281243
05bsv_jevi_20190502_cle8f22b6	abricotier	2.271784557124361
05bsv_jevi_20190502_cle8f22b6	poireau	2.1766284793213893
05bsv_jevi_20190502_cle8f22b6	soja	2.170060931498271
05bsv_jevi_20190502_cle8f22b6	vigne	1.9871121155200973
05bsv_jevi_20190502_cle8f22b6	poivron	1.921010749012985
05bsv_jevi_20190502_cle8f22b6	arboriculture fruitière	1.7449637539345304
05bsv_jevi_20190502_cle8f22b6	rosier ornemental	1.6688603699753397
05bsv_jevi_20190502_cle8f22b6	prunier	1.6150353482875577
05bsv_jevi_20190502_cle8f22b6	cerisier	1.6150353482875577
05bsv_jevi_20190502_cle8f22b6	tournesol	1.6150353482875577
05bsv_jevi_20190502_cle8f22b6	pois	1.5154394471566337
05bsv_jevi_20190502_cle8f22b6	arboriculture	1.4311256993293884
05bsv_jevi_20190502_cle8f22b6	pomme de terre	1.3016905236350975
05bsv_jevi_20190502_cle8f22b6	maïs	1.2266512955503037
05bsv_jevi_20190502_cle8f22b6	pommier	1.0337734887557968
05bsv_jevi_20190502_cle8f22b6	grande culture	0.9957695234913804
05bsv_jevi_20190502_cle8f22b6	culture légumière	0.9659196908441423
05bsv_jevi_20190502_cle8f22b6	laitue romaine	0.9080711255574684
05bsv_jevi_20190502_cle8f22b6	colza	0.7725812162284829
119_BSV_Charentes_2015-07-28_cle88a1b6	rosier ornemental	3.6621227769896976
119_BSV_Charentes_2015-07-28_cle88a1b6	vigne	3.4821964701766377
13_HORTI_Als_cle02386b	culture légumière	2.1234103881923083
19bsv_jevi_20181108_cle871314	jardins familiaux	5.752125736521864
19bsv_jevi_20181108_cle871314	ail	5.213692849270799
19bsv_jevi_20181108_cle871314	horticulture ornementale	4.575036506273452
19bsv_jevi_20181108_cle871314	zone non agricole	3.5243298753667656
19bsv_jevi_20181108_cle871314	poireau	3.400355441396806
19bsv_jevi_20181108_cle871314	arboriculture fruitière	1.788219865890792
2015-05-28_BSV_Grandes_Cultures_01_cle8ba414	pois protéagineux de printemps	5.758759890074377
2015-05-28_BSV_Grandes_Cultures_01_cle8ba414	légume à graines ou à gousses	4.735828685281853
2015-05-28_BSV_Grandes_Cultures_01_cle8ba414	féverole	4.506715641458639
2015-05-28_BSV_Grandes_Cultures_01_cle8ba414	betterave	4.149026288385229
2015-05-28_BSV_Grandes_Cultures_01_cle8ba414	pois	3.825530063781973
2015-05-28_BSV_Grandes_Cultures_01_cle8ba414	orge de printemps	3.7337844683260966
2015-05-28_BSV_Grandes_Cultures_01_cle8ba414	tournesol	3.6505989640379366
2015-05-28_BSV_Grandes_Cultures_01_cle8ba414	féverole de printemps	3.544023185400425
2015-05-28_BSV_Grandes_Cultures_01_cle8ba414	pomme de terre	3.2438547818878676
2015-05-28_BSV_Grandes_Cultures_01_cle8ba414	prunier	3.2038711781936375
2015-05-28_BSV_Grandes_Cultures_01_cle8ba414	laurier	2.938122422303097
2015-05-28_BSV_Grandes_Cultures_01_cle8ba414	maïs	2.7727021291018947
2015-05-28_BSV_Grandes_Cultures_01_cle8ba414	orge	2.3076127334946483
2015-05-28_BSV_Grandes_Cultures_01_cle8ba414	blé	2.2716655521886366
2015-05-28_BSV_Grandes_Cultures_01_cle8ba414	floriculture	2.0979241791453096
2015-05-28_BSV_Grandes_Cultures_01_cle8ba414	rosier ornemental	2.0539360561104605
2015-05-28_BSV_Grandes_Cultures_01_cle8ba414	grande culture	1.7133107770746283
2015-05-28_BSV_Grandes_Cultures_01_cle8ba414	colza	1.5326294214629805
2015-05-28_BSV_Grandes_Cultures_01_cle8ba414	pommier	1.3515366442508032
2015-05-28_BSV_Grandes_Cultures_01_cle8ba414	céréale	1.2631023544511661
2015-05-28_BSV_Grandes_Cultures_01_cle8ba414	laitue romaine	1.1176010047640197
20160718-BSV_30_20_Cereales_Normandie_cle095921	amandier	6.026958019498923
20160718-BSV_30_20_Cereales_Normandie_cle095921	maïs popcorn	4.355258427491163
20160718-BSV_30_20_Cereales_Normandie_cle095921	triticale	3.985721995711259
20160718-BSV_30_20_Cereales_Normandie_cle095921	céréale à paille	3.739941350459056
20160718-BSV_30_20_Cereales_Normandie_cle095921	maïs	3.4258995037319186
20160718-BSV_30_20_Cereales_Normandie_cle095921	oranger	3.4248691218025678
20160718-BSV_30_20_Cereales_Normandie_cle095921	rosier ornemental	3.199387093220407
20160718-BSV_30_20_Cereales_Normandie_cle095921	blé	2.426962004883384
20160718-BSV_30_20_Cereales_Normandie_cle095921	céréale	2.3552544329932106
20160718-BSV_30_20_Cereales_Normandie_cle095921	colza	1.4811223372165387
2017_BSV_manche_10_sem21_cle8d2aee	laitue à couper	7.015496775207973
2017_BSV_manche_10_sem21_cle8d2aee	persil	5.693748532576481
2017_BSV_manche_10_sem21_cle8d2aee	céleri à cotes	5.49502339863243
2017_BSV_manche_10_sem21_cle8d2aee	céleri	5.13042311961232
2017_BSV_manche_10_sem21_cle8d2aee	légume racine	4.877035021971214
2017_BSV_manche_10_sem21_cle8d2aee	chêne	4.8426042398408535
2017_BSV_manche_10_sem21_cle8d2aee	laitue batavia	4.801049201294585
2017_BSV_manche_10_sem21_cle8d2aee	oignon	4.7872179024207835
2017_BSV_manche_10_sem21_cle8d2aee	laitue	4.639873746249561
2017_BSV_manche_10_sem21_cle8d2aee	navet potager	4.158970580656744
2017_BSV_manche_10_sem21_cle8d2aee	céleri-rave	3.911171956557518
2017_BSV_manche_10_sem21_cle8d2aee	radis	3.366482977900021
2017_BSV_manche_10_sem21_cle8d2aee	poireau	3.2783445529124005
2017_BSV_manche_10_sem21_cle8d2aee	chou	3.1719716265680153
2017_BSV_manche_10_sem21_cle8d2aee	tomate	3.1453574209621777
2017_BSV_manche_10_sem21_cle8d2aee	culture légumière	1.498461241362543
2017_BSV_manche_33_sem44_cle8f1de5	persil	5.840811838571997
2017_BSV_manche_33_sem44_cle8f1de5	céleri-rave	5.3974710632575755
2017_BSV_manche_33_sem44_cle8f1de5	céleri	5.145752638024871
2017_BSV_manche_33_sem44_cle8f1de5	chêne	4.645792785382316
2017_BSV_manche_33_sem44_cle8f1de5	laitue	4.532058510281308
2017_BSV_manche_33_sem44_cle8f1de5	poireau	3.777057695408987
20190403_LOR_BSV_Grandes_Cultures_cle8ff1e5	orge de printemps	5.166287192247152
20190403_LOR_BSV_Grandes_Cultures_cle8ff1e5	orge d'hiver	4.7680342187391735
20190403_LOR_BSV_Grandes_Cultures_cle8ff1e5	blé tendre d'hiver	4.220823873150762
20190403_LOR_BSV_Grandes_Cultures_cle8ff1e5	blé tendre	3.6668018094986277
20190403_LOR_BSV_Grandes_Cultures_cle8ff1e5	orge	3.421582625972198
20190403_LOR_BSV_Grandes_Cultures_cle8ff1e5	blé	2.627425238747495
20190403_LOR_BSV_Grandes_Cultures_cle8ff1e5	floriculture	2.517696588952087
20190403_LOR_BSV_Grandes_Cultures_cle8ff1e5	céréale	2.2549611440456783
20190403_LOR_BSV_Grandes_Cultures_cle8ff1e5	grande culture	2.1878939402436246
20190403_LOR_BSV_Grandes_Cultures_cle8ff1e5	colza	2.140391266383995
55_02_note_commune_resistance_fongicides_maladies_cereales_2006_cle86a116	céréale à paille	3.753209608318087
55_02_note_commune_resistance_fongicides_maladies_cereales_2006_cle86a116	orge	3.4264222652735463
55_02_note_commune_resistance_fongicides_maladies_cereales_2006_cle86a116	blé	2.9278096446872626
55_02_note_commune_resistance_fongicides_maladies_cereales_2006_cle86a116	céréale	2.489823589337253
BSV-18-17_cle8f1356-1	vigne	3.483346921317611
BSV05_GC_LOR_S13_2020_cle4419d7	blé tendre d'hiver	4.718510698145477
BSV05_GC_LOR_S13_2020_cle4419d7	blé tendre	4.248515893003881
BSV05_GC_LOR_S13_2020_cle4419d7	orge d'hiver	4.160243157934186
BSV05_GC_LOR_S13_2020_cle4419d7	orge	3.2942818937333374
BSV05_GC_LOR_S13_2020_cle4419d7	blé	2.824558190250038
BSV05_GC_LOR_S13_2020_cle4419d7	chou	2.3516241343328947
BSV05_GC_LOR_S13_2020_cle4419d7	colza	2.1381971531483175
BSV05_GC_LOR_S13_2020_cle4419d7	floriculture	2.0274192312925288
BSV971_BanCas_N04_cle08e5ae	bananier	8.050220469880456
BSV971_BanCas_N04_cle08e5ae	bananier plantain	6.586885173099646
BSV971_BanCas_N04_cle08e5ae	culture tropicale	4.688322269292512
BSV971_BanCas_N04_cle08e5ae	culture industrielle	4.171317329119409
BSV971_BanCas_N04_cle08e5ae	zone non agricole	3.4274014723556836
BSV971_BanCas_N04_cle08e5ae	culture légumière	1.796205660498527
BSV971_CulturesVivrieres-Bilan2018_cle81e161	culture vivrière	9.758100073628597
BSV971_CulturesVivrieres-Bilan2018_cle81e161	patate douce	9.662847469873004
BSV971_CulturesVivrieres-Bilan2018_cle81e161	pomme de terre potagère	6.877688283195623
BSV971_CulturesVivrieres-Bilan2018_cle81e161	culture tropicale	4.725207598439915
BSV971_CulturesVivrieres-Bilan2018_cle81e161	culture légumière	1.8103372907914919
BSV_01-42_cereales_Normandie_2020_cle83b764	blé tendre d'hiver	4.693024484033616
BSV_01-42_cereales_Normandie_2020_cle83b764	blé tendre	4.077021734913118
BSV_01-42_cereales_Normandie_2020_cle83b764	céréale à paille	3.5889761406402636
BSV_01-42_cereales_Normandie_2020_cle83b764	blé	2.8605838292091614
BSV_01-42_cereales_Normandie_2020_cle83b764	céréale	2.703592910560671
BSV_17-VF_cle81c713	cerisier	4.395424858522637
BSV_17-VF_cle81c713	prunier	4.101386838206011
BSV_17-VF_cle81c713	poirier	3.8129542288320546
BSV_17-VF_cle81c713	arboriculture	2.2068997719508108
BSV_17-VF_cle81c713	arboriculture fruitière	2.07780346384608
BSV_17-VF_cle81c713	pommier	1.4416439214633618
BSV_2019_n14bis_cle0ca71b	vigne	3.563803443853195
BSV_5_VF_cle84611d	poirier	4.3950231865666085
BSV_5_VF_cle84611d	cerisier	4.3053272533577776
BSV_5_VF_cle84611d	prunier	3.9918396750822907
BSV_5_VF_cle84611d	poirée	3.9533476157795193
BSV_5_VF_cle84611d	floriculture	2.448352951482211
BSV_5_VF_cle84611d	arboriculture fruitière	2.0480423891182444
BSV_5_VF_cle84611d	arboriculture	1.8792041802828057
BSV_5_VF_cle84611d	pommier	1.4189153131219348
BSV_5_VF_cle84611d	colza	1.1392729725661692
BSV_AF_5_15_mars_2019_cle452e6e	poirier	3.647722341861919
BSV_AF_5_15_mars_2019_cle452e6e	arboriculture	2.3927218288392558
BSV_AF_5_15_mars_2019_cle452e6e	pommier	1.4058810888807134
BSV_AF_n19_du_11052017-1_cle84e61b	arbre fruitier à noyau	4.499039974284216
BSV_AF_n19_du_11052017-1_cle84e61b	poirier	4.257566337999593
BSV_AF_n19_du_11052017-1_cle84e61b	prunier	4.012505351223458
BSV_AF_n19_du_11052017-1_cle84e61b	arboriculture	2.6386434730090054
BSV_AF_n19_du_11052017-1_cle84e61b	arboriculture fruitière	2.093654144489288
BSV_AF_n19_du_11052017-1_cle84e61b	floriculture	1.8871838492767805
BSV_AF_n19_du_11052017-1_cle84e61b	pommier	1.4191346118362205
BSV_AF_n30_du_25052018_cle0ca846	poirier	3.665192044040614
BSV_AF_n30_du_25052018_cle0ca846	arboriculture	2.1213764972538915
BSV_AF_n30_du_25052018_cle0ca846	pommier	1.16336477751241
BSV_AF_n34_du_16072019_cle0a1d81	cerisier	4.2123657772077285
BSV_AF_n34_du_16072019_cle0a1d81	prunier	4.171828586583749
BSV_AF_n34_du_16072019_cle0a1d81	poirier	3.2247203567385
BSV_AF_n34_du_16072019_cle0a1d81	arboriculture	2.621210044443774
BSV_AF_n34_du_16072019_cle0a1d81	arboriculture fruitière	2.0965486709944816
BSV_AF_n34_du_16072019_cle0a1d81	pommier	1.352043135413943
BSV_ARBO_2017_35_cle4d79ba	horticulture ornementale	3.697523061913515
BSV_ARBO_2017_35_cle4d79ba	culture industrielle	3.697523061913515
BSV_ARBO_2017_35_cle4d79ba	poirier	3.3331577574614233
BSV_ARBO_2017_35_cle4d79ba	pomme de terre	2.5998219771570583
BSV_ARBO_2017_35_cle4d79ba	zone non agricole	2.5236517196374164
BSV_ARBO_2017_35_cle4d79ba	arboriculture	2.2712598890743676
BSV_ARBO_2017_35_cle4d79ba	culture légumière	2.2712598890743676
BSV_ARBO_2017_35_cle4d79ba	arboriculture fruitière	2.1249040389908864
BSV_ARBO_2017_35_cle4d79ba	grande culture	1.9888164232205983
BSV_ARBO_2017_35_cle4d79ba	pommier	1.4366011858602004
BSV_ARBO_2018_11_cle44752f	culture industrielle	3.9894289669436414
BSV_ARBO_2018_11_cle44752f	pomme de terre	2.8050684014393994
BSV_ARBO_2018_11_cle44752f	arboriculture	2.373490163982433
BSV_ARBO_2018_11_cle44752f	culture légumière	2.373490163982433
BSV_ARBO_2018_11_cle44752f	grande culture	2.1458261965845393
BSV_ARBO_2018_11_cle44752f	pommier	1.4359082610581078
BSV_Arbo_06_20_cle882ae6	arboriculture	2.3903008442570717
BSV_Arbo_06_20_cle882ae6	arboriculture fruitière	1.911858253758361
BSV_Arbo_06_20_cle882ae6	pommier	1.405118692731383
BSV_Arboriculture-Fruits_transformes__Bretagne-Normandie-Pays_de_la_Loire_no15_du_17-06-2020_cle0d4baf	poirier	4.35199001615143
BSV_Arboriculture-Fruits_transformes__Bretagne-Normandie-Pays_de_la_Loire_no15_du_17-06-2020_cle0d4baf	horticulture ornementale	3.5749095088263867
BSV_Arboriculture-Fruits_transformes__Bretagne-Normandie-Pays_de_la_Loire_no15_du_17-06-2020_cle0d4baf	arboriculture	2.5835599637417355
BSV_Arboriculture-Fruits_transformes__Bretagne-Normandie-Pays_de_la_Loire_no15_du_17-06-2020_cle0d4baf	arboriculture fruitière	2.1396821916349222
BSV_Arboriculture-Fruits_transformes__Bretagne-Normandie-Pays_de_la_Loire_no15_du_17-06-2020_cle0d4baf	laitue romaine	1.7535166562489044
BSV_Arboriculture-Fruits_transformes__Bretagne-Normandie-Pays_de_la_Loire_no15_du_17-06-2020_cle0d4baf	pommier	1.381360604312208
BSV_Arboriculture-Fruits_transformes__Bretagne-Normandie-Pays_de_la_Loire_no_17_du_26-06-2018_cle861251	horticulture ornementale	3.649834168033073
BSV_Arboriculture-Fruits_transformes__Bretagne-Normandie-Pays_de_la_Loire_no_17_du_26-06-2018_cle861251	cerisier	3.1840519194393915
BSV_Arboriculture-Fruits_transformes__Bretagne-Normandie-Pays_de_la_Loire_no_17_du_26-06-2018_cle861251	arboriculture	2.568256306172183
BSV_Arboriculture-Fruits_transformes__Bretagne-Normandie-Pays_de_la_Loire_no_17_du_26-06-2018_cle861251	arboriculture fruitière	2.147797849358192
BSV_Arboriculture-Fruits_transformes__Bretagne-Normandie-Pays_de_la_Loire_no_17_du_26-06-2018_cle861251	laitue romaine	1.7902676949978067
BSV_Arboriculture-Fruits_transformes__Bretagne-Normandie-Pays_de_la_Loire_no_17_du_26-06-2018_cle861251	pommier	1.408434066320881
BSV_Arboriculture-Fruits_transformes__Bretagne-Normandie-Pays_de_la_Loire_no_1_du_13-03-2018_cle0bf736	poirier	3.5962983560481
BSV_Arboriculture-Fruits_transformes__Bretagne-Normandie-Pays_de_la_Loire_no_1_du_13-03-2018_cle0bf736	arboriculture	2.5525213182185333
BSV_Arboriculture-Fruits_transformes__Bretagne-Normandie-Pays_de_la_Loire_no_1_du_13-03-2018_cle0bf736	arboriculture fruitière	1.664868198576248
BSV_Arboriculture-Fruits_transformes__Bretagne-Normandie-Pays_de_la_Loire_no_1_du_13-03-2018_cle0bf736	pommier	1.446568082080239
BSV_Arboriculture_3_24_fevrier_2020-2-2_cle83ae58	abricotier	5.895718940571055
BSV_Arboriculture_3_24_fevrier_2020-2-2_cle83ae58	prunier	4.323942713147423
BSV_Arboriculture_3_24_fevrier_2020-2-2_cle83ae58	floriculture	2.8571864294699827
BSV_Arboriculture_3_24_fevrier_2020-2-2_cle83ae58	arboriculture	2.5537415269444756
BSV_Arboriculture_3_24_fevrier_2020-2-2_cle83ae58	arboriculture fruitière	2.0049972147945825
BSV_Arboriculture_4_14mars2017_cle063599	abricotier	5.608223957988853
BSV_Arboriculture_4_14mars2017_cle063599	prunier	3.986944934923832
BSV_Arboriculture_4_14mars2017_cle063599	arboriculture	2.5588804005661014
BSV_Arboriculture_4_14mars2017_cle063599	arboriculture fruitière	1.9072268418926308
BSV_Betteraves_du_22_juillet_2020_cle8647db	betterave sucrière	6.871525320514117
BSV_Betteraves_du_22_juillet_2020_cle8647db	betterave	4.692205960816218
BSV_Betteraves_du_29_mai_2019_cle8fbfd9	betterave	4.6468785860557
BSV_Betteraves_du_29_mai_2019_cle8fbfd9	grande culture	2.466664152242796
BSV_Bilan_Fruits_a_noyau_2018_cle888e1e	arbre fruitier à noyau	6.484882464210803
BSV_Bilan_Fruits_a_noyau_2018_cle888e1e	abricotier	6.019716939467567
BSV_Bilan_Fruits_a_noyau_2018_cle888e1e	cerisier	4.0016052406324025
BSV_Bilan_Fruits_a_noyau_2018_cle888e1e	prunier	3.4905191415855272
BSV_Bilan_Fruits_a_noyau_2018_cle888e1e	chêne	2.989336207030753
BSV_Bilan_Fruits_a_noyau_2018_cle888e1e	oranger	2.460934344816005
BSV_Bilan_Fruits_a_noyau_2018_cle888e1e	arboriculture fruitière	1.9015838518606039
BSV_Bilan_Fruits_a_noyau_2018_cle888e1e	culture fruitière	1.813806754184267
BSV_Bilan_Fruits_a_noyau_2018_cle888e1e	laurier	1.615149143517127
BSV_Bilan_Fruits_a_noyau_2018_cle888e1e	arboriculture	1.0568464615124666
BSV_Bilan_Fruits_a_noyau_2018_cle888e1e	laitue romaine	0.9935523262895218
BSV_Bilan_Fruits_a_noyau_2018_cle888e1e	vigne	0.9073926796130936
BSV_Bilan_Fruits_a_noyau_2018_cle888e1e	pommier	0.7296960770410484
BSV_Cassis_n_05_du_10_mai_2012_cle09e263	vigne	2.9137756008805513
BSV_Cassis_n_05_du_10_mai_2012_cle09e263	floriculture	2.6106880441471056
BSV_Cassis_n_05_du_10_mai_2012_cle09e263	culture légumière	2.4979909443273036
BSV_Cassis_n_05_du_10_mai_2012_cle09e263	arboriculture fruitière	1.9979931045918884
BSV_Cassis_n_05_du_10_mai_2012_cle09e263	laitue romaine	1.972833157551605
BSV_Cereales_paille_14_cle09e79d	blé dur	5.9741086149549325
BSV_Cereales_paille_14_cle09e79d	céréale à paille	3.881302998410958
BSV_Cereales_paille_14_cle09e79d	blé tendre	3.5936433127568153
BSV_Cereales_paille_14_cle09e79d	orge d'hiver	3.129463953038402
BSV_Cereales_paille_14_cle09e79d	blé	2.659875765788172
BSV_Cereales_paille_14_cle09e79d	céréale	2.520781168453272
BSV_Cereales_paille_14_cle09e79d	orge	2.253052551690322
BSV_Cereales_paille_14_cle09e79d	triticale	1.7199651129363955
BSV_Cereales_paille_14_cle09e79d	orge de printemps	1.0495307345645055
BSV_Cereales_paille_14_cle09e79d	blé tendre d'hiver	0.9290798213328949
BSV_Cereales_paille_14_cle09e79d	laitue romaine	0.7512410097419787
BSV_Colza_no08-05avril18_cle866147	colza de printemps	4.620366246569587
BSV_Colza_no08-05avril18_cle866147	floriculture	2.6628508368051604
BSV_Colza_no08-05avril18_cle866147	colza	2.168222045466777
BSV_Colza_no24-20nov2019_cle8157b8	chou	3.227576458922154
BSV_Colza_no24-20nov2019_cle8157b8	colza	2.1510783368142574
BSV_Colza_no25-14nov_cle0f148b	chou	3.251832163049873
BSV_Colza_no25-14nov_cle0f148b	colza	2.078230052185998
BSV_FR_08_13082019_cle8c5d91	fraisier	4.745519860748846
BSV_FR_08_13082019_cle8c5d91	floriculture	2.3181542663855317
BSV_GC_NA_Limousin_18_20200901_cle088995	protéagineux	5.976223041008434
BSV_GC_NA_Limousin_18_20200901_cle088995	lentille potagère	5.770772362257405
BSV_GC_NA_Limousin_18_20200901_cle088995	fourrage annuel	4.691357498322908
BSV_GC_NA_Limousin_18_20200901_cle088995	féverole	3.7011444456494154
BSV_GC_NA_Limousin_18_20200901_cle088995	oléagineux	3.252708417234309
BSV_GC_NA_Limousin_18_20200901_cle088995	maïs	3.1144137227370514
BSV_GC_NA_Limousin_18_20200901_cle088995	céréale à paille	3.048910714302498
BSV_GC_NA_Limousin_18_20200901_cle088995	oranger	2.9104898224231683
BSV_GC_NA_Limousin_18_20200901_cle088995	grande culture	2.663426661338094
BSV_GC_NA_Limousin_18_20200901_cle088995	colza	2.140878176846653
BSV_GC_NA_Limousin_18_20200901_cle088995	laitue romaine	2.073925709369035
BSV_GC_NA_Limousin_18_20200901_cle088995	céréale	1.6720163474422305
BSV_GC_n_15_du_10_mars_2015_cle0bc9b5	grande culture	2.669598415907932
BSV_GC_n_15_du_10_mars_2015_cle0bc9b5	chou	2.6350050627154604
BSV_GC_n_15_du_10_mars_2015_cle0bc9b5	colza	2.108601586098397
BSV_GC_n_15_du_10_mars_2015_cle0bc9b5	laitue romaine	1.9506538018012718
BSV_GC_n_22_du_30_avril_2013_cle82bfbf	féverole	4.714811165445736
BSV_GC_n_22_du_30_avril_2013_cle82bfbf	pois protéagineux de printemps	4.367674301126483
BSV_GC_n_22_du_30_avril_2013_cle82bfbf	tournesol	4.010911803312197
BSV_GC_n_22_du_30_avril_2013_cle82bfbf	pois	3.644135980251327
BSV_GC_n_22_du_30_avril_2013_cle82bfbf	soja	3.535418417273779
BSV_GC_n_22_du_30_avril_2013_cle82bfbf	céréale à paille	3.048910714302498
BSV_GC_n_22_du_30_avril_2013_cle82bfbf	maïs	2.8015246676969805
BSV_GC_n_22_du_30_avril_2013_cle82bfbf	blé	2.7285820372992924
BSV_GC_n_22_du_30_avril_2013_cle82bfbf	grande culture	2.7005655720853845
BSV_GC_n_22_du_30_avril_2013_cle82bfbf	floriculture	2.5430374821827675
BSV_GC_n_22_du_30_avril_2013_cle82bfbf	colza	2.0373989024418186
BSV_GC_n_22_du_30_avril_2013_cle82bfbf	chou	1.998434937431498
BSV_GC_n_22_du_30_avril_2013_cle82bfbf	céréale	1.6720163474422305
BSV_GRANDES_CULTURES_2017_No5_cle8b8eff	orge de printemps	4.448333901102445
BSV_GRANDES_CULTURES_2017_No5_cle8b8eff	culture industrielle	3.7949012085102987
BSV_GRANDES_CULTURES_2017_No5_cle8b8eff	colza de printemps	3.630211098096509
BSV_GRANDES_CULTURES_2017_No5_cle8b8eff	jardins familiaux	3.467661249992126
BSV_GRANDES_CULTURES_2017_No5_cle8b8eff	orge	3.2020012199877264
BSV_GRANDES_CULTURES_2017_No5_cle8b8eff	pomme de terre	2.946006322190598
BSV_GRANDES_CULTURES_2017_No5_cle8b8eff	betterave	2.757838239988598
BSV_GRANDES_CULTURES_2017_No5_cle8b8eff	blé	2.716572860391522
BSV_GRANDES_CULTURES_2017_No5_cle8b8eff	blé tendre	2.666764952362638
BSV_GRANDES_CULTURES_2017_No5_cle8b8eff	céréale à paille	2.347536120488486
BSV_GRANDES_CULTURES_2017_No5_cle8b8eff	grande culture	2.2536411369563636
BSV_GRANDES_CULTURES_2017_No5_cle8b8eff	colza	2.1282448195323393
BSV_GRANDES_CULTURES_2017_No5_cle8b8eff	culture légumière	1.9800058349319278
BSV_GRANDES_CULTURES_2017_No5_cle8b8eff	arboriculture	1.543496882473263
BSV_GRANDES_CULTURES_2017_No5_cle8b8eff	laitue romaine	1.4510574374325473
BSV_GRANDES_CULTURES_2017_No5_cle8b8eff	pommier	1.3077380569105366
BSV_GRANDES_CULTURES_2018_No38_cle0b961f	colza de printemps	5.143089451284202
BSV_GRANDES_CULTURES_2018_No38_cle0b961f	culture industrielle	4.191137979328398
BSV_GRANDES_CULTURES_2018_No38_cle0b961f	jardins familiaux	4.067152026011382
BSV_GRANDES_CULTURES_2018_No38_cle0b961f	oignon	3.469712589444002
BSV_GRANDES_CULTURES_2018_No38_cle0b961f	pomme de terre	3.1663447451799227
BSV_GRANDES_CULTURES_2018_No38_cle0b961f	blé	2.6719387867387017
BSV_GRANDES_CULTURES_2018_No38_cle0b961f	grande culture	2.4221960142356487
BSV_GRANDES_CULTURES_2018_No38_cle0b961f	céréale	2.323424488069665
BSV_GRANDES_CULTURES_2018_No38_cle0b961f	chou	2.2990033272763335
BSV_GRANDES_CULTURES_2018_No38_cle0b961f	culture légumière	2.1867440542233862
BSV_GRANDES_CULTURES_2018_No38_cle0b961f	colza	2.107580723093849
BSV_GRANDES_CULTURES_2018_No38_cle0b961f	arboriculture	1.8103372907914919
BSV_GRANDES_CULTURES_2018_No38_cle0b961f	pommier	1.3701408693929373
BSV_Grandes_Cultures_Lin__Oleagineux_n19_NR_02052018_cle06c988	lin oléagineux	6.31320808323777
BSV_Grandes_Cultures_Lin__Oleagineux_n19_NR_02052018_cle06c988	lin oléagineux de printemps	5.645697160671911
BSV_Grandes_Cultures_Lin__Oleagineux_n19_NR_02052018_cle06c988	lin oléagineux d'hiver	5.552304859160071
BSV_Grandes_Cultures_Lin__Oleagineux_n19_NR_02052018_cle06c988	lin	5.502191850749518
BSV_Grandes_Cultures_Lin__Oleagineux_n19_NR_02052018_cle06c988	oléagineux	5.279871772504077
BSV_Grandes_Cultures_Lin__Oleagineux_n19_NR_02052018_cle06c988	lin fibre de printemps	3.2284513876514436
BSV_Grandes_Cultures_Lin__Oleagineux_n19_NR_02052018_cle06c988	floriculture	1.7920251298625451
BSV_Grandes_Cultures_Lin__Oleagineux_n2_NR_17102017_cle4cd66c	lin oléagineux	6.4524783863598065
BSV_Grandes_Cultures_Lin__Oleagineux_n2_NR_17102017_cle4cd66c	lin oléagineux d'hiver	5.99630779118746
BSV_Grandes_Cultures_Lin__Oleagineux_n2_NR_17102017_cle4cd66c	lin	5.516246470127679
BSV_Grandes_Cultures_Lin__Oleagineux_n2_NR_17102017_cle4cd66c	oléagineux	5.396346523931089
BSV_Grandes_Cultures_Lin__Oleagineux_n2_NR_17102017_cle4cd66c	colza	1.3069628215019038
BSV_JEVI_4_24_juillet_2019_cle4fa1b8	palmier	7.8953352595790545
BSV_JEVI_4_24_juillet_2019_cle4fa1b8	grenadille	5.881516585656053
BSV_JEVI_4_24_juillet_2019_cle4fa1b8	chêne	5.4204242982471085
BSV_JEVI_4_24_juillet_2019_cle4fa1b8	arboriculture fruitière tropicale	5.220061915967078
BSV_JEVI_4_24_juillet_2019_cle4fa1b8	bananier	4.781387170301506
BSV_JEVI_4_24_juillet_2019_cle4fa1b8	horticulture ornementale	4.4828996087858695
BSV_JEVI_4_24_juillet_2019_cle4fa1b8	culture tropicale	4.186264745946466
BSV_JEVI_4_24_juillet_2019_cle4fa1b8	laurier	3.963941577088737
BSV_JEVI_4_24_juillet_2019_cle4fa1b8	abricotier	3.772171396911677
BSV_JEVI_4_24_juillet_2019_cle4fa1b8	melon	3.772171396911677
BSV_JEVI_4_24_juillet_2019_cle4fa1b8	cerisier	3.39249485415941
BSV_JEVI_4_24_juillet_2019_cle4fa1b8	vigne	3.350016648707746
BSV_JEVI_4_24_juillet_2019_cle4fa1b8	tomate	3.28529204818116
BSV_JEVI_4_24_juillet_2019_cle4fa1b8	poivron	3.189731076330219
BSV_JEVI_4_24_juillet_2019_cle4fa1b8	culture industrielle	3.073967691187092
BSV_JEVI_4_24_juillet_2019_cle4fa1b8	rosier ornemental	2.771049452430891
BSV_JEVI_4_24_juillet_2019_cle4fa1b8	poirier	2.771049452430891
BSV_JEVI_4_24_juillet_2019_cle4fa1b8	zone non agricole	2.6541821074672987
BSV_JEVI_4_24_juillet_2019_cle4fa1b8	culture légumière	2.028981956459662
BSV_JEVI_4_24_juillet_2019_cle4fa1b8	arboriculture fruitière	1.6228609505385763
BSV_LIN_FIBRE_2020_No6_cle0365b1	lin	5.379471546470688
BSV_Legumes_082019_cle841c8f-1	navet potager	5.7883931672405815
BSV_Legumes_082019_cle841c8f-1	oignon	4.875877548266858
BSV_Legumes_082019_cle841c8f-1	haricot	3.7709634047809875
BSV_Legumes_082019_cle841c8f-1	échalote	3.5885292499095467
BSV_Legumes_082019_cle841c8f-1	céleri	3.566208871593375
BSV_Legumes_082019_cle841c8f-1	poireau	3.5587824534342207
BSV_Legumes_082019_cle841c8f-1	pois	3.5178417918086726
BSV_Legumes_082019_cle841c8f-1	haricot vert	3.431083641402519
BSV_Legumes_082019_cle841c8f-1	chou	3.275440798796327
BSV_Legumes_082019_cle841c8f-1	chou pommé	3.142748030067014
BSV_Legumes_082019_cle841c8f-1	ail	2.9259121290045793
BSV_Legumes_082019_cle841c8f-1	scorsonère	2.9259121290045793
BSV_Legumes_082019_cle841c8f-1	culture légumière	2.4325993092823675
BSV_Legumes_082019_cle841c8f-1	radis	2.3683825567166443
BSV_Legumes_082019_cle841c8f-1	tomate	1.7069340533811992
BSV_Legumes_082019_cle841c8f-1	laitue romaine	1.4343964901258355
BSV_Legumes_082019_cle841c8f-1	pomme de terre	1.4206518746421553
BSV_Legumes_082019_cle841c8f-1	pommier	0.5781214761002641
BSV_Legumes_322019_2__cle44e13b	haricot vert	6.026958019498923
BSV_Legumes_322019_2__cle44e13b	haricot	5.863786096925661
BSV_Legumes_322019_2__cle44e13b	scorsonère	5.139586035578238
BSV_Legumes_322019_2__cle44e13b	poireau	4.002433384765922
BSV_Legumes_322019_2__cle44e13b	pois	3.8579432359731274
BSV_Legumes_322019_2__cle44e13b	oignon	3.549129210787982
BSV_Legumes_322019_2__cle44e13b	chou	2.8150578507407027
BSV_Legumes_322019_2__cle44e13b	culture légumière	2.660311805309851
BSV_Lin_09_cle07fbd6	lin oléagineux	6.460331816136786
BSV_Lin_09_cle07fbd6	lin oléagineux d'hiver	6.012609613203125
BSV_Lin_09_cle07fbd6	lin	5.520362392844154
BSV_Lin_09_cle07fbd6	oléagineux	5.4029145162497505
BSV_Lin_bilan_cle8a2881	lin fibre de printemps	6.369384468145997
BSV_Lin_bilan_cle8a2881	lin oléagineux	6.0355412387826295
BSV_Lin_bilan_cle8a2881	lin	5.5052509679216755
BSV_Lin_bilan_cle8a2881	lin oléagineux d'hiver	5.230438521297031
BSV_Lin_bilan_cle8a2881	oléagineux	5.086802683741645
BSV_Lin_bilan_cle8a2881	lin oléagineux de printemps	2.91116577781623
BSV_Lin_bilan_cle8a2881	floriculture	1.8785133503081974
BSV_Lin_bilan_cle8a2881	céréale	1.0375497438349517
BSV_MARAICHAGE_2018-17_cle04f12d	persil	4.5933736967574195
BSV_MARAICHAGE_2018-17_cle04f12d	poireau	3.9281302151698045
BSV_MARAICHAGE_2018-17_cle04f12d	laitue	3.7431709356952987
BSV_MARAICHAGE_2018-17_cle04f12d	culture industrielle	3.7431709356952987
BSV_MARAICHAGE_2018-17_cle04f12d	artichaut	3.489544075857659
BSV_MARAICHAGE_2018-17_cle04f12d	chou	3.3519431218829174
BSV_MARAICHAGE_2018-17_cle04f12d	pomme de terre	2.631918151672047
BSV_MARAICHAGE_2018-17_cle04f12d	culture légumière	2.287682286252362
BSV_MARAICHAGE_2018-17_cle04f12d	grande culture	2.0133694116785876
BSV_MARAICHAGE_2018-17_cle04f12d	arboriculture	1.9530153452225716
BSV_MARAICHAGE_2018-17_cle04f12d	pommier	1.330568704423571
BSV_MARAICHAGE_2019_07_cle0cc493	moutarde	6.140929860248124
BSV_MARAICHAGE_2019_07_cle0cc493	persil	3.938548779368085
BSV_MARAICHAGE_2019_07_cle0cc493	cerfeuil	3.9114270765488266
BSV_MARAICHAGE_2019_07_cle0cc493	poivron	3.833105571130531
BSV_MARAICHAGE_2019_07_cle0cc493	bananier	3.582725174997414
BSV_MARAICHAGE_2019_07_cle0cc493	tomate	3.549323569406998
BSV_MARAICHAGE_2019_07_cle0cc493	pomme de terre	3.4414343507818486
BSV_MARAICHAGE_2019_07_cle0cc493	culture fruitière	3.335532770723417
BSV_MARAICHAGE_2019_07_cle0cc493	céleri	3.3304190386147994
BSV_MARAICHAGE_2019_07_cle0cc493	laitue	3.209549732510559
BSV_MARAICHAGE_2019_07_cle0cc493	culture tropicale	3.1367959883409307
BSV_MARAICHAGE_2019_07_cle0cc493	haricot	2.9702077607656348
BSV_MARAICHAGE_2019_07_cle0cc493	chou	2.9578378283449487
BSV_MARAICHAGE_2019_07_cle0cc493	plante aromatique	2.82651309060764
BSV_MARAICHAGE_2019_07_cle0cc493	melon	2.82651309060764
BSV_MARAICHAGE_2019_07_cle0cc493	culture industrielle	2.3033444149326647
BSV_MARAICHAGE_2019_07_cle0cc493	culture légumière	2.2699827742010843
BSV_MARAICHAGE_2019_07_cle0cc493	oranger	2.2227010331437995
BSV_MARAICHAGE_2019_07_cle0cc493	artichaut	2.1472761986743487
BSV_MARAICHAGE_2019_07_cle0cc493	arboriculture fruitière	1.541576675506766
BSV_MARAICHAGE_2019_07_cle0cc493	pommier	1.4172430262987192
BSV_MARAICHAGE_2019_07_cle0cc493	grande culture	1.2389183580590934
BSV_MARAICHAGE_2019_07_cle0cc493	arboriculture	1.2017797383491933
BSV_MARAICHAGE_2019_07_cle0cc493	colza	0.961231519238573
BSV_MARAICHAGE_Nord_NA_24_20201021_cle8b8312	céleri	5.115459301773606
BSV_MARAICHAGE_Nord_NA_24_20201021_cle8b8312	oranger	4.360033627807526
BSV_MARAICHAGE_Nord_NA_24_20201021_cle8b8312	radis	4.098559862933869
BSV_MARAICHAGE_Nord_NA_24_20201021_cle8b8312	poireau	4.026658337807623
BSV_MARAICHAGE_Nord_NA_24_20201021_cle8b8312	chou	3.2945855799403096
BSV_MARAICHAGE_Nord_NA_24_20201021_cle8b8312	tomate	2.9539026032863176
BSV_MARAICHAGE_Nord_NA_24_20201021_cle8b8312	zone non agricole	2.3864531134101745
BSV_MARAICHAGE_Nord_NA_24_20201021_cle8b8312	culture légumière	2.357402095147728
BSV_MARAICHAGE_Nord_NA_24_20201021_cle8b8312	laitue romaine	1.7150596160124396
BSV_NA_CHATAIGNIER_GSO_09_20190919_cle868eba	châtaignier	9.784168986089169
BSV_NA_CULTURES_LEGUMIERES-Nord_NA__20_20170830_cle02661b	melon	6.040139936973307
BSV_NA_CULTURES_LEGUMIERES-Nord_NA__20_20170830_cle02661b	radis	5.278644118865835
BSV_NA_CULTURES_LEGUMIERES-Nord_NA__20_20170830_cle02661b	céleri	5.240465517968905
BSV_NA_CULTURES_LEGUMIERES-Nord_NA__20_20170830_cle02661b	tomate	4.110511552371346
BSV_NA_CULTURES_LEGUMIERES-Nord_NA__20_20170830_cle02661b	poireau	3.861060459131825
BSV_NA_CULTURES_LEGUMIERES-Nord_NA__20_20170830_cle02661b	betterave	3.2346145071715866
BSV_NA_CULTURES_LEGUMIERES-Nord_NA__20_20170830_cle02661b	laitue romaine	2.208870837154938
BSV_NA_CULTURES_LEGUMIERES-Nord_NA__20_20170830_cle02661b	culture légumière	1.8103372907914919
BSV_NA_CULTURES__LEGUMIERES-Nord_Nouvelle_Aquitaine_n_28_cle424df5	melon	5.524945773055398
BSV_NA_CULTURES__LEGUMIERES-Nord_Nouvelle_Aquitaine_n_28_cle424df5	céleri	5.30465844824161
BSV_NA_CULTURES__LEGUMIERES-Nord_Nouvelle_Aquitaine_n_28_cle424df5	poireau	3.8606302300171356
BSV_NA_CULTURES__LEGUMIERES-Nord_Nouvelle_Aquitaine_n_28_cle424df5	tomate	3.3100568259403844
BSV_NA_CULTURES__LEGUMIERES-Nord_Nouvelle_Aquitaine_n_28_cle424df5	laitue romaine	1.9218456229940943
BSV_NA_GC_AQUITAINE_N09_20190404_cle0279a3	triticale	4.6617147551087195
BSV_NA_GC_AQUITAINE_N09_20190404_cle0279a3	blé tendre	3.5507260165607892
BSV_NA_GC_AQUITAINE_N09_20190404_cle0279a3	blé dur	3.4677081167712718
BSV_NA_GC_AQUITAINE_N09_20190404_cle0279a3	céréale à paille	3.4167867920501327
BSV_NA_GC_AQUITAINE_N09_20190404_cle0279a3	orge	3.271640927427675
BSV_NA_GC_AQUITAINE_N09_20190404_cle0279a3	blé	2.7525962411977325
BSV_NA_GC_AQUITAINE_N09_20190404_cle0279a3	colza de printemps	2.735772884524262
BSV_NA_GC_AQUITAINE_N09_20190404_cle0279a3	prairie	2.6132732681629203
BSV_NA_GC_AQUITAINE_N09_20190404_cle0279a3	soja	2.6132732681629203
BSV_NA_GC_AQUITAINE_N09_20190404_cle0279a3	grande culture	2.6073473335513397
BSV_NA_GC_AQUITAINE_N09_20190404_cle0279a3	oléagineux	2.404302674431843
BSV_NA_GC_AQUITAINE_N09_20190404_cle0279a3	blé tendre d'hiver	2.313357180613001
BSV_NA_GC_AQUITAINE_N09_20190404_cle0279a3	céréale	2.183578392416976
BSV_NA_GC_AQUITAINE_N09_20190404_cle0279a3	floriculture	2.073407743955602
BSV_NA_GC_AQUITAINE_N09_20190404_cle0279a3	colza	2.010897260541966
BSV_NA_GC_AQUITAINE_N09_20190404_cle0279a3	tournesol	1.9448894920679
BSV_NA_GC_AQUITAINE_N09_20190404_cle0279a3	culture légumière	1.6367725769398638
BSV_NA_GC_AQUITAINE_N09_20190404_cle0279a3	maïs	1.4771820429050364
BSV_NA_GC_Aquitaine_N5_20180322_cle4a4445	blé dur	3.988527687519355
BSV_NA_GC_Aquitaine_N5_20180322_cle4a4445	triticale	3.8793597917657574
BSV_NA_GC_Aquitaine_N5_20180322_cle4a4445	céréale à paille	3.645105425593551
BSV_NA_GC_Aquitaine_N5_20180322_cle4a4445	blé tendre	3.521509544947197
BSV_NA_GC_Aquitaine_N5_20180322_cle4a4445	prairie	3.005764162996162
BSV_NA_GC_Aquitaine_N5_20180322_cle4a4445	oléagineux	2.765408005295726
BSV_NA_GC_Aquitaine_N5_20180322_cle4a4445	grande culture	2.6308552768455864
BSV_NA_GC_Aquitaine_N5_20180322_cle4a4445	blé	2.5675336372289412
BSV_NA_GC_Aquitaine_N5_20180322_cle4a4445	orge	2.5025655035344996
BSV_NA_GC_Aquitaine_N5_20180322_cle4a4445	floriculture	2.492478503493346
BSV_NA_GC_Aquitaine_N5_20180322_cle4a4445	céréale	2.4188351662205205
BSV_NA_GC_Aquitaine_N5_20180322_cle4a4445	colza	2.1063466913165887
BSV_NA_GC_Aquitaine_N5_20180322_cle4a4445	maïs	1.699041926031216
BSV_NA_GC_Aquitaine_N5_20180322_cle4a4445	chou	1.699041926031216
BSV_NA_PETITS_FRUITS_05_20190313-1_cle8c1a16	petit fruit	6.270958573448957
BSV_NA_PETITS_FRUITS_05_20190313-1_cle8c1a16	rosier	4.909693633651467
BSV_NA_PETITS_FRUITS_05_20190313-1_cle8c1a16	melon	4.67216923667713
BSV_NA_PETITS_FRUITS_05_20190313-1_cle8c1a16	fraisier	4.652706422126972
BSV_NA_PETITS_FRUITS_05_20190313-1_cle8c1a16	rosier ornemental	3.991955789360277
BSV_NA_PETITS_FRUITS_05_20190313-1_cle8c1a16	artichaut	3.549404328404699
BSV_NA_PETITS_FRUITS_05_20190313-1_cle8c1a16	pomme de terre	3.1136763238360814
BSV_NA_PETITS_FRUITS_05_20190313-1_cle8c1a16	pommier	1.2670825165299402
BSV_NA_POMMIER_NORD_18_20170719_cle4a8443	attier	6.456924888895697
BSV_NA_POMMIER_NORD_18_20170719_cle4a8443	pâtisson 	4.945748840981458
BSV_NA_POMMIER_NORD_18_20170719_cle4a8443	mangoustanier	4.651072614216223
BSV_NA_POMMIER_NORD_18_20170719_cle4a8443	oranger	3.2957017106850577
BSV_NA_POMMIER_NORD_18_20170719_cle4a8443	artichaut	3.183865817201211
BSV_NA_POMMIER_NORD_18_20170719_cle4a8443	zone non agricole	2.833280997909241
BSV_NA_POMMIER_NORD_18_20170719_cle4a8443	arboriculture fruitière	2.1301622011238
BSV_NA_POMMIER_NORD_18_20170719_cle4a8443	laitue romaine	1.6752150676742281
BSV_NA_POMMIER_NORD_18_20170719_cle4a8443	pommier	1.463752522652534
BSV_NA_POMMIER_POIRIER_LIMOUSIN_01_20200124_cle837b7a	arboriculture fruitière	2.0396252830461963
BSV_NA_POMMIER_POIRIER_LIMOUSIN_01_20200124_cle837b7a	pommier	1.4655629195771076
BSV_NA_POMMIER_POIRIER_Sud_18_20180726_cle8d7184	petit fruit	4.355258427491163
BSV_NA_POMMIER_POIRIER_Sud_18_20180726_cle8d7184	arboriculture fruitière	2.0939614158198845
BSV_NA_POMMIER_POIRIER_Sud_18_20180726_cle8d7184	laitue romaine	2.0839441170481097
BSV_NA_POMMIER_POIRIER_Sud_18_20180726_cle8d7184	pommier	1.4823683092164608
BSV_NA_POMMIER_POIRIER_Sud_8_20190404_cle0177e8	culture légumière	2.3495866965591703
BSV_NA_POMMIER_POIRIER_Sud_8_20190404_cle0177e8	arboriculture fruitière	2.0305009683307507
BSV_NA_POMMIER_POIRIER_Sud_8_20190404_cle0177e8	floriculture	1.9820529524578077
BSV_NA_POMMIER_POIRIER_Sud_8_20190404_cle0177e8	pommier	1.48614052582007
BSV_NA_VIGNE_CHARENTE_03_20170419_cle86a6e5	vigne	3.749555130375702
BSV_NA_VIGNE_Limousin_06_20180515_cle841333	vigne	3.72532497159861
BSV_NA_VIGNE_Limousin_18_20180807_cle8eb5f7	vigne	3.7228649926198267
BSV_NA_VIGNE_Limousin_18_20180807_cle8eb5f7	rosier ornemental	3.5962983560481
BSV_NA_VIGNE_Limousin_18_20180807_cle8eb5f7	laitue romaine	1.9568411802272752
BSV_NA_VIGNE_Sud_Aquitaine_17_20190716_cle841a78	vigne	3.7615772508105696
BSV_NA_VIGNE_Sud_Aquitaine_17_20190716_cle841a78	laitue romaine	1.9051398685445218
BSV_Olivier_20200902_N13_cle8395b6	olivier fruit à noyaux	8.608312021514347
BSV_Olivier_20200902_N13_cle8395b6	arboriculture fruitière	2.1333974719948308
BSV_Ornement_Normandie_n-09-2017_cle03389c	horticulture ornementale	5.127924480348565
BSV_Ornement_Normandie_n-09-2017_cle03389c	chêne	4.592726258386577
BSV_Ornement_Normandie_n-09-2017_cle03389c	cerisier	3.4180677347071473
BSV_Ornement_Normandie_n-09-2017_cle03389c	culture légumière	2.3491021172339908
BSV_Ornement_Normandie_n-09-2017_cle03389c	pommier	1.3556297972473237
BSV_PETITS_FRUITS_NA_01_20200114_cle04ef97	petit fruit	6.178698797039814
BSV_PETITS_FRUITS_NA_01_20200114_cle04ef97	rosier	5.03096783589454
BSV_PETITS_FRUITS_NA_01_20200114_cle04ef97	melon	4.787576355573313
BSV_PETITS_FRUITS_NA_01_20200114_cle04ef97	fraisier	4.564071785168208
BSV_PETITS_FRUITS_NA_01_20200114_cle04ef97	rosier ornemental	4.0487126205351895
BSV_PETITS_FRUITS_NA_01_20200114_cle04ef97	artichaut	3.6370780633634427
BSV_PETITS_FRUITS_NA_01_20200114_cle04ef97	pomme de terre	3.157945952752389
BSV_PETITS_FRUITS_NA_01_20200114_cle04ef97	pommier	1.285097643016824
BSV_Presentation_du_reseau_2018_cle4a84c9	culture fruitière	7.228653806468584
BSV_Presentation_du_reseau_2018_cle4a84c9	abricotier	4.386894317205663
BSV_Presentation_du_reseau_2018_cle4a84c9	cerisier	3.979209533432278
BSV_Presentation_du_reseau_2018_cle4a84c9	arboriculture	2.3798840356109747
BSV_Presentation_du_reseau_2018_cle4a84c9	arboriculture fruitière	2.123218987943064
BSV_Presentation_du_reseau_2018_cle4a84c9	pommier	1.416826605884969
BSV_RA_ARBO_no19du19062018_cle4af8d5-1	culture fruitière	6.56308664732896
BSV_RA_ARBO_no19du19062018_cle4af8d5-1	abricotier	5.166199270020394
BSV_RA_ARBO_no19du19062018_cle4af8d5-1	arbre fruitier à noyau	4.069871592520993
BSV_RA_ARBO_no19du19062018_cle4af8d5-1	gel	3.9030653871933434
BSV_RA_ARBO_no19du19062018_cle4af8d5-1	cerisier	3.232328857444219
BSV_RA_ARBO_no19du19062018_cle4af8d5-1	arboriculture fruitière tropicale	3.070484775840233
BSV_RA_ARBO_no19du19062018_cle4af8d5-1	céréale à paille	2.3715147904406146
BSV_RA_ARBO_no19du19062018_cle4af8d5-1	tournesol	2.3512916711217398
BSV_RA_ARBO_no19du19062018_cle4af8d5-1	zone non agricole	2.0397260533666635
BSV_RA_ARBO_no19du19062018_cle4af8d5-1	arboriculture fruitière	2.0340219347560566
BSV_RA_ARBO_no19du19062018_cle4af8d5-1	prunier	2.020804732324001
BSV_RA_ARBO_no19du19062018_cle4af8d5-1	miscanthus	1.6960033037101965
BSV_RA_ARBO_no19du19062018_cle4af8d5-1	artichaut	1.6856197874896957
BSV_RA_ARBO_no19du19062018_cle4af8d5-1	poirier	1.6299548345899593
BSV_RA_ARBO_no19du19062018_cle4af8d5-1	plante aromatique	1.3380249127409376
BSV_RA_ARBO_no19du19062018_cle4af8d5-1	pommier	1.2470766954453525
BSV_RA_ARBO_no19du19062018_cle4af8d5-1	arboriculture	1.2086020806742341
BSV_RA_ARBO_no19du19062018_cle4af8d5-1	horticulture ornementale	1.090365447109978
BSV_RA_ARBO_no19du19062018_cle4af8d5-1	floriculture	0.6228648621437031
BSV_RA_ARBO_no19du19062018_cle4af8d5-1	céréale	0.604461555132649
BSV_RA_ARBO_no19du19062018_cle4af8d5-1	laitue romaine	0.5348314322880064
BSV_Tomate_d_industrie_no3_cle4bdce9-2	mangoustanier	5.537058975122477
BSV_Tomate_d_industrie_no3_cle4bdce9-2	plante aromatique	4.989348919987583
BSV_Tomate_d_industrie_no3_cle4bdce9-2	laitue romaine	1.9943280604508686
BSV_ZNA-PO_20190527_N2_cle048919	palmier	7.594974405995286
BSV_ZNA-PO_20190527_N2_cle048919	laurier	6.200768542953733
BSV_ZNA-PO_20190527_N2_cle048919	rosier	5.8452617370738995
BSV_ZNA-PO_20190527_N2_cle048919	horticulture ornementale	4.882831092289518
BSV_ZNA-PO_20190527_N2_cle048919	rosier ornemental	4.334734995822565
BSV_ZNA-PO_20190527_N2_cle048919	zone non agricole	3.0938164480017494
BSV_ZNA-PO_20190527_N2_cle048919	laitue romaine	2.306049193576657
BSV_ZNA-PO_20190527_N2_cle048919	arboriculture fruitière	1.9619721853422316
BSV_ZNA_2018_N09_cle4f1dfc	céréale à paille	3.6489953536084143
BSV_ZNA_2018_N09_cle4f1dfc	vigne	2.9455224941094245
BSV_ZNA_n_04_du_29_avril_2011_cle8fd486	palmier	7.989120698105286
BSV_ZNA_n_04_du_29_avril_2011_cle8fd486	pâtisson 	5.624557394796523
BSV_ZNA_n_04_du_29_avril_2011_cle8fd486	horticulture ornementale	3.884025057551157
BSV_ZNA_n_04_du_29_avril_2011_cle8fd486	zone non agricole	3.4057843552453946
BSV_ZNA_n_05_du_31_mai_2013_cle0dcf4b	rosier	6.25652348489444
BSV_ZNA_n_05_du_31_mai_2013_cle0dcf4b	chêne	4.552803719235291
BSV_ZNA_n_05_du_31_mai_2013_cle0dcf4b	zone non agricole	3.47168715920807
BSV_ZNA_n_05_du_31_mai_2013_cle0dcf4b	culture légumière	2.463262325785927
BSV_ZNA_n_05_du_31_mai_2013_cle0dcf4b	arboriculture fruitière	1.9702157659529131
BSV_ZNA_n_13_du_21_septembre_2012_cle82a3a6	rosier	6.487453183844002
BSV_ZNA_n_13_du_21_septembre_2012_cle82a3a6	chêne	4.552803719235291
BSV_ZNA_n_13_du_21_septembre_2012_cle82a3a6	zone non agricole	3.4057843552453946
BSV_ZNA_n_13_du_21_septembre_2012_cle82a3a6	culture légumière	2.463262325785927
BSV_ZNA_n_13_du_21_septembre_2012_cle82a3a6	arboriculture fruitière	1.9702157659529131
BSV_arbo_27_cle4dff21	mangoustanier	5.378013051749295
BSV_arbo_27_cle4dff21	arboriculture	2.632921296407481
BSV_arbo_27_cle4dff21	arboriculture fruitière	2.06761762438281
BSV_arbo_27_cle4dff21	pommier	1.359930439176884
BSV_arboriculture_25_du_23_05_19_cle077bda	cerisier	4.111979929789409
BSV_arboriculture_25_du_23_05_19_cle077bda	poirier	2.8146748746819052
BSV_arboriculture_25_du_23_05_19_cle077bda	horticulture ornementale	2.5912710107600225
BSV_arboriculture_25_du_23_05_19_cle077bda	arboriculture	2.5115307237475766
BSV_arboriculture_25_du_23_05_19_cle077bda	mangoustanier	2.3365941879255
BSV_arboriculture_25_du_23_05_19_cle077bda	arboriculture fruitière	2.0601282197633553
BSV_arboriculture_25_du_23_05_19_cle077bda	jardins familiaux	2.011188627675373
BSV_arboriculture_25_du_23_05_19_cle077bda	fraisier	1.6556863547529288
BSV_arboriculture_25_du_23_05_19_cle077bda	oranger	1.6556863547529288
BSV_arboriculture_25_du_23_05_19_cle077bda	floriculture	1.4802483563395796
BSV_arboriculture_25_du_23_05_19_cle077bda	pommier	1.4125026898406325
BSV_arboriculture_31_du_20_06_19_cle016821	cerisier	4.086386217553618
BSV_arboriculture_31_du_20_06_19_cle016821	poirier	3.2332541662284084
BSV_arboriculture_31_du_20_06_19_cle016821	mangoustanier	2.9705679423107165
BSV_arboriculture_31_du_20_06_19_cle016821	arboriculture	2.558134652543552
BSV_arboriculture_31_du_20_06_19_cle016821	jardins familiaux	2.5568720893791905
BSV_arboriculture_31_du_20_06_19_cle016821	fraisier	2.104913567518963
BSV_arboriculture_31_du_20_06_19_cle016821	oranger	2.104913567518963
BSV_arboriculture_31_du_20_06_19_cle016821	arboriculture fruitière	2.073772466189194
BSV_arboriculture_31_du_20_06_19_cle016821	pommier	1.4352973184246256
BSV_arboriculture_31_du_20_06_19_cle016821	floriculture	1.246045350997363
BSV_bilan_ble_campagne_2014_2015_cle037c1e	blé tendre	4.601425546004245
BSV_bilan_ble_campagne_2014_2015_cle037c1e	blé tendre d'hiver	4.129802877032187
BSV_bilan_ble_campagne_2014_2015_cle037c1e	oranger	3.07778588543355
BSV_bilan_ble_campagne_2014_2015_cle037c1e	blé	2.9306633586167523
BSV_bilan_ble_campagne_2014_2015_cle037c1e	céréale	2.518413111942091
BSV_bilan_ble_campagne_2014_2015_cle037c1e	colza	1.6609007165424496
BSV_bilan_cereales_Normandie_R2015_V2_cle0e2acd	orge d'hiver	5.264642410327729
BSV_bilan_cereales_Normandie_R2015_V2_cle0e2acd	culture fourragère	5.03096783589454
BSV_bilan_cereales_Normandie_R2015_V2_cle0e2acd	blé tendre d'hiver	4.660438107130291
BSV_bilan_cereales_Normandie_R2015_V2_cle0e2acd	blé tendre	4.379812504854423
BSV_bilan_cereales_Normandie_R2015_V2_cle0e2acd	oranger	3.7648334080419787
BSV_bilan_cereales_Normandie_R2015_V2_cle0e2acd	orge	3.4264222652735463
BSV_bilan_cereales_Normandie_R2015_V2_cle0e2acd	blé	2.821592301048454
BSV_bilan_cereales_Normandie_R2015_V2_cle0e2acd	maïs	2.585054432513481
BSV_ge_legumes_no11_du_01-07-20_cle497eed	Chou cabus blanc	7.544939124366186
BSV_ge_legumes_no11_du_01-07-20_cle497eed	chou de Milan	4.276575055031154
BSV_ge_legumes_no11_du_01-07-20_cle497eed	laitue	3.804883297081842
BSV_ge_legumes_no11_du_01-07-20_cle497eed	asperge	3.769689488375084
BSV_ge_legumes_no11_du_01-07-20_cle497eed	chou pommé	3.476647698456936
BSV_ge_legumes_no11_du_01-07-20_cle497eed	chou	3.305127937619488
BSV_ge_legumes_no11_du_01-07-20_cle497eed	céleri	2.872320896768036
BSV_ge_legumes_no11_du_01-07-20_cle497eed	pomme de terre	2.7726715857494164
BSV_ge_legumes_no11_du_01-07-20_cle497eed	chou chinois	2.7108422070634006
BSV_ge_legumes_no11_du_01-07-20_cle497eed	chou frisé	2.7108422070634006
BSV_ge_legumes_no11_du_01-07-20_cle497eed	chou cabus rouge	2.7108422070634006
BSV_ge_legumes_no11_du_01-07-20_cle497eed	culture légumière	2.45553636016479
BSV_ge_legumes_no11_du_01-07-20_cle497eed	chou de Bruxelles	2.4059719902514485
BSV_ge_legumes_no11_du_01-07-20_cle497eed	poivron	2.3193209021223717
BSV_ge_legumes_no11_du_01-07-20_cle497eed	tomate	1.8882863950053843
BSV_ge_legumes_no11_du_01-07-20_cle497eed	laitue batavia	1.82701518851655
BSV_ge_legumes_no11_du_01-07-20_cle497eed	courgette	1.82701518851655
BSV_ge_legumes_no11_du_01-07-20_cle497eed	radis	1.6607762121855731
BSV_ge_legumes_no11_du_01-07-20_cle497eed	artichaut	1.3208187927927477
BSV_ge_legumes_no11_du_01-07-20_cle497eed	pommier	1.1611815150753597
BSV_ge_legumes_no11_du_01-07-20_cle497eed	colza	0.9327713362908059
BSV_ge_legumes_no11_du_01-07-20_cle497eed	blé	0.8093492384060929
BSV_ge_legumes_no11_du_01-07-20_cle497eed	laitue romaine	0.6949587923585103
BSV_legumes_03_cle872d86	persil	5.114459921922299
BSV_legumes_03_cle872d86	radis	4.730909313045607
BSV_legumes_03_cle872d86	oignon	4.602102881852444
BSV_legumes_03_cle872d86	céleri	4.527131719045899
BSV_legumes_03_cle872d86	pomme de terre potagère	4.304835638239254
BSV_legumes_03_cle872d86	laitue batavia	4.07621543417028
BSV_legumes_03_cle872d86	laitue	3.869072969347265
BSV_legumes_03_cle872d86	navet potager	3.8105195065939332
BSV_legumes_03_cle872d86	culture légumière de plein champ	3.350381754030059
BSV_legumes_03_cle872d86	laitue à couper	2.973586819565597
BSV_legumes_03_cle872d86	chêne	2.641754865454768
BSV_legumes_03_cle872d86	pois	2.5875738084014084
BSV_legumes_03_cle872d86	pomme de terre	2.2226030290567973
BSV_legumes_03_cle872d86	culture légumière	2.174571321530253
BSV_legumes_03_cle872d86	échalote	2.1488019352201206
BSV_legumes_03_cle872d86	chou	2.094475480602661
BSV_legumes_03_cle872d86	ail	1.5192771084083059
BSV_legumes_03_cle872d86	céleri-rave	1.428755963863547
BSV_legumes_03_cle872d86	poireau	1.3895583541546124
BSV_legumes_03_cle872d86	culture industrielle	1.0491332818260273
BSV_legumes_03_cle872d86	pommier	0.9596624543221184
BSV_legumes_03_du_03-04-19_cle4b43ee	échalote	5.627220054038126
BSV_legumes_03_du_03-04-19_cle4b43ee	oignon	5.095292675682591
BSV_legumes_03_du_03-04-19_cle4b43ee	pois	3.9283803605560816
BSV_legumes_03_du_03-04-19_cle4b43ee	fraisier	3.9044138222684985
BSV_legumes_03_du_03-04-19_cle4b43ee	lin	3.532235051227449
BSV_legumes_03_du_03-04-19_cle4b43ee	poireau	3.4840564232650943
BSV_legumes_03_du_03-04-19_cle4b43ee	chou	3.3026896888673547
BSV_legumes_03_du_03-04-19_cle4b43ee	culture légumière	2.1110555813689773
BSV_legumes_03_du_03-04-19_cle4b43ee	céréale	1.8157037124410969
BSV_legumes_05_cle827cb7-1	oignon	4.493740697856264
BSV_legumes_05_cle827cb7-1	persil	3.523040249181427
BSV_legumes_05_cle827cb7-1	pomme de terre potagère	3.3925146737423733
BSV_legumes_05_cle827cb7-1	radis	3.2309345760882024
BSV_legumes_05_cle827cb7-1	poireau	3.0544358114172145
BSV_legumes_05_cle827cb7-1	courgette	3.013031534162542
BSV_legumes_05_cle827cb7-1	cerfeuil	2.97203895799348
BSV_legumes_05_cle827cb7-1	échalote	2.6554311381660436
BSV_legumes_05_cle827cb7-1	laitue	2.630316133564776
BSV_legumes_05_cle827cb7-1	tomate	2.5138758302646673
BSV_legumes_05_cle827cb7-1	céleri	2.4245464095713714
BSV_legumes_05_cle827cb7-1	pois	2.256289506307007
BSV_legumes_05_cle827cb7-1	asperge	2.0418294168267264
BSV_legumes_05_cle827cb7-1	pomme de terre	1.9380455447743012
BSV_legumes_05_cle827cb7-1	laitue batavia	1.9333924177918709
BSV_legumes_05_cle827cb7-1	culture légumière	1.8911324548440889
BSV_legumes_05_cle827cb7-1	betterave potagère	1.7525418738561125
BSV_legumes_05_cle827cb7-1	betterave	1.128213005712789
BSV_legumes_05_cle827cb7-1	chou	0.9934320398039609
BSV_legumes_05_cle827cb7-1	floriculture	0.8564732743959839
BSV_legumes_05_cle827cb7-1	fraisier	0.8428171888994023
BSV_legumes_05_cle827cb7-1	pommier	0.7886701669095963
BSV_legumes_05_cle827cb7-1	céleri-rave	0.648212320102697
BSV_legumes_05_cle827cb7-1	lin	0.5133234532090744
BSV_legumes_05_cle827cb7-1	culture industrielle	0.47598129835303
BSV_legumes_05_cle827cb7-1	céréale	0.2638678587799291
BSV_legumes_05_cle827cb7-1	laitue romaine	0.23347196136414178
BSV_legumes_12_du_22-07-20__cle0bb819	betterave potagère	5.399157921288092
BSV_legumes_12_du_22-07-20__cle0bb819	échalote	5.368014269593389
BSV_legumes_12_du_22-07-20__cle0bb819	haricot	5.10967047183044
BSV_legumes_12_du_22-07-20__cle0bb819	scorsonère	4.915210033780694
BSV_legumes_12_du_22-07-20__cle0bb819	courgette	4.807813882137662
BSV_legumes_12_du_22-07-20__cle0bb819	oignon	4.6867879571275015
BSV_legumes_12_du_22-07-20__cle0bb819	poivron	4.291302299437845
BSV_legumes_12_du_22-07-20__cle0bb819	asperge	3.9196804296327334
BSV_legumes_12_du_22-07-20__cle0bb819	betterave	3.8553460562596684
BSV_legumes_12_du_22-07-20__cle0bb819	tomate	3.606314216585476
BSV_legumes_12_du_22-07-20__cle0bb819	légume racine	3.3567862516047318
BSV_legumes_12_du_22-07-20__cle0bb819	fraisier	3.275351546863583
BSV_legumes_12_du_22-07-20__cle0bb819	poireau	2.958640670463524
BSV_legumes_12_du_22-07-20__cle0bb819	chou	2.898462196901355
BSV_legumes_12_du_22-07-20__cle0bb819	poirée	2.862553826881153
BSV_legumes_12_du_22-07-20__cle0bb819	pois	2.778429073033121
BSV_legumes_12_du_22-07-20__cle0bb819	fève	2.5490319468118297
BSV_legumes_12_du_22-07-20__cle0bb819	petit fruit	2.4257131979829936
BSV_legumes_12_du_22-07-20__cle0bb819	pomme de terre	2.386538638508629
BSV_legumes_12_du_22-07-20__cle0bb819	maïs	1.9070819983783978
BSV_legumes_12_du_22-07-20__cle0bb819	rosier ornemental	1.7819368532745772
BSV_legumes_12_du_22-07-20__cle0bb819	culture légumière	1.77093143265601
BSV_legumes_12_du_22-07-20__cle0bb819	laitue romaine	1.4117835305598794
BSV_legumes_12_du_22-07-20__cle0bb819	pommier	0.9711803891523073
BSV_legumes_12_du_26-06-19__cle047171	échalote	5.631624497169265
BSV_legumes_12_du_26-06-19__cle047171	oignon	5.012472409256894
BSV_legumes_12_du_26-06-19__cle047171	betterave potagère	4.753638892660922
BSV_legumes_12_du_26-06-19__cle047171	poivron	4.410925265210558
BSV_legumes_12_du_26-06-19__cle047171	légume à graines ou à gousses	4.232995476700595
BSV_legumes_12_du_26-06-19__cle047171	fraisier	4.102013617743303
BSV_legumes_12_du_26-06-19__cle047171	tomate	3.8770675118207514
BSV_legumes_12_du_26-06-19__cle047171	betterave	3.503532632216003
BSV_legumes_12_du_26-06-19__cle047171	pois	3.3166300548133503
BSV_legumes_12_du_26-06-19__cle047171	fève	3.0682288484960614
BSV_legumes_12_du_26-06-19__cle047171	chou	2.9120080682730247
BSV_legumes_12_du_26-06-19__cle047171	cerisier	2.863695692239326
BSV_legumes_12_du_26-06-19__cle047171	pomme de terre	2.308089138182053
BSV_legumes_12_du_26-06-19__cle047171	rosier ornemental	2.144888794451408
BSV_legumes_12_du_26-06-19__cle047171	poireau	1.8881318786437145
BSV_legumes_12_du_26-06-19__cle047171	culture légumière	1.7127179666082495
BSV_legumes_12_du_26-06-19__cle047171	arboriculture fruitière	0.9929535288303356
BSV_legumes_12_du_26-06-19__cle047171	pommier	0.9392560720569935
BSV_legumes_15_cle8b2b14-1	courgette	4.527955994626538
BSV_legumes_15_cle8b2b14-1	oignon	4.25723956036322
BSV_legumes_15_cle8b2b14-1	céleri	3.2569036740685022
BSV_legumes_15_cle8b2b14-1	persil	2.9978894874179196
BSV_legumes_15_cle8b2b14-1	poireau	2.8260319820076614
BSV_legumes_15_cle8b2b14-1	poivron	2.5350017947884114
BSV_legumes_15_cle8b2b14-1	laitue	2.4430001864753264
BSV_legumes_15_cle8b2b14-1	tomate	2.439002405496342
BSV_legumes_15_cle8b2b14-1	échalote	2.2061693017950006
BSV_legumes_15_cle8b2b14-1	pomme de terre potagère	2.1627680035344086
BSV_legumes_15_cle8b2b14-1	haricot	2.047908226327183
BSV_legumes_15_cle8b2b14-1	légume à graines ou à gousses	2.047908226327183
BSV_legumes_15_cle8b2b14-1	scorsonère	1.9573281632152768
BSV_legumes_15_cle8b2b14-1	culture légumière	1.9491480353751667
BSV_legumes_15_cle8b2b14-1	asperge	1.8407071830113677
BSV_legumes_15_cle8b2b14-1	laitue batavia	1.742951336522555
BSV_legumes_15_cle8b2b14-1	pomme de terre	1.7177352158854233
BSV_legumes_15_cle8b2b14-1	pois	1.6249309413381985
BSV_legumes_15_cle8b2b14-1	betterave potagère	1.5681386225773777
BSV_legumes_15_cle8b2b14-1	cerfeuil anisé	1.4823889660973026
BSV_legumes_15_cle8b2b14-1	betterave	1.4805107742120474
BSV_legumes_15_cle8b2b14-1	céleri-rave	1.4747062249358034
BSV_legumes_15_cle8b2b14-1	culture industrielle	1.3516284212535346
BSV_legumes_15_cle8b2b14-1	chou	1.1912223030847924
BSV_legumes_15_cle8b2b14-1	pommier	0.6990168642175103
BSV_legumes_15_cle8b2b14-1	maïs	0.5133555293373164
BSV_legumes_15_cle8b2b14-1	jardins familiaux	0.4899574651925176
BSV_legumes_allium_pomme_de_terre_AURA_2020-9_cle0d26da	tabac	5.334022371848397
BSV_legumes_allium_pomme_de_terre_AURA_2020-9_cle0d26da	oignon	4.193070004672698
BSV_legumes_allium_pomme_de_terre_AURA_2020-9_cle0d26da	tomate	3.8413555353979008
BSV_legumes_allium_pomme_de_terre_AURA_2020-9_cle0d26da	courgette	3.642834023740809
BSV_legumes_allium_pomme_de_terre_AURA_2020-9_cle0d26da	pomme de terre	2.8028183612454725
BSV_legumes_allium_pomme_de_terre_AURA_2020-9_cle0d26da	ricin	2.797324510688025
BSV_legumes_allium_pomme_de_terre_AURA_2020-9_cle0d26da	poireau	2.7554813590122174
BSV_legumes_allium_pomme_de_terre_AURA_2020-9_cle0d26da	chou	2.715666079172071
BSV_legumes_allium_pomme_de_terre_AURA_2020-9_cle0d26da	culture légumière	2.5827463455406163
BSV_legumes_allium_pomme_de_terre_AURA_2020-9_cle0d26da	navet potager	2.1171866797504295
BSV_legumes_allium_pomme_de_terre_AURA_2020-9_cle0d26da	laitue batavia	1.8853013114964823
BSV_legumes_allium_pomme_de_terre_AURA_2020-9_cle0d26da	prairie	1.7137589170661993
BSV_legumes_allium_pomme_de_terre_AURA_2020-9_cle0d26da	jardins familiaux	1.7137589170661993
BSV_legumes_allium_pomme_de_terre_AURA_2020-9_cle0d26da	floriculture	1.613738605615166
BSV_legumes_allium_pomme_de_terre_AURA_2020-9_cle0d26da	laitue romaine	1.568425167931193
BSV_legumes_allium_pomme_de_terre_AURA_2020-9_cle0d26da	poivron	1.5170768954528986
BSV_legumes_allium_pomme_de_terre_AURA_2020-9_cle0d26da	laitue	1.4620183489054241
BSV_legumes_allium_pomme_de_terre_AURA_2020-9_cle0d26da	pommier	1.1727202464037543
BSV_legumes_allium_pomme_de_terre_AURA_2020-9_cle0d26da	colza	0.9560867739968502
BSV_legumes_allium_pomme_de_terre_AURA_2020-9_cle0d26da	céréale	0.8104932957607782
BSV_legumes_allium_pomme_de_terre_AURA_2020-9_cle0d26da	grande culture	0.7863875504398358
BSV_maraichage_no20_du_23_Octobre_2020_cle81e1d1	fraisier	4.644628075353014
BSV_maraichage_no20_du_23_Octobre_2020_cle81e1d1	poivron	4.580471608660976
BSV_maraichage_no20_du_23_Octobre_2020_cle81e1d1	laitue	4.414234742203686
BSV_maraichage_no20_du_23_Octobre_2020_cle81e1d1	tomate	4.346798755051031
BSV_maraichage_no20_du_23_Octobre_2020_cle81e1d1	laitue romaine	2.291841524759312
BSV_no13_du_15-05-18_cle01162f	féverole d'hiver	6.190403887033287
BSV_no13_du_15-05-18_cle01162f	féverole de printemps	5.8292032165888354
BSV_no13_du_15-05-18_cle01162f	féverole	5.574638084789081
BSV_no13_du_15-05-18_cle01162f	lin oléagineux	5.353204259088318
BSV_no13_du_15-05-18_cle01162f	lin	5.202224364651555
BSV_no13_du_15-05-18_cle01162f	lin fibre de printemps	4.9460251922907
BSV_no13_du_15-05-18_cle01162f	oléagineux	4.476999916263415
BSV_no13_du_15-05-18_cle01162f	pois protéagineux de printemps	4.201312572386302
BSV_no13_du_15-05-18_cle01162f	triticale	3.8356165776369093
BSV_no13_du_15-05-18_cle01162f	fève	3.7411628263504078
BSV_no13_du_15-05-18_cle01162f	lin oléagineux d'hiver	3.7411628263504078
BSV_no13_du_15-05-18_cle01162f	lin oléagineux de printemps	3.108531658613192
BSV_no13_du_15-05-18_cle01162f	pois	3.0677371556541275
BSV_no13_du_15-05-18_cle01162f	maïs	2.750628676131409
BSV_no13_du_15-05-18_cle01162f	blé tendre	2.6153128142284494
BSV_no13_du_15-05-18_cle01162f	orge	2.47434686319984
BSV_no13_du_15-05-18_cle01162f	prairie	2.34259701599557
BSV_no13_du_15-05-18_cle01162f	blé	2.273453745801009
BSV_no13_du_15-05-18_cle01162f	blé tendre d'hiver	2.0737454801447446
BSV_no13_du_15-05-18_cle01162f	oranger	1.9285142431179467
BSV_no13_du_15-05-18_cle01162f	céréale	1.8934184204711073
BSV_no13_du_15-05-18_cle01162f	poireau	1.585890522267892
BSV_no13_du_15-05-18_cle01162f	colza	1.5639530218323563
BSV_no13_du_15-05-18_cle01162f	laitue romaine	0.980269575921057
BSV_no17_pommes_de_terre_cle8966e3-1	pomme de terre potagère	6.223871550991139
BSV_no17_pommes_de_terre_cle8966e3-1	pomme de terre	3.4483926563517335
BSV_no17_pommes_de_terre_cle8966e3-1	pommier	1.4032923112606568
BSV_no19_du_23-06-2020_cle09c329	gel	5.598304669817331
BSV_no19_du_23-06-2020_cle09c329	oranger	4.3112442852245625
BSV_no19_du_23-06-2020_cle09c329	céréale à paille	3.5452999507357488
BSV_no19_du_23-06-2020_cle09c329	blé tendre	3.4849389776805206
BSV_no19_du_23-06-2020_cle09c329	maïs	3.4092835166516364
BSV_no19_du_23-06-2020_cle09c329	blé	2.208370571414214
BSV_no19_du_23-06-2020_cle09c329	céréale	2.1431215517793
BSV_no31_du_05-11-19_cle05121a	céréale à paille	3.0677694787293532
BSV_no31_du_05-11-19_cle05121a	orge	2.800662564475142
BSV_no31_du_05-11-19_cle05121a	céréale	2.7865459406769766
BSV_no31_du_05-11-19_cle05121a	maïs	2.561511429472514
BSV_no31_du_05-11-19_cle05121a	blé	2.208370571414214
BSV_no31_du_05-11-19_cle05121a	laitue romaine	2.1914184052571146
BSV_no31_du_05-11-19_cle05121a	colza	2.110880539615708
BSV_no4_cle0e4cd5-1	betterave	4.781879741296178
BSV_no7_du_31-03-20_cle835128	blé tendre	4.24781172633696
BSV_no7_du_31-03-20_cle835128	blé tendre d'hiver	4.011483139166117
BSV_no7_du_31-03-20_cle835128	pois	3.1645631310597966
BSV_no7_du_31-03-20_cle835128	blé	2.8894573347808192
BSV_no7_du_31-03-20_cle835128	orge	2.800662564475142
BSV_no7_du_31-03-20_cle835128	floriculture	2.5521265963190762
BSV_no7_du_31-03-20_cle835128	céréale	2.1431215517793
BSV_no7_du_31-03-20_cle835128	colza	2.021802396394152
BSV_oleagineux_02_du_11-09-18_cle8aec1b	colza	2.081649075163745
BSV_oleagineux_08_du_23-10-18_cle8b615d	artichaut	4.409195194133335
BSV_oleagineux_08_du_23-10-18_cle8b615d	chou	3.336191744254866
BSV_oleagineux_08_du_23-10-18_cle8b615d	colza	2.1240911933239515
BSV_oleagineux_16_cle0c1a18-1	oléagineux	5.109497261350328
BSV_oleagineux_16_cle0c1a18-1	céréale à paille	3.57279767360871
BSV_oleagineux_16_cle0c1a18-1	chou	3.223530492666601
BSV_oleagineux_16_cle0c1a18-1	céréale	2.1720522091048675
BSV_oleagineux_16_cle0c1a18-1	colza	2.115488971309374
BSV_oleagineux_22_du_31-03-20_cle831bc8	floriculture	2.3027441373873083
BSV_oleagineux_22_du_31-03-20_cle831bc8	colza	2.1251249176752096
BSV_petits-fruits-2019_N05_cle41f1d8	groseillier	8.82849062461905
BSV_petits-fruits-2019_N05_cle41f1d8	gel	6.902774182849304
BSV_petits-fruits-2019_N05_cle41f1d8	petit fruit	5.967710849551067
BSV_petits-fruits-2019_N05_cle41f1d8	miscanthus	5.7145818870517004
BSV_petits-fruits-2019_N05_cle41f1d8	fraisier	4.8039322644910305
BSV_petits-fruits-2019_N05_cle41f1d8	plante aromatique	4.508395068598194
BSV_petits-fruits-2019_N05_cle41f1d8	tournesol	4.1583816394730935
BSV_petits-fruits-2019_N05_cle41f1d8	céréale à paille	3.661583605288763
BSV_petits-fruits-2019_N05_cle41f1d8	zone non agricole	2.507542917128311
BSV_petits-fruits-2019_N05_cle41f1d8	céréale	2.036697126015965
BSV_pomme_de_terre_8_du_10_mai_2016_cle0127ee	fourrage annuel	6.1647794537893335
BSV_pomme_de_terre_8_du_10_mai_2016_cle0127ee	pomme de terre	3.5236816155622397
BSV_pomme_de_terre_8_du_10_mai_2016_cle0127ee	zone non agricole	2.70508837926251
BSV_pomme_de_terre_8_du_10_mai_2016_cle0127ee	pommier	1.4448472494726181
BSV_viti_10_cle4e6966-2	vigne	3.563803443853195
BSVarbo9_cle8977d6-1	attier	4.691357498322908
BSVarbo9_cle8977d6-1	prunier	4.1005037614668325
BSVarbo9_cle8977d6-1	cerisier	4.010911803312197
BSVarbo9_cle8977d6-1	rosier ornemental	2.7188728216011615
BSVarbo9_cle8977d6-1	poirier	2.7188728216011615
BSVarbo9_cle8977d6-1	arboriculture	2.609349273445105
BSVarbo9_cle8977d6-1	floriculture	2.5430374821827675
BSVarbo9_cle8977d6-1	arboriculture fruitière	2.0775665459876493
BSVarbo9_cle8977d6-1	pommier	1.4168409156868933
BSVcampagnols10_cle06d1a1	orge d'hiver	5.146471377500489
BSVcampagnols10_cle06d1a1	prairie	4.742753755590827
BSVcampagnols10_cle06d1a1	tournesol	3.5297234526102788
BSVcampagnols10_cle06d1a1	orge	3.1807039169055367
BSVcampagnols10_cle06d1a1	blé	2.7783248024999367
BSVcampagnols10_cle06d1a1	grande culture	2.616044161971785
BSVcampagnols10_cle06d1a1	arboriculture	2.4581513030876505
BSVcampagnols10_cle06d1a1	colza	2.0668157330440784
BSVcampagnols10_cle06d1a1	arboriculture fruitière	1.6885067195955303
BSVcampagnols10_cle06d1a1	pommier	1.3480523836812108
BSVcampagnols3_cle8d3542	colza de printemps	5.117754035268023
BSVcampagnols3_cle8d3542	orge d'hiver	4.420423582836424
BSVcampagnols3_cle8d3542	prairie	3.4338584579473257
BSVcampagnols3_cle8d3542	blé tendre d'hiver	3.0397667238548793
BSVcampagnols3_cle8d3542	blé	2.774116178200985
BSVcampagnols3_cle8d3542	grande culture	2.735793635784331
BSVcampagnols3_cle8d3542	orge	2.7319803362314694
BSVcampagnols3_cle8d3542	blé tendre	2.6407693043975202
BSVcampagnols3_cle8d3542	zone non agricole	2.5738634970919674
BSVcampagnols3_cle8d3542	colza	2.0879275470045204
BSVcampagnols3_cle8d3542	arboriculture	1.5284508614294947
BSVcampagnols3_cle8d3542	arboriculture fruitière	1.2225161539430818
BSVleg_n10_2017_cle03fb85	poivron	4.533620518827991
BSVleg_n10_2017_cle03fb85	radis	4.361256075418613
BSVleg_n10_2017_cle03fb85	artichaut	3.4685160723814525
BSVleg_n10_2017_cle03fb85	pomme de terre	3.3652825915477163
BSVleg_n10_2017_cle03fb85	chou	3.3065655173701667
BSVleg_n10_2017_cle03fb85	tomate	3.143232282950109
BSVleg_n10_2017_cle03fb85	culture légumière	2.545815717311193
BSVleg_n10_2017_cle03fb85	blé	2.125379239680239
BSVleg_n10_2017_cle03fb85	céréale	2.062582300825576
BSVleg_n10_2017_cle03fb85	colza	1.5526865970092494
BSVleg_n10_2017_cle03fb85	pommier	1.3694714194567519
BSVviti12_cle89fa1e	artichaut	3.7903628390653332
BSVviti12_cle89fa1e	vigne	3.3312818175072603
BULLETIN_DE_SANTE_DU_VEGETAL_GC_2011-_No38-_6-12-2011_cle8d8ade	maïs popcorn	4.911239764112206
BULLETIN_DE_SANTE_DU_VEGETAL_GC_2011-_No38-_6-12-2011_cle8d8ade	soja	4.691329335740907
BULLETIN_DE_SANTE_DU_VEGETAL_GC_2011-_No38-_6-12-2011_cle8d8ade	tournesol	4.089196242712568
BULLETIN_DE_SANTE_DU_VEGETAL_GC_2011-_No38-_6-12-2011_cle8d8ade	maïs	3.414333648704945
BULLETIN_DE_SANTE_DU_VEGETAL_GC_2011-_No38-_6-12-2011_cle8d8ade	grande culture	2.6886246467434494
BULLETIN_DE_SANTE_DU_VEGETAL_GC_2011-_No38-_6-12-2011_cle8d8ade	zone non agricole	2.1964796953750163
BULLETIN_DE_SANTE_DU_VEGETAL_GC_2011-_No38-_6-12-2011_cle8d8ade	laitue romaine	1.9631064955055204
BULLETIN_DE_SANTE_DU_VEGETAL_GC_2013-_No10_-_30_avril_2013_cle858e15	triticale	4.519296318656461
BULLETIN_DE_SANTE_DU_VEGETAL_GC_2013-_No10_-_30_avril_2013_cle858e15	orge de printemps	3.8058366874090273
BULLETIN_DE_SANTE_DU_VEGETAL_GC_2013-_No10_-_30_avril_2013_cle858e15	orge	3.3119228809434325
BULLETIN_DE_SANTE_DU_VEGETAL_GC_2013-_No10_-_30_avril_2013_cle858e15	tournesol	2.8324369563814256
BULLETIN_DE_SANTE_DU_VEGETAL_GC_2013-_No10_-_30_avril_2013_cle858e15	grande culture	2.714587944170208
BULLETIN_DE_SANTE_DU_VEGETAL_GC_2013-_No10_-_30_avril_2013_cle858e15	blé	2.68453544992025
BULLETIN_DE_SANTE_DU_VEGETAL_GC_2013-_No10_-_30_avril_2013_cle858e15	floriculture	2.4982421192875846
BULLETIN_DE_SANTE_DU_VEGETAL_GC_2013-_No10_-_30_avril_2013_cle858e15	zone non agricole	2.216010285450962
BULLETIN_DE_SANTE_DU_VEGETAL_GC_2013-_No10_-_30_avril_2013_cle858e15	colza	2.119204314456935
BULLETIN_DE_SANTE_DU_VEGETAL_GC_2013-_No10_-_30_avril_2013_cle858e15	céréale	1.7999060948350838
BULLETIN_DE_SANTE_DU_VEGETAL_GC_2013-_No14_-_28_MAI_2013_cle4c4dec	chanvre	8.51767446451382
BULLETIN_DE_SANTE_DU_VEGETAL_GC_2013-_No14_-_28_MAI_2013_cle4c4dec	chanvre oléagineux	5.770772362257405
BULLETIN_DE_SANTE_DU_VEGETAL_GC_2013-_No14_-_28_MAI_2013_cle4c4dec	fève	5.452256756135114
BULLETIN_DE_SANTE_DU_VEGETAL_GC_2013-_No14_-_28_MAI_2013_cle4c4dec	ray-grass	5.121772351607693
BULLETIN_DE_SANTE_DU_VEGETAL_GC_2013-_No14_-_28_MAI_2013_cle4c4dec	seigle	5.121772351607693
BULLETIN_DE_SANTE_DU_VEGETAL_GC_2013-_No14_-_28_MAI_2013_cle4c4dec	soja	4.503696214255733
BULLETIN_DE_SANTE_DU_VEGETAL_GC_2013-_No14_-_28_MAI_2013_cle4c4dec	oranger	4.080097320095518
BULLETIN_DE_SANTE_DU_VEGETAL_GC_2013-_No14_-_28_MAI_2013_cle4c4dec	maïs popcorn	3.7011444456494154
BULLETIN_DE_SANTE_DU_VEGETAL_GC_2013-_No14_-_28_MAI_2013_cle4c4dec	tournesol	3.688547335206911
BULLETIN_DE_SANTE_DU_VEGETAL_GC_2013-_No14_-_28_MAI_2013_cle4c4dec	orge de printemps	3.535418417273779
BULLETIN_DE_SANTE_DU_VEGETAL_GC_2013-_No14_-_28_MAI_2013_cle4c4dec	triticale	3.38710849698697
BULLETIN_DE_SANTE_DU_VEGETAL_GC_2013-_No14_-_28_MAI_2013_cle4c4dec	prunier	3.351808457723787
BULLETIN_DE_SANTE_DU_VEGETAL_GC_2013-_No14_-_28_MAI_2013_cle4c4dec	orge	3.0630842283176265
BULLETIN_DE_SANTE_DU_VEGETAL_GC_2013-_No14_-_28_MAI_2013_cle4c4dec	maïs	3.0463668582162233
BULLETIN_DE_SANTE_DU_VEGETAL_GC_2013-_No14_-_28_MAI_2013_cle4c4dec	grande culture	2.689986038456552
BULLETIN_DE_SANTE_DU_VEGETAL_GC_2013-_No14_-_28_MAI_2013_cle4c4dec	blé	2.626381768986159
BULLETIN_DE_SANTE_DU_VEGETAL_GC_2013-_No14_-_28_MAI_2013_cle4c4dec	céréale à paille	2.3934063442930813
BULLETIN_DE_SANTE_DU_VEGETAL_GC_2013-_No14_-_28_MAI_2013_cle4c4dec	zone non agricole	2.0585548512816283
BULLETIN_DE_SANTE_DU_VEGETAL_GC_2013-_No14_-_28_MAI_2013_cle4c4dec	floriculture	1.722922198952883
BULLETIN_DE_SANTE_DU_VEGETAL_GC_2013-_No14_-_28_MAI_2013_cle4c4dec	colza	1.6033978807825382
BULLETIN_DE_SANTE_DU_VEGETAL_GC_2013-_No20_-_9_JUILLET_2013_cle8e731d	seigle	7.048941108452093
BULLETIN_DE_SANTE_DU_VEGETAL_GC_2013-_No20_-_9_JUILLET_2013_cle8e731d	olivier fruit à noyaux	4.925775748197778
BULLETIN_DE_SANTE_DU_VEGETAL_GC_2013-_No20_-_9_JUILLET_2013_cle8e731d	maïs fourrage	4.925775748197778
BULLETIN_DE_SANTE_DU_VEGETAL_GC_2013-_No20_-_9_JUILLET_2013_cle8e731d	triticale	4.661575463365616
BULLETIN_DE_SANTE_DU_VEGETAL_GC_2013-_No20_-_9_JUILLET_2013_cle8e731d	fourrage annuel	4.511831726396652
BULLETIN_DE_SANTE_DU_VEGETAL_GC_2013-_No20_-_9_JUILLET_2013_cle8e731d	soja	4.392376585409707
BULLETIN_DE_SANTE_DU_VEGETAL_GC_2013-_No20_-_9_JUILLET_2013_cle8e731d	tournesol	4.058558705180022
BULLETIN_DE_SANTE_DU_VEGETAL_GC_2013-_No20_-_9_JUILLET_2013_cle8e731d	maïs	3.3110605471306305
BULLETIN_DE_SANTE_DU_VEGETAL_GC_2013-_No20_-_9_JUILLET_2013_cle8e731d	orge	3.007170918125052
BULLETIN_DE_SANTE_DU_VEGETAL_GC_2013-_No20_-_9_JUILLET_2013_cle8e731d	artichaut	2.704128395369405
BULLETIN_DE_SANTE_DU_VEGETAL_GC_2013-_No20_-_9_JUILLET_2013_cle8e731d	grande culture	2.647702646165237
BULLETIN_DE_SANTE_DU_VEGETAL_GC_2013-_No20_-_9_JUILLET_2013_cle8e731d	céréale	2.57905989160374
BULLETIN_DE_SANTE_DU_VEGETAL_GC_2013-_No20_-_9_JUILLET_2013_cle8e731d	blé	2.506239535239137
BULLETIN_DE_SANTE_DU_VEGETAL_GC_2013-_No20_-_9_JUILLET_2013_cle8e731d	zone non agricole	1.9797794331087462
BULLETIN_DE_SANTE_DU_VEGETAL_GC_2013-_No20_-_9_JUILLET_2013_cle8e731d	floriculture	1.6569905495643058
Note_nat-_BSV_Aromia_bungii_juin_2018_v2_cle09d4e1	arbre fruitier à noyau	5.4637907255599645
Note_nat-_BSV_Aromia_bungii_juin_2018_v2_cle09d4e1	artichaut	4.25450449464602
Note_nat-_BSV_Aromia_bungii_juin_2018_v2_cle09d4e1	horticulture ornementale	4.01205303081751
Note_nat-_BSV_Aromia_bungii_juin_2018_v2_cle09d4e1	prunier	3.500045362486004
Note_nat-_BSV_Aromia_bungii_juin_2018_v2_cle09d4e1	zone non agricole	3.26448739714346
Note_nat-_BSV_Aromia_bungii_juin_2018_v2_cle09d4e1	arboriculture	2.0933057211767037
Note_nat-_BSV_Aromia_bungii_juin_2018_v2_cle09d4e1	arboriculture fruitière	1.9045355327464073
Note_nationale_meth_alternative_adventices_GC_validee-2_cle06dc5b	colza d'hiver	5.463219602773515
Note_nationale_meth_alternative_adventices_GC_validee-2_cle06dc5b	plante aromatique	5.220623463112607
Note_nationale_meth_alternative_adventices_GC_validee-2_cle06dc5b	avoine	4.84880798543591
Note_nationale_meth_alternative_adventices_GC_validee-2_cle06dc5b	soja	4.347798879942069
Note_nationale_meth_alternative_adventices_GC_validee-2_cle06dc5b	tournesol	3.9961855306542593
Note_nationale_meth_alternative_adventices_GC_validee-2_cle06dc5b	féverole protéagineux	3.740980628689024
Note_nationale_meth_alternative_adventices_GC_validee-2_cle06dc5b	lin	3.637565520027226
Note_nationale_meth_alternative_adventices_GC_validee-2_cle06dc5b	féverole	3.5038923074516317
Note_nationale_meth_alternative_adventices_GC_validee-2_cle06dc5b	betterave	3.457813536691641
Note_nationale_meth_alternative_adventices_GC_validee-2_cle06dc5b	orge de printemps	3.3469986318609686
Note_nationale_meth_alternative_adventices_GC_validee-2_cle06dc5b	ray-grass	3.320257662082557
Note_nationale_meth_alternative_adventices_GC_validee-2_cle06dc5b	protéagineux	3.041235457192024
Note_nationale_meth_alternative_adventices_GC_validee-2_cle06dc5b	féverole d'hiver	3.041235457192024
Note_nationale_meth_alternative_adventices_GC_validee-2_cle06dc5b	maïs	2.8896680584954297
Note_nationale_meth_alternative_adventices_GC_validee-2_cle06dc5b	lin fibre de printemps	2.831403480719766
Note_nationale_meth_alternative_adventices_GC_validee-2_cle06dc5b	orge	2.6870956647709305
Note_nationale_meth_alternative_adventices_GC_validee-2_cle06dc5b	culture fourragère	2.5212933496284418
Note_nationale_meth_alternative_adventices_GC_validee-2_cle06dc5b	grande culture	2.431248535378013
Note_nationale_meth_alternative_adventices_GC_validee-2_cle06dc5b	colza de printemps	2.3993165569501356
Note_nationale_meth_alternative_adventices_GC_validee-2_cle06dc5b	maïs popcorn	2.3993165569501356
Note_nationale_meth_alternative_adventices_GC_validee-2_cle06dc5b	blé	2.353386473964502
Note_nationale_meth_alternative_adventices_GC_validee-2_cle06dc5b	prairie	2.2918824349810096
Note_nationale_meth_alternative_adventices_GC_validee-2_cle06dc5b	orge d'hiver	2.2918824349810096
Note_nationale_meth_alternative_adventices_GC_validee-2_cle06dc5b	céréale	2.18700720685029
Note_nationale_meth_alternative_adventices_GC_validee-2_cle06dc5b	colza	1.9519733065721028
Note_nationale_meth_alternative_adventices_GC_validee-2_cle06dc5b	artichaut	1.8227388908772912
Note_nationale_meth_alternative_adventices_GC_validee-2_cle06dc5b	pois	1.6005122251648574
als_Grandes_Cultures_no10_2016-04-26_cle4d3231	soja	4.611348055183958
als_Grandes_Cultures_no10_2016-04-26_cle4d3231	blé tendre	3.5463041197401033
als_Grandes_Cultures_no10_2016-04-26_cle4d3231	tournesol	3.431926728083723
als_Grandes_Cultures_no10_2016-04-26_cle4d3231	orge	3.269304023798054
als_Grandes_Cultures_no10_2016-04-26_cle4d3231	pois	3.2202868804102813
als_Grandes_Cultures_no10_2016-04-26_cle4d3231	blé	2.8275146206591137
als_Grandes_Cultures_no10_2016-04-26_cle4d3231	maïs	2.606616240134492
als_Grandes_Cultures_no10_2016-04-26_cle4d3231	grande culture	2.1159958178653993
als_Grandes_Cultures_no10_2016-04-26_cle4d3231	colza	2.0328229833123257
als_Grandes_Cultures_no32_2016-10-11_cle4e331a	grande culture	2.1798864782016785
als_Grandes_Cultures_no32_2016-10-11_cle4e331a	colza	2.0809765938014397
alsace03_BSV_VIGNE_250417_cle0358f2	vigne	3.332409926849151
alsace_gdes_cultures_no24_du_19-08-20_cle075fe6	betterave	4.639931606395865
alsace_gdes_cultures_no24_du_19-08-20_cle075fe6	maïs	3.2496013781120485
alsace_gdes_cultures_no24_du_19-08-20_cle075fe6	grande culture	2.16336262428469
alsace_vigne_no10_du_23-06-20_cle812596	petits pois	9.383697947787399
alsace_vigne_no10_du_23-06-20_cle812596	pois	4.014648770836117
alsace_vigne_no10_du_23-06-20_cle812596	vigne	3.3108828597019966
annexe_au_BSV_GC_No16_desherbage_alternatif_mais_cle81f45a	maïs popcorn	4.956708196322512
annexe_au_BSV_GC_No16_desherbage_alternatif_mais_cle81f45a	maïs	3.3013167268736066
annexe_au_BSV_GC_No16_desherbage_alternatif_mais_cle81f45a	grande culture	2.4641683519328605
bsv_01_fruits_rouges_25_avril_2018_cle8fdf59	fraisier	4.435240536059078
bsv_01_fruits_rouges_25_avril_2018_cle8fdf59	floriculture	2.320650152385867
bsv_01_fruits_rouges_25_avril_2018_cle8fdf59	laitue romaine	1.9926579909617097
bsv_13_pdt_21_juin_cle8d177f-1	pomme de terre	2.85880462911401
bsv_13_pdt_21_juin_cle8d177f-1	zone non agricole	2.7750466307928794
bsv_13_pdt_21_juin_cle8d177f-1	pommier	1.16336477751241
bsv_ail_mp_n11_06062019_cle816b36	ail	7.5215250166658825
bsv_ail_mp_n11_06062019_cle816b36	rosier ornemental	4.391320617642006
bsv_ail_mp_n11_06062019_cle816b36	floriculture	2.1121883478022854
bsv_arbo_66_2015_cle479316	plante aromatique	4.743974208059331
bsv_arbo_66_2015_cle479316	floriculture	2.208370571414214
bsv_arbo_66_2015_cle479316	arboriculture fruitière	2.121265022392758
bsv_arbo_66_2015_cle479316	arboriculture	2.0170478252662987
bsv_arbo_66_2015_cle479316	pommier	1.454420419685723
bsv_arbo_75_2015_cle429b97	attier	5.520474702078164
bsv_arbo_75_2015_cle429b97	pâtisson 	5.139586035578238
bsv_arbo_75_2015_cle429b97	zone non agricole	2.8997446385363475
bsv_arbo_75_2015_cle429b97	arboriculture fruitière	2.1278238238389044
bsv_arbo_75_2015_cle429b97	arboriculture	1.8517732505205693
bsv_arbo_75_2015_cle429b97	pommier	1.4715155589965447
bsv_arbo_n25_19092017_cle4b1c13	arbre fruitier à noyau	5.8595447981329745
bsv_arbo_n25_19092017_cle4b1c13	petit fruit	4.448713809149584
bsv_arbo_n25_19092017_cle4b1c13	prunier	4.430933354926182
bsv_arbo_n25_19092017_cle4b1c13	arboriculture	2.610788662400173
bsv_arbo_n25_19092017_cle4b1c13	arboriculture fruitière	2.051072427388521
bsv_arbo_n25_19092017_cle4b1c13	pommier	1.3579875607309515
bsv_grandes_cultures_n27_18052017_cle88cbb1-1	protéagineux	6.173585938470669
bsv_grandes_cultures_n27_18052017_cle88cbb1-1	féverole	5.41144275034047
bsv_grandes_cultures_n27_18052017_cle88cbb1-1	pois protéagineux d'hiver	5.063373178504164
bsv_grandes_cultures_n27_18052017_cle88cbb1-1	lin	4.993462046982699
bsv_grandes_cultures_n27_18052017_cle88cbb1-1	tournesol	4.154666542357479
bsv_grandes_cultures_n27_18052017_cle88cbb1-1	féverole d'hiver	4.116276338179886
bsv_grandes_cultures_n27_18052017_cle88cbb1-1	pois	3.712901426240056
bsv_grandes_cultures_n27_18052017_cle88cbb1-1	légume à graines ou à gousses	3.412540825190889
bsv_grandes_cultures_n27_18052017_cle88cbb1-1	fève	3.412540825190889
bsv_grandes_cultures_n27_18052017_cle88cbb1-1	lin oléagineux d'hiver	3.412540825190889
bsv_grandes_cultures_n27_18052017_cle88cbb1-1	lin oléagineux	3.412540825190889
bsv_grandes_cultures_n27_18052017_cle88cbb1-1	culture fourragère	3.412540825190889
bsv_grandes_cultures_n27_18052017_cle88cbb1-1	maïs	3.1555514262681634
bsv_grandes_cultures_n27_18052017_cle88cbb1-1	oléagineux	2.8539813257988813
bsv_grandes_cultures_n27_18052017_cle88cbb1-1	grande culture	2.587471988436621
bsv_grandes_cultures_n27_18052017_cle88cbb1-1	laitue romaine	1.9468286427286126
bsv_grandes_cultures_n27_18052017_cle88cbb1-1	colza	1.932278210261454
bsv_maraichage_no11_du_05_Juin_2020_cle012212	courgette	5.8709838632188145
bsv_maraichage_no11_du_05_Juin_2020_cle012212	melon	5.818984674642702
bsv_maraichage_no11_du_05_Juin_2020_cle012212	sorgho	5.5903167692347955
bsv_maraichage_no11_du_05_Juin_2020_cle012212	tomate	4.2307986612263395
bsv_maraichage_no11_du_05_Juin_2020_cle012212	fraisier	3.7890870365926914
bsv_maraichage_no11_du_05_Juin_2020_cle012212	plante aromatique	3.5854073876136106
bsv_maraichage_no11_du_05_Juin_2020_cle012212	artichaut	3.318175388218615
bsv_maraichage_no11_du_05_Juin_2020_cle012212	poivron	3.0318042745720066
bsv_maraichage_no11_du_05_Juin_2020_cle012212	engrais vert	2.949048636143545
bsv_maraichage_no11_du_05_Juin_2020_cle012212	sorgho fourrager	2.949048636143545
bsv_maraichage_no11_du_05_Juin_2020_cle012212	tabac	2.232020799347159
bsv_maraichage_no11_du_05_Juin_2020_cle012212	culture tropicale	2.099033159181707
bsv_maraichage_no11_du_05_Juin_2020_cle012212	culture fourragère	1.987558197179221
bsv_maraichage_no11_du_05_Juin_2020_cle012212	maïs popcorn	1.8914027957503774
bsv_maraichage_no11_du_05_Juin_2020_cle012212	laitue romaine	1.7458830637579958
bsv_maraichage_no11_du_05_Juin_2020_cle012212	maïs	1.5817707476288407
bsv_maraichage_no11_du_05_Juin_2020_cle012212	laitue	1.541316783727718
bsv_maraichage_no11_du_05_Juin_2020_cle012212	oignon	1.541316783727718
bsv_maraichage_no11_du_05_Juin_2020_cle012212	culture légumière	1.2455565139647313
bsv_na_tabac_03_20180523_cle8e53e1	tabac	7.529100571435345
bsv_na_tabac_03_20180523_cle8e53e1	gel	5.513568520551982
bsv_na_tabac_03_20180523_cle8e53e1	prairie	4.462963661789747
bsv_vigne_n10_fronton_07062017-3_cle0a711e	gesse	9.395910807446933
bsv_vigne_n10_fronton_07062017-3_cle0a711e	vigne	3.5576190687015763
bsv_vigne_n1_fronton_23032017_cle825f73	vigne	3.735640385453111
bsv_vigne_n1_fronton_23032017_cle825f73	laitue romaine	2.331295813262493
bsv_viti_mp_gaillac_n07_12052020_cle0ee886	vigne	3.332409926849151
bsv_viti_mp_hautegaronnetarnetgaronne_n07_12052020_cle0cfad7	rosier ornemental	3.6581841217119075
bsv_viti_mp_hautegaronnetarnetgaronne_n07_12052020_cle0cfad7	vigne	3.562642236261058
bsv_viticulture_no10_du_23_mai_2018_cle0c892f	vigne	3.4684500964927523
bsv_viticulture_no10_du_23_mai_2018_cle0c892f	culture légumière	2.4979909443273036
bsv_viticulture_no10_du_23_mai_2018_cle0c892f	arboriculture fruitière	1.9979931045918884
bsv_viticulture_no10_du_23_mai_2018_cle0c892f	laitue romaine	1.972833157551605
bulletindesanteduvegetalgc2014-n9-15avril2014_cle066b5e	avoine	6.444316031751151
bulletindesanteduvegetalgc2014-n9-15avril2014_cle066b5e	triticale	5.2519047346168986
bulletindesanteduvegetalgc2014-n9-15avril2014_cle066b5e	orge de printemps	4.911315791006615
bulletindesanteduvegetalgc2014-n9-15avril2014_cle066b5e	laurier	3.814764280630232
bulletindesanteduvegetalgc2014-n9-15avril2014_cle066b5e	culture fourragère	3.814764280630232
bulletindesanteduvegetalgc2014-n9-15avril2014_cle066b5e	tournesol	3.6551732229943017
bulletindesanteduvegetalgc2014-n9-15avril2014_cle066b5e	orge	3.489330544326777
bulletindesanteduvegetalgc2014-n9-15avril2014_cle066b5e	maïs	2.7761763692669517
bulletindesanteduvegetalgc2014-n9-15avril2014_cle066b5e	blé	2.716572860391522
bulletindesanteduvegetalgc2014-n9-15avril2014_cle066b5e	grande culture	2.694305715012585
bulletindesanteduvegetalgc2014-n9-15avril2014_cle066b5e	zone non agricole	2.5901147336603496
bulletindesanteduvegetalgc2014-n9-15avril2014_cle066b5e	colza	1.9073295183627996
bulletindesanteduvegetalgc2014-n9-15avril2014_cle066b5e	céréale	1.6399717411241297
char_Grandes_Cultures_no22_2016-07-07_cle02be6e	pois protéagineux de printemps	5.676497694974204
char_Grandes_Cultures_no22_2016-07-07_cle02be6e	féverole	5.073212938362297
char_Grandes_Cultures_no22_2016-07-07_cle02be6e	féverole de printemps	4.842167515686694
char_Grandes_Cultures_no22_2016-07-07_cle02be6e	légume à graines ou à gousses	4.014330664933085
char_Grandes_Cultures_no22_2016-07-07_cle02be6e	betterave	3.9998565848172447
char_Grandes_Cultures_no22_2016-07-07_cle02be6e	betterave sucrière	3.7448008249618354
char_Grandes_Cultures_no22_2016-07-07_cle02be6e	maïs fourrage	3.7448008249618354
char_Grandes_Cultures_no22_2016-07-07_cle02be6e	amandier	3.7448008249618354
char_Grandes_Cultures_no22_2016-07-07_cle02be6e	pois	3.6097265849988465
char_Grandes_Cultures_no22_2016-07-07_cle02be6e	tournesol	3.6066000181003854
char_Grandes_Cultures_no22_2016-07-07_cle02be6e	maïs	3.296298625399384
char_Grandes_Cultures_no22_2016-07-07_cle02be6e	pâtisson 	3.193439536782417
char_Grandes_Cultures_no22_2016-07-07_cle02be6e	culture industrielle	3.113043551668284
char_Grandes_Cultures_no22_2016-07-07_cle02be6e	pomme de terre	3.0168110563492667
char_Grandes_Cultures_no22_2016-07-07_cle02be6e	culture fourragère	2.8436773216381215
char_Grandes_Cultures_no22_2016-07-07_cle02be6e	maïs popcorn	2.706104024521953
char_Grandes_Cultures_no22_2016-07-07_cle02be6e	floriculture	2.4509651878972027
char_Grandes_Cultures_no22_2016-07-07_cle02be6e	rosier ornemental	1.9879128720163421
char_Grandes_Cultures_no22_2016-07-07_cle02be6e	grande culture	1.6744377352320832
char_Grandes_Cultures_no22_2016-07-07_cle02be6e	zone non agricole	1.5051192001707887
char_Grandes_Cultures_no22_2016-07-07_cle02be6e	pommier	1.2276640689694287
char_Grandes_Cultures_no22_2016-07-07_cle02be6e	céréale	1.2225002923618686
char_Grandes_Cultures_no42_2016-11-24_cle0385bf	orge d'hiver	5.330243844894237
char_Grandes_Cultures_no42_2016-11-24_cle0385bf	blé tendre d'hiver	4.890429927300362
char_Grandes_Cultures_no42_2016-11-24_cle0385bf	blé tendre	4.248515893003881
char_Grandes_Cultures_no42_2016-11-24_cle0385bf	orge	3.4143092583024415
char_Grandes_Cultures_no42_2016-11-24_cle0385bf	céréale à paille	3.371426906784546
char_Grandes_Cultures_no42_2016-11-24_cle0385bf	blé	2.794042654124454
char_Grandes_Cultures_no42_2016-11-24_cle0385bf	céréale	2.520848678326704
char_Grandes_Cultures_no42_2016-11-24_cle0385bf	grande culture	2.285204299543973
char_Grandes_Cultures_no42_2016-11-24_cle0385bf	colza	2.0634687507034055
lorraine_arboriculture_no11_du_13-05-20_cle8ee895	poirée	6.681942935590144
lorraine_arboriculture_no11_du_13-05-20_cle8ee895	prunier	4.300508977355663
lorraine_arboriculture_no11_du_13-05-20_cle8ee895	poirier	4.159502698811657
lorraine_arboriculture_no11_du_13-05-20_cle8ee895	cerisier	4.025348082282994
lorraine_arboriculture_no11_du_13-05-20_cle8ee895	arboriculture fruitière	2.0572258431679695
lorraine_arboriculture_no11_du_13-05-20_cle8ee895	laitue romaine	1.8020825837384158
lorraine_arboriculture_no11_du_13-05-20_cle8ee895	pommier	1.4350364213236353
lorraine_vigne_no14_du_29-07-20_cle4bcf91	petit fruit	4.89556539005269
lorraine_vigne_no14_du_29-07-20_cle4bcf91	cerisier	3.9685188633999853
lorraine_vigne_no14_du_29-07-20_cle4bcf91	vigne	3.6355751559438
lorraine_vigne_no14_du_29-07-20_cle4bcf91	prunier	3.480308522211441
lorraine_vigne_no14_du_29-07-20_cle4bcf91	arboriculture	2.489916929595393
