01_TB_Als_cle8c6253	tabac	3.624340932976365
01_TB_Als_cle8c6253	céréale à paille	2.0661963149298153
05_GC_Als_cle8c3f61	colza	6.735368239833047
05_GC_Als_cle8c3f61	maïs	5.75877852221382
05_GC_Als_cle8c3f61	orge	5.225480042595771
05_GC_Als_cle8c3f61	céréale à paille	4.1323926298596305
05_GC_Als_cle8c3f61	blé	3.2866789282195636
05_GC_Als_cle8c3f61	poireau	2.0661963149298153
05_GC_Als_cle8c3f61	céréale	1.91959284073794
05_GC_Als_cle8c3f61	grande culture	1.6784307839210517
05bsv_jevi_20190502_cle8f22b6	zone non agricole	29.683689506801272
05bsv_jevi_20190502_cle8f22b6	jardins familiaux	25.751006598945605
05bsv_jevi_20190502_cle8f22b6	rosier	16.094379124341003
05bsv_jevi_20190502_cle8f22b6	chou	7.16703787691222
05bsv_jevi_20190502_cle8f22b6	fève	6.437751649736401
05bsv_jevi_20190502_cle8f22b6	betterave	5.051457288616511
05bsv_jevi_20190502_cle8f22b6	laitue	5.051457288616511
05bsv_jevi_20190502_cle8f22b6	tomate	4.605170185988092
05bsv_jevi_20190502_cle8f22b6	chou pommé	4.31748811353631
05bsv_jevi_20190502_cle8f22b6	chou de Bruxelles	4.31748811353631
05bsv_jevi_20190502_cle8f22b6	vigne	3.9322257127456655
05bsv_jevi_20190502_cle8f22b6	miscanthus	3.912023005428146
05bsv_jevi_20190502_cle8f22b6	poirée	3.912023005428146
05bsv_jevi_20190502_cle8f22b6	légume à graines ou à gousses	3.4011973816621555
05bsv_jevi_20190502_cle8f22b6	arboriculture	3.2866789282195636
05bsv_jevi_20190502_cle8f22b6	abricotier	3.2188758248682006
05bsv_jevi_20190502_cle8f22b6	haricot	3.2188758248682006
05bsv_jevi_20190502_cle8f22b6	soja	2.9311937524164198
05bsv_jevi_20190502_cle8f22b6	arboriculture fruitière	2.7460982687397397
05bsv_jevi_20190502_cle8f22b6	poivron	2.6127400212978853
05bsv_jevi_20190502_cle8f22b6	prunier	2.302585092994046
05bsv_jevi_20190502_cle8f22b6	cerisier	2.2380465718564744
05bsv_jevi_20190502_cle8f22b6	tournesol	2.2380465718564744
05bsv_jevi_20190502_cle8f22b6	pois	2.17742195004004
05bsv_jevi_20190502_cle8f22b6	poireau	2.0661963149298153
05bsv_jevi_20190502_cle8f22b6	pomme de terre	2.0661963149298153
05bsv_jevi_20190502_cle8f22b6	maïs	1.91959284073794
05bsv_jevi_20190502_cle8f22b6	culture légumière	1.7147984280919266
05bsv_jevi_20190502_cle8f22b6	grande culture	1.6784307839210517
05bsv_jevi_20190502_cle8f22b6	laitue romaine	1.455287232606842
05bsv_jevi_20190502_cle8f22b6	pommier	1.3997173814520314
05bsv_jevi_20190502_cle8f22b6	colza	1.3470736479666094
119_BSV_Charentes_2015-07-28_cle88a1b6	vigne	5.898338569118498
119_BSV_Charentes_2015-07-28_cle88a1b6	rosier ornemental	2.4456859366347192
13_HORTI_Als_cle02386b	culture légumière	1.7147984280919266
19bsv_jevi_20181108_cle871314	zone non agricole	16.962108289600728
19bsv_jevi_20181108_cle871314	jardins familiaux	16.094379124341003
19bsv_jevi_20181108_cle871314	poireau	4.1323926298596305
19bsv_jevi_20181108_cle871314	arboriculture fruitière	1.3730491343698699
2015-05-28_BSV_Grandes_Cultures_01_cle8ba414	pois protéagineux de printemps	14.49736373190546
2015-05-28_BSV_Grandes_Cultures_01_cle8ba414	pomme de terre	14.463374204508707
2015-05-28_BSV_Grandes_Cultures_01_cle8ba414	pois	10.8871097502002
2015-05-28_BSV_Grandes_Cultures_01_cle8ba414	betterave	10.102914577233022
2015-05-28_BSV_Grandes_Cultures_01_cle8ba414	maïs	9.597964203689699
2015-05-28_BSV_Grandes_Cultures_01_cle8ba414	tournesol	8.952186287425898
2015-05-28_BSV_Grandes_Cultures_01_cle8ba414	prunier	6.907755278982138
2015-05-28_BSV_Grandes_Cultures_01_cle8ba414	blé	6.573357856439127
2015-05-28_BSV_Grandes_Cultures_01_cle8ba414	féverole	6.437751649736401
2015-05-28_BSV_Grandes_Cultures_01_cle8ba414	orge de printemps	5.8623875048328395
2015-05-28_BSV_Grandes_Cultures_01_cle8ba414	floriculture	4.9300183923293455
2015-05-28_BSV_Grandes_Cultures_01_cle8ba414	colza	4.0412209438998286
2015-05-28_BSV_Grandes_Cultures_01_cle8ba414	féverole de printemps	3.912023005428146
2015-05-28_BSV_Grandes_Cultures_01_cle8ba414	laurier	3.624340932976365
2015-05-28_BSV_Grandes_Cultures_01_cle8ba414	légume à graines ou à gousses	3.4011973816621555
2015-05-28_BSV_Grandes_Cultures_01_cle8ba414	grande culture	3.3568615678421034
2015-05-28_BSV_Grandes_Cultures_01_cle8ba414	pommier	2.799434762904063
2015-05-28_BSV_Grandes_Cultures_01_cle8ba414	rosier ornemental	2.4456859366347192
2015-05-28_BSV_Grandes_Cultures_01_cle8ba414	céréale	1.91959284073794
2015-05-28_BSV_Grandes_Cultures_01_cle8ba414	laitue romaine	1.455287232606842
20160718-BSV_30_20_Cereales_Normandie_cle095921	maïs	38.391856814758796
20160718-BSV_30_20_Cereales_Normandie_cle095921	amandier	4.31748811353631
20160718-BSV_30_20_Cereales_Normandie_cle095921	céréale à paille	4.1323926298596305
20160718-BSV_30_20_Cereales_Normandie_cle095921	blé	3.2866789282195636
20160718-BSV_30_20_Cereales_Normandie_cle095921	maïs popcorn	3.2188758248682006
20160718-BSV_30_20_Cereales_Normandie_cle095921	triticale	2.8134107167600364
20160718-BSV_30_20_Cereales_Normandie_cle095921	rosier ornemental	2.4456859366347192
20160718-BSV_30_20_Cereales_Normandie_cle095921	oranger	2.371577964480997
20160718-BSV_30_20_Cereales_Normandie_cle095921	colza	1.3470736479666094
2017_BSV_manche_10_sem21_cle8d2aee	céleri	26.127400212978852
2017_BSV_manche_10_sem21_cle8d2aee	persil	18.388350870245656
2017_BSV_manche_10_sem21_cle8d2aee	oignon	15.154371865849534
2017_BSV_manche_10_sem21_cle8d2aee	chou	14.33407575382444
2017_BSV_manche_10_sem21_cle8d2aee	laitue à couper	12.95246434060893
2017_BSV_manche_10_sem21_cle8d2aee	laitue	12.628643221541278
2017_BSV_manche_10_sem21_cle8d2aee	laitue batavia	6.437751649736401
2017_BSV_manche_10_sem21_cle8d2aee	poireau	6.198588944789446
2017_BSV_manche_10_sem21_cle8d2aee	céleri à cotes	5.0106352940962555
2017_BSV_manche_10_sem21_cle8d2aee	tomate	4.605170185988092
2017_BSV_manche_10_sem21_cle8d2aee	légume racine	4.31748811353631
2017_BSV_manche_10_sem21_cle8d2aee	céleri-rave	3.912023005428146
2017_BSV_manche_10_sem21_cle8d2aee	radis	2.9311937524164198
2017_BSV_manche_33_sem44_cle8f1de5	céleri	10.450960085191541
2017_BSV_manche_33_sem44_cle8f1de5	persil	9.194175435122828
2017_BSV_manche_33_sem44_cle8f1de5	poireau	6.198588944789446
2017_BSV_manche_33_sem44_cle8f1de5	laitue	5.051457288616511
2017_BSV_manche_33_sem44_cle8f1de5	chicorée frisée	5.0106352940962555
2017_BSV_manche_33_sem44_cle8f1de5	céleri-rave	3.912023005428146
20190403_LOR_BSV_Grandes_Cultures_cle8ff1e5	colza	24.24732566339897
20190403_LOR_BSV_Grandes_Cultures_cle8ff1e5	orge de printemps	8.79358125724926
20190403_LOR_BSV_Grandes_Cultures_cle8ff1e5	blé tendre d'hiver	5.41610040220442
20190403_LOR_BSV_Grandes_Cultures_cle8ff1e5	orge d'hiver	5.225480042595771
20190403_LOR_BSV_Grandes_Cultures_cle8ff1e5	céréale	3.83918568147588
20190403_LOR_BSV_Grandes_Cultures_cle8ff1e5	grande culture	3.3568615678421034
20190403_LOR_BSV_Grandes_Cultures_cle8ff1e5	blé	3.2866789282195636
20190403_LOR_BSV_Grandes_Cultures_cle8ff1e5	floriculture	3.2866789282195636
55_02_note_commune_resistance_fongicides_maladies_cereales_2006_cle86a116	blé	18.0767341052076
55_02_note_commune_resistance_fongicides_maladies_cereales_2006_cle86a116	orge	7.838220063893656
55_02_note_commune_resistance_fongicides_maladies_cereales_2006_cle86a116	céréale à paille	4.1323926298596305
55_02_note_commune_resistance_fongicides_maladies_cereales_2006_cle86a116	céréale	1.91959284073794
BSV05_GC_LOR_S13_2020_cle4419d7	colza	18.85903107153253
BSV05_GC_LOR_S13_2020_cle4419d7	blé tendre d'hiver	8.12415060330663
BSV05_GC_LOR_S13_2020_cle4419d7	blé	4.9300183923293455
BSV05_GC_LOR_S13_2020_cle4419d7	orge d'hiver	2.6127400212978853
BSV05_GC_LOR_S13_2020_cle4419d7	blé tendre	2.6127400212978853
BSV05_GC_LOR_S13_2020_cle4419d7	chou	1.791759469228055
BSV05_GC_LOR_S13_2020_cle4419d7	floriculture	1.6433394641097818
BSV971_BanCas_N04_cle08e5ae	bananier	86.0645061194192
BSV971_BanCas_N04_cle08e5ae	zone non agricole	16.962108289600728
BSV971_BanCas_N04_cle08e5ae	bananier plantain	6.129450290081885
BSV971_BanCas_N04_cle08e5ae	culture industrielle	5.051457288616511
BSV971_BanCas_N04_cle08e5ae	culture tropicale	3.624340932976365
BSV971_BanCas_N04_cle08e5ae	culture légumière	1.7147984280919266
BSV971_CulturesVivrieres-Bilan2018_cle81e161	patate douce	45.0957176468663
BSV971_CulturesVivrieres-Bilan2018_cle81e161	culture vivrière	35.07444705867379
BSV971_CulturesVivrieres-Bilan2018_cle81e161	pomme de terre potagère	6.802394763324311
BSV971_CulturesVivrieres-Bilan2018_cle81e161	culture tropicale	3.624340932976365
BSV971_CulturesVivrieres-Bilan2018_cle81e161	culture légumière	1.7147984280919266
BSV_01-42_cereales_Normandie_2020_cle83b764	céréale	5.75877852221382
BSV_01-42_cereales_Normandie_2020_cle83b764	blé tendre d'hiver	5.41610040220442
BSV_01-42_cereales_Normandie_2020_cle83b764	blé	4.9300183923293455
BSV_01-42_cereales_Normandie_2020_cle83b764	céréale à paille	2.0661963149298153
BSV_17-VF_cle81c713	cerisier	20.14241914670827
BSV_17-VF_cle81c713	pommier	12.597456433068283
BSV_17-VF_cle81c713	prunier	9.210340371976184
BSV_17-VF_cle81c713	arboriculture fruitière	6.865245671849349
BSV_17-VF_cle81c713	arboriculture	3.2866789282195636
BSV_17-VF_cle81c713	poirier	2.302585092994046
BSV_2019_n14bis_cle0ca71b	vigne	7.864451425491331
BSV_5_VF_cle84611d	poirier	23.02585092994046
BSV_5_VF_cle84611d	cerisier	20.14241914670827
BSV_5_VF_cle84611d	pommier	16.796608577424376
BSV_5_VF_cle84611d	prunier	13.815510557964275
BSV_5_VF_cle84611d	arboriculture fruitière	13.730491343698699
BSV_5_VF_cle84611d	floriculture	6.573357856439127
BSV_5_VF_cle84611d	poirée	3.912023005428146
BSV_5_VF_cle84611d	arboriculture	3.2866789282195636
BSV_5_VF_cle84611d	colza	1.3470736479666094
BSV_AF_5_15_mars_2019_cle452e6e	pommier	5.598869525808126
BSV_AF_5_15_mars_2019_cle452e6e	poirier	2.302585092994046
BSV_AF_n19_du_11052017-1_cle84e61b	arboriculture fruitière	15.103540478068568
BSV_AF_n19_du_11052017-1_cle84e61b	poirier	11.51292546497023
BSV_AF_n19_du_11052017-1_cle84e61b	pommier	9.79802167016422
BSV_AF_n19_du_11052017-1_cle84e61b	prunier	9.210340371976184
BSV_AF_n19_du_11052017-1_cle84e61b	oranger	4.743155928961994
BSV_AF_n19_du_11052017-1_cle84e61b	arbre fruitier à noyau	3.4011973816621555
BSV_AF_n19_du_11052017-1_cle84e61b	arboriculture	3.2866789282195636
BSV_AF_n19_du_11052017-1_cle84e61b	floriculture	1.6433394641097818
BSV_AF_n30_du_25052018_cle0ca846	poirier	2.302585092994046
BSV_AF_n30_du_25052018_cle0ca846	pommier	1.3997173814520314
BSV_AF_n34_du_16072019_cle0a1d81	arboriculture fruitière	24.714884418657658
BSV_AF_n34_du_16072019_cle0a1d81	prunier	18.420680743952367
BSV_AF_n34_du_16072019_cle0a1d81	cerisier	17.904372574851795
BSV_AF_n34_du_16072019_cle0a1d81	pommier	11.197739051616251
BSV_AF_n34_du_16072019_cle0a1d81	poirier	4.605170185988092
BSV_AF_n34_du_16072019_cle0a1d81	arboriculture	3.2866789282195636
BSV_ARBO_2017_35_cle4d79ba	arboriculture fruitière	12.357442209328829
BSV_ARBO_2017_35_cle4d79ba	pommier	6.998586907260157
BSV_ARBO_2017_35_cle4d79ba	arboriculture	3.2866789282195636
BSV_ARBO_2017_35_cle4d79ba	horticulture ornementale	2.9311937524164198
BSV_ARBO_2017_35_cle4d79ba	culture industrielle	2.5257286443082556
BSV_ARBO_2017_35_cle4d79ba	poirier	2.302585092994046
BSV_ARBO_2017_35_cle4d79ba	zone non agricole	2.120263536200091
BSV_ARBO_2017_35_cle4d79ba	culture légumière	1.7147984280919266
BSV_ARBO_2018_11_cle44752f	pommier	5.598869525808126
BSV_ARBO_2018_11_cle44752f	arboriculture	3.2866789282195636
BSV_ARBO_2018_11_cle44752f	culture industrielle	2.5257286443082556
BSV_ARBO_2018_11_cle44752f	culture légumière	1.7147984280919266
BSV_Arbo_06_20_cle882ae6	pommier	5.598869525808126
BSV_Arbo_06_20_cle882ae6	arboriculture fruitière	1.3730491343698699
BSV_Arboriculture-Fruits_transformes__Bretagne-Normandie-Pays_de_la_Loire_no15_du_17-06-2020_cle0d4baf	arboriculture	11.503376248768472
BSV_Arboriculture-Fruits_transformes__Bretagne-Normandie-Pays_de_la_Loire_no15_du_17-06-2020_cle0d4baf	arboriculture fruitière	9.611343940589089
BSV_Arboriculture-Fruits_transformes__Bretagne-Normandie-Pays_de_la_Loire_no15_du_17-06-2020_cle0d4baf	pommier	5.598869525808126
BSV_Arboriculture-Fruits_transformes__Bretagne-Normandie-Pays_de_la_Loire_no15_du_17-06-2020_cle0d4baf	poirier	4.605170185988092
BSV_Arboriculture-Fruits_transformes__Bretagne-Normandie-Pays_de_la_Loire_no15_du_17-06-2020_cle0d4baf	bananier plantain	3.0647251450409425
BSV_Arboriculture-Fruits_transformes__Bretagne-Normandie-Pays_de_la_Loire_no15_du_17-06-2020_cle0d4baf	laitue romaine	1.455287232606842
BSV_Arboriculture-Fruits_transformes__Bretagne-Normandie-Pays_de_la_Loire_no_17_du_26-06-2018_cle861251	arboriculture fruitière	13.730491343698699
BSV_Arboriculture-Fruits_transformes__Bretagne-Normandie-Pays_de_la_Loire_no_17_du_26-06-2018_cle861251	arboriculture	9.860036784658691
BSV_Arboriculture-Fruits_transformes__Bretagne-Normandie-Pays_de_la_Loire_no_17_du_26-06-2018_cle861251	pommier	4.199152144356094
BSV_Arboriculture-Fruits_transformes__Bretagne-Normandie-Pays_de_la_Loire_no_17_du_26-06-2018_cle861251	bananier plantain	3.0647251450409425
BSV_Arboriculture-Fruits_transformes__Bretagne-Normandie-Pays_de_la_Loire_no_17_du_26-06-2018_cle861251	cerisier	2.2380465718564744
BSV_Arboriculture-Fruits_transformes__Bretagne-Normandie-Pays_de_la_Loire_no_17_du_26-06-2018_cle861251	laitue romaine	1.455287232606842
BSV_Arboriculture-Fruits_transformes__Bretagne-Normandie-Pays_de_la_Loire_no_1_du_13-03-2018_cle0bf736	pommier	8.398304288712188
BSV_Arboriculture-Fruits_transformes__Bretagne-Normandie-Pays_de_la_Loire_no_1_du_13-03-2018_cle0bf736	arboriculture	6.573357856439127
BSV_Arboriculture-Fruits_transformes__Bretagne-Normandie-Pays_de_la_Loire_no_1_du_13-03-2018_cle0bf736	poirier	2.302585092994046
BSV_Arboriculture-Fruits_transformes__Bretagne-Normandie-Pays_de_la_Loire_no_1_du_13-03-2018_cle0bf736	arboriculture fruitière	1.3730491343698699
BSV_Arboriculture_3_24_fevrier_2020-2-2_cle83ae58	abricotier	12.875503299472802
BSV_Arboriculture_3_24_fevrier_2020-2-2_cle83ae58	arboriculture	8.21669732054891
BSV_Arboriculture_3_24_fevrier_2020-2-2_cle83ae58	floriculture	6.573357856439127
BSV_Arboriculture_3_24_fevrier_2020-2-2_cle83ae58	prunier	4.605170185988092
BSV_Arboriculture_3_24_fevrier_2020-2-2_cle83ae58	arboriculture fruitière	4.11914740310961
BSV_Arboriculture_4_14mars2017_cle063599	arboriculture	6.573357856439127
BSV_Arboriculture_4_14mars2017_cle063599	abricotier	6.437751649736401
BSV_Arboriculture_4_14mars2017_cle063599	arboriculture fruitière	2.7460982687397397
BSV_Arboriculture_4_14mars2017_cle063599	prunier	2.302585092994046
BSV_Betteraves_du_22_juillet_2020_cle8647db	betterave	10.102914577233022
BSV_Betteraves_du_22_juillet_2020_cle8647db	betterave sucrière	4.31748811353631
BSV_Betteraves_du_29_mai_2019_cle8fbfd9	betterave	10.102914577233022
BSV_Betteraves_du_29_mai_2019_cle8fbfd9	grande culture	3.3568615678421034
BSV_Bilan_Fruits_a_noyau_2018_cle888e1e	abricotier	106.22290222065062
BSV_Bilan_Fruits_a_noyau_2018_cle888e1e	arbre fruitier à noyau	95.23352668654036
BSV_Bilan_Fruits_a_noyau_2018_cle888e1e	cerisier	33.57069857784712
BSV_Bilan_Fruits_a_noyau_2018_cle888e1e	prunier	23.02585092994046
BSV_Bilan_Fruits_a_noyau_2018_cle888e1e	arboriculture fruitière	20.595737015548046
BSV_Bilan_Fruits_a_noyau_2018_cle888e1e	chêne	6.802394763324311
BSV_Bilan_Fruits_a_noyau_2018_cle888e1e	pommier	4.199152144356094
BSV_Bilan_Fruits_a_noyau_2018_cle888e1e	laurier	3.624340932976365
BSV_Bilan_Fruits_a_noyau_2018_cle888e1e	arboriculture	3.2866789282195636
BSV_Bilan_Fruits_a_noyau_2018_cle888e1e	laitue romaine	2.910574465213684
BSV_Bilan_Fruits_a_noyau_2018_cle888e1e	oranger	2.371577964480997
BSV_Bilan_Fruits_a_noyau_2018_cle888e1e	vigne	1.9661128563728327
BSV_Cassis_n_05_du_10_mai_2012_cle09e263	culture légumière	3.4295968561838532
BSV_Cassis_n_05_du_10_mai_2012_cle09e263	floriculture	3.2866789282195636
BSV_Cassis_n_05_du_10_mai_2012_cle09e263	arboriculture fruitière	2.7460982687397397
BSV_Cassis_n_05_du_10_mai_2012_cle09e263	vigne	1.9661128563728327
BSV_Cassis_n_05_du_10_mai_2012_cle09e263	laitue romaine	1.455287232606842
BSV_Cereales_paille_14_cle09e79d	céréale à paille	61.98588944789446
BSV_Cereales_paille_14_cle09e79d	blé tendre	39.191100319468276
BSV_Cereales_paille_14_cle09e79d	blé dur	39.12023005428146
BSV_Cereales_paille_14_cle09e79d	blé	13.146715712878255
BSV_Cereales_paille_14_cle09e79d	orge d'hiver	13.063700106489426
BSV_Cereales_paille_14_cle09e79d	triticale	5.626821433520073
BSV_Cereales_paille_14_cle09e79d	orge de printemps	2.9311937524164198
BSV_Cereales_paille_14_cle09e79d	laitue romaine	2.910574465213684
BSV_Cereales_paille_14_cle09e79d	orge	2.6127400212978853
BSV_Colza_no08-05avril18_cle866147	colza	26.941472959332188
BSV_Colza_no08-05avril18_cle866147	floriculture	3.2866789282195636
BSV_Colza_no24-20nov2019_cle8157b8	colza	17.511957423565924
BSV_Colza_no24-20nov2019_cle8157b8	chou	7.16703787691222
BSV_Colza_no24-20nov2019_cle8157b8	palmier	3.2188758248682006
BSV_Colza_no25-14nov_cle0f148b	chou	7.16703787691222
BSV_Colza_no25-14nov_cle0f148b	colza	5.388294591866438
BSV_FR_08_13082019_cle8c5d91	fraisier	8.44023215028011
BSV_FR_08_13082019_cle8c5d91	floriculture	1.6433394641097818
BSV_GC_NA_Limousin_18_20200901_cle088995	colza	30.98269390323202
BSV_GC_NA_Limousin_18_20200901_cle088995	grande culture	18.462738623131568
BSV_GC_NA_Limousin_18_20200901_cle088995	maïs	9.597964203689699
BSV_GC_NA_Limousin_18_20200901_cle088995	laitue romaine	4.365861697820526
BSV_GC_NA_Limousin_18_20200901_cle088995	fourrage annuel	4.31748811353631
BSV_GC_NA_Limousin_18_20200901_cle088995	protéagineux	3.912023005428146
BSV_GC_NA_Limousin_18_20200901_cle088995	féverole	3.2188758248682006
BSV_GC_NA_Limousin_18_20200901_cle088995	oranger	2.371577964480997
BSV_GC_NA_Limousin_18_20200901_cle088995	céréale à paille	2.0661963149298153
BSV_GC_n_15_du_10_mars_2015_cle0bc9b5	colza	9.429515535766265
BSV_GC_n_15_du_10_mars_2015_cle0bc9b5	grande culture	8.392153919605258
BSV_GC_n_15_du_10_mars_2015_cle0bc9b5	chou	1.791759469228055
BSV_GC_n_15_du_10_mars_2015_cle0bc9b5	laitue romaine	1.455287232606842
BSV_GC_n_22_du_30_avril_2013_cle82bfbf	grande culture	23.498030974894725
BSV_GC_n_22_du_30_avril_2013_cle82bfbf	colza	10.776589183732876
BSV_GC_n_22_du_30_avril_2013_cle82bfbf	blé	9.860036784658691
BSV_GC_n_22_du_30_avril_2013_cle82bfbf	tournesol	8.952186287425898
BSV_GC_n_22_du_30_avril_2013_cle82bfbf	féverole	6.437751649736401
BSV_GC_n_22_du_30_avril_2013_cle82bfbf	maïs	5.75877852221382
BSV_GC_n_22_du_30_avril_2013_cle82bfbf	pois	4.35484390008008
BSV_GC_n_22_du_30_avril_2013_cle82bfbf	pois protéagineux de printemps	3.624340932976365
BSV_GC_n_22_du_30_avril_2013_cle82bfbf	soja	2.9311937524164198
BSV_GC_n_22_du_30_avril_2013_cle82bfbf	céréale à paille	2.0661963149298153
BSV_GC_n_22_du_30_avril_2013_cle82bfbf	chou	1.791759469228055
BSV_GC_n_22_du_30_avril_2013_cle82bfbf	floriculture	1.6433394641097818
BSV_GRANDES_CULTURES_2017_No5_cle8b8eff	colza	22.90025201543236
BSV_GRANDES_CULTURES_2017_No5_cle8b8eff	blé	8.21669732054891
BSV_GRANDES_CULTURES_2017_No5_cle8b8eff	orge de printemps	5.8623875048328395
BSV_GRANDES_CULTURES_2017_No5_cle8b8eff	culture industrielle	5.051457288616511
BSV_GRANDES_CULTURES_2017_No5_cle8b8eff	pomme de terre	4.1323926298596305
BSV_GRANDES_CULTURES_2017_No5_cle8b8eff	grande culture	3.3568615678421034
BSV_GRANDES_CULTURES_2017_No5_cle8b8eff	orge d'hiver	2.6127400212978853
BSV_GRANDES_CULTURES_2017_No5_cle8b8eff	blé tendre	2.6127400212978853
BSV_GRANDES_CULTURES_2017_No5_cle8b8eff	céréale à paille	2.0661963149298153
BSV_GRANDES_CULTURES_2017_No5_cle8b8eff	culture légumière	1.7147984280919266
BSV_GRANDES_CULTURES_2017_No5_cle8b8eff	arboriculture	1.6433394641097818
BSV_GRANDES_CULTURES_2017_No5_cle8b8eff	laitue romaine	1.455287232606842
BSV_GRANDES_CULTURES_2017_No5_cle8b8eff	pommier	1.3997173814520314
BSV_GRANDES_CULTURES_2018_No38_cle0b961f	colza	9.429515535766265
BSV_GRANDES_CULTURES_2018_No38_cle0b961f	colza de printemps	8.63497622707262
BSV_GRANDES_CULTURES_2018_No38_cle0b961f	blé	6.573357856439127
BSV_GRANDES_CULTURES_2018_No38_cle0b961f	culture industrielle	5.051457288616511
BSV_GRANDES_CULTURES_2018_No38_cle0b961f	pomme de terre	4.1323926298596305
BSV_GRANDES_CULTURES_2018_No38_cle0b961f	céréale	3.83918568147588
BSV_GRANDES_CULTURES_2018_No38_cle0b961f	grande culture	3.3568615678421034
BSV_GRANDES_CULTURES_2018_No38_cle0b961f	palmier	3.2188758248682006
BSV_GRANDES_CULTURES_2018_No38_cle0b961f	oignon	2.5257286443082556
BSV_GRANDES_CULTURES_2018_No38_cle0b961f	chou	1.791759469228055
BSV_GRANDES_CULTURES_2018_No38_cle0b961f	culture légumière	1.7147984280919266
BSV_GRANDES_CULTURES_2018_No38_cle0b961f	arboriculture	1.6433394641097818
BSV_GRANDES_CULTURES_2018_No38_cle0b961f	pommier	1.3997173814520314
BSV_Grandes_Cultures_Lin__Oleagineux_n19_NR_02052018_cle06c988	lin	32.49660241322652
BSV_Grandes_Cultures_Lin__Oleagineux_n19_NR_02052018_cle06c988	lin oléagineux	20.407184289972932
BSV_Grandes_Cultures_Lin__Oleagineux_n19_NR_02052018_cle06c988	lin oléagineux d'hiver	12.875503299472802
BSV_Grandes_Cultures_Lin__Oleagineux_n19_NR_02052018_cle06c988	lin oléagineux de printemps	7.824046010856292
BSV_Grandes_Cultures_Lin__Oleagineux_n19_NR_02052018_cle06c988	oléagineux	3.624340932976365
BSV_Grandes_Cultures_Lin__Oleagineux_n19_NR_02052018_cle06c988	floriculture	3.2866789282195636
BSV_Grandes_Cultures_Lin__Oleagineux_n2_NR_17102017_cle4cd66c	lin oléagineux	20.407184289972932
BSV_Grandes_Cultures_Lin__Oleagineux_n2_NR_17102017_cle4cd66c	lin	16.24830120661326
BSV_Grandes_Cultures_Lin__Oleagineux_n2_NR_17102017_cle4cd66c	lin oléagineux d'hiver	12.875503299472802
BSV_Grandes_Cultures_Lin__Oleagineux_n2_NR_17102017_cle4cd66c	oléagineux	3.624340932976365
BSV_Grandes_Cultures_Lin__Oleagineux_n2_NR_17102017_cle4cd66c	colza	1.3470736479666094
BSV_JEVI_4_24_juillet_2019_cle4fa1b8	palmier	48.28313737302301
BSV_JEVI_4_24_juillet_2019_cle4fa1b8	chêne	17.005986908310778
BSV_JEVI_4_24_juillet_2019_cle4fa1b8	vigne	9.830564281864163
BSV_JEVI_4_24_juillet_2019_cle4fa1b8	horticulture ornementale	5.8623875048328395
BSV_JEVI_4_24_juillet_2019_cle4fa1b8	grenadille	5.0106352940962555
BSV_JEVI_4_24_juillet_2019_cle4fa1b8	tomate	4.605170185988092
BSV_JEVI_4_24_juillet_2019_cle4fa1b8	arboriculture fruitière tropicale	4.31748811353631
BSV_JEVI_4_24_juillet_2019_cle4fa1b8	bananier	3.912023005428146
BSV_JEVI_4_24_juillet_2019_cle4fa1b8	culture légumière	3.4295968561838532
BSV_JEVI_4_24_juillet_2019_cle4fa1b8	melon	3.0647251450409425
BSV_JEVI_4_24_juillet_2019_cle4fa1b8	arboriculture fruitière	2.7460982687397397
BSV_JEVI_4_24_juillet_2019_cle4fa1b8	poivron	2.6127400212978853
BSV_JEVI_4_24_juillet_2019_cle4fa1b8	culture industrielle	2.5257286443082556
BSV_JEVI_4_24_juillet_2019_cle4fa1b8	poirier	2.302585092994046
BSV_JEVI_4_24_juillet_2019_cle4fa1b8	cerisier	2.2380465718564744
BSV_JEVI_4_24_juillet_2019_cle4fa1b8	zone non agricole	2.120263536200091
BSV_LIN_FIBRE_2020_No6_cle0365b1	lin	13.54025100551105
BSV_Legumes_082019_cle841c8f-1	oignon	32.83447237600733
BSV_Legumes_082019_cle841c8f-1	chou	32.25167044610499
BSV_Legumes_082019_cle841c8f-1	culture légumière	18.862782709011192
BSV_Legumes_082019_cle841c8f-1	poireau	16.529570519438522
BSV_Legumes_082019_cle841c8f-1	pois	8.70968780016016
BSV_Legumes_082019_cle841c8f-1	céleri	7.838220063893656
BSV_Legumes_082019_cle841c8f-1	échalion	4.31748811353631
BSV_Legumes_082019_cle841c8f-1	haricot vert	4.31748811353631
BSV_Legumes_082019_cle841c8f-1	ail	3.912023005428146
BSV_Legumes_082019_cle841c8f-1	haricot	3.2188758248682006
BSV_Legumes_082019_cle841c8f-1	échalote	3.0647251450409425
BSV_Legumes_082019_cle841c8f-1	radis	2.9311937524164198
BSV_Legumes_082019_cle841c8f-1	laitue romaine	2.910574465213684
BSV_Legumes_082019_cle841c8f-1	tomate	2.302585092994046
BSV_Legumes_082019_cle841c8f-1	pomme de terre	2.0661963149298153
BSV_Legumes_322019_2__cle44e13b	culture légumière	20.57758113710312
BSV_Legumes_322019_2__cle44e13b	poireau	16.529570519438522
BSV_Legumes_322019_2__cle44e13b	haricot	6.437751649736401
BSV_Legumes_322019_2__cle44e13b	haricot vert	4.31748811353631
BSV_Legumes_322019_2__cle44e13b	chou	3.58351893845611
BSV_Legumes_322019_2__cle44e13b	oignon	2.5257286443082556
BSV_Legumes_322019_2__cle44e13b	pois	2.17742195004004
BSV_Lin_09_cle07fbd6	lin oléagineux	20.407184289972932
BSV_Lin_09_cle07fbd6	lin oléagineux d'hiver	16.094379124341003
BSV_Lin_09_cle07fbd6	lin	10.83220080440884
BSV_Lin_bilan_cle8a2881	lin	48.74490361983978
BSV_Lin_bilan_cle8a2881	lin fibre de printemps	35.20820704885331
BSV_Lin_bilan_cle8a2881	lin oléagineux	20.407184289972932
BSV_Lin_bilan_cle8a2881	lin oléagineux d'hiver	19.313254949209202
BSV_Lin_bilan_cle8a2881	floriculture	4.9300183923293455
BSV_Lin_bilan_cle8a2881	lin oléagineux de printemps	3.912023005428146
BSV_Lin_bilan_cle8a2881	oléagineux	3.624340932976365
BSV_Lin_bilan_cle8a2881	céréale	1.91959284073794
BSV_MARAICHAGE_2018-17_cle04f12d	chou	16.125835223052494
BSV_MARAICHAGE_2018-17_cle04f12d	poireau	10.330981574649076
BSV_MARAICHAGE_2018-17_cle04f12d	persil	3.0647251450409425
BSV_MARAICHAGE_2018-17_cle04f12d	artichaut	2.70805020110221
BSV_MARAICHAGE_2018-17_cle04f12d	laitue	2.5257286443082556
BSV_MARAICHAGE_2018-17_cle04f12d	culture industrielle	2.5257286443082556
BSV_MARAICHAGE_2018-17_cle04f12d	culture légumière	1.7147984280919266
BSV_MARAICHAGE_2018-17_cle04f12d	arboriculture	1.6433394641097818
BSV_MARAICHAGE_2018-17_cle04f12d	pommier	1.3997173814520314
BSV_MARAICHAGE_2019_07_cle0cc493	pomme de terre	28.926748409017414
BSV_MARAICHAGE_2019_07_cle0cc493	chou	12.542316284596385
BSV_MARAICHAGE_2019_07_cle0cc493	tomate	9.210340371976184
BSV_MARAICHAGE_2019_07_cle0cc493	poivron	7.838220063893656
BSV_MARAICHAGE_2019_07_cle0cc493	culture légumière	6.8591937123677065
BSV_MARAICHAGE_2019_07_cle0cc493	persil	6.129450290081885
BSV_MARAICHAGE_2019_07_cle0cc493	céleri	5.225480042595771
BSV_MARAICHAGE_2019_07_cle0cc493	laitue	5.051457288616511
BSV_MARAICHAGE_2019_07_cle0cc493	moutarde	5.0106352940962555
BSV_MARAICHAGE_2019_07_cle0cc493	cerfeuil	4.31748811353631
BSV_MARAICHAGE_2019_07_cle0cc493	culture fruitière	3.912023005428146
BSV_MARAICHAGE_2019_07_cle0cc493	bananier	3.912023005428146
BSV_MARAICHAGE_2019_07_cle0cc493	culture tropicale	3.624340932976365
BSV_MARAICHAGE_2019_07_cle0cc493	haricot	3.2188758248682006
BSV_MARAICHAGE_2019_07_cle0cc493	melon	3.0647251450409425
BSV_MARAICHAGE_2019_07_cle0cc493	pommier	2.799434762904063
BSV_MARAICHAGE_2019_07_cle0cc493	arboriculture fruitière	2.7460982687397397
BSV_MARAICHAGE_2019_07_cle0cc493	culture industrielle	2.5257286443082556
BSV_MARAICHAGE_2019_07_cle0cc493	oranger	2.371577964480997
BSV_MARAICHAGE_2019_07_cle0cc493	arboriculture	1.6433394641097818
BSV_MARAICHAGE_2019_07_cle0cc493	colza	1.3470736479666094
BSV_MARAICHAGE_Nord_NA_24_20201021_cle8b8312	poireau	20.661963149298153
BSV_MARAICHAGE_Nord_NA_24_20201021_cle8b8312	céleri	18.289180149085198
BSV_MARAICHAGE_Nord_NA_24_20201021_cle8b8312	chou	14.33407575382444
BSV_MARAICHAGE_Nord_NA_24_20201021_cle8b8312	oranger	7.114733893442992
BSV_MARAICHAGE_Nord_NA_24_20201021_cle8b8312	palmier	3.2188758248682006
BSV_MARAICHAGE_Nord_NA_24_20201021_cle8b8312	radis	2.9311937524164198
BSV_MARAICHAGE_Nord_NA_24_20201021_cle8b8312	zone non agricole	2.120263536200091
BSV_MARAICHAGE_Nord_NA_24_20201021_cle8b8312	laitue romaine	1.455287232606842
BSV_NA_CHATAIGNIER_GSO_09_20190919_cle868eba	châtaignier	45.0957176468663
BSV_NA_CULTURES_LEGUMIERES-Nord_NA__20_20170830_cle02661b	céleri	28.740140234276737
BSV_NA_CULTURES_LEGUMIERES-Nord_NA__20_20170830_cle02661b	melon	15.323625725204712
BSV_NA_CULTURES_LEGUMIERES-Nord_NA__20_20170830_cle02661b	tomate	11.51292546497023
BSV_NA_CULTURES_LEGUMIERES-Nord_NA__20_20170830_cle02661b	poireau	10.330981574649076
BSV_NA_CULTURES_LEGUMIERES-Nord_NA__20_20170830_cle02661b	laitue romaine	4.365861697820526
BSV_NA_CULTURES_LEGUMIERES-Nord_NA__20_20170830_cle02661b	radis	2.9311937524164198
BSV_NA_CULTURES_LEGUMIERES-Nord_NA__20_20170830_cle02661b	betterave	2.5257286443082556
BSV_NA_CULTURES__LEGUMIERES-Nord_Nouvelle_Aquitaine_n_28_cle424df5	céleri	26.127400212978852
BSV_NA_CULTURES__LEGUMIERES-Nord_Nouvelle_Aquitaine_n_28_cle424df5	poireau	8.264785259719261
BSV_NA_CULTURES__LEGUMIERES-Nord_Nouvelle_Aquitaine_n_28_cle424df5	melon	6.129450290081885
BSV_NA_CULTURES__LEGUMIERES-Nord_Nouvelle_Aquitaine_n_28_cle424df5	laitue romaine	1.455287232606842
BSV_NA_GC_AQUITAINE_N09_20190404_cle0279a3	grande culture	25.176461758815776
BSV_NA_GC_AQUITAINE_N09_20190404_cle0279a3	orge	18.289180149085198
BSV_NA_GC_AQUITAINE_N09_20190404_cle0279a3	colza	14.817810127632704
BSV_NA_GC_AQUITAINE_N09_20190404_cle0279a3	blé	14.790055176988037
BSV_NA_GC_AQUITAINE_N09_20190404_cle0279a3	triticale	14.067053583800181
BSV_NA_GC_AQUITAINE_N09_20190404_cle0279a3	blé tendre	7.838220063893656
BSV_NA_GC_AQUITAINE_N09_20190404_cle0279a3	céréale à paille	6.198588944789446
BSV_NA_GC_AQUITAINE_N09_20190404_cle0279a3	blé dur	3.912023005428146
BSV_NA_GC_AQUITAINE_N09_20190404_cle0279a3	floriculture	3.2866789282195636
BSV_NA_GC_AQUITAINE_N09_20190404_cle0279a3	soja	2.9311937524164198
BSV_NA_GC_AQUITAINE_N09_20190404_cle0279a3	blé tendre d'hiver	2.70805020110221
BSV_NA_GC_AQUITAINE_N09_20190404_cle0279a3	tournesol	2.2380465718564744
BSV_NA_GC_AQUITAINE_N09_20190404_cle0279a3	céréale	1.91959284073794
BSV_NA_GC_AQUITAINE_N09_20190404_cle0279a3	culture légumière	1.7147984280919266
BSV_NA_GC_Aquitaine_N5_20180322_cle4a4445	colza	26.941472959332188
BSV_NA_GC_Aquitaine_N5_20180322_cle4a4445	grande culture	21.819600190973674
BSV_NA_GC_Aquitaine_N5_20180322_cle4a4445	blé tendre	7.838220063893656
BSV_NA_GC_Aquitaine_N5_20180322_cle4a4445	floriculture	6.573357856439127
BSV_NA_GC_Aquitaine_N5_20180322_cle4a4445	céréale à paille	6.198588944789446
BSV_NA_GC_Aquitaine_N5_20180322_cle4a4445	triticale	5.626821433520073
BSV_NA_GC_Aquitaine_N5_20180322_cle4a4445	orge	5.225480042595771
BSV_NA_GC_Aquitaine_N5_20180322_cle4a4445	blé dur	3.912023005428146
BSV_NA_GC_Aquitaine_N5_20180322_cle4a4445	céréale	3.83918568147588
BSV_NA_GC_Aquitaine_N5_20180322_cle4a4445	blé	3.2866789282195636
BSV_NA_GC_Aquitaine_N5_20180322_cle4a4445	chou	1.791759469228055
BSV_NA_PETITS_FRUITS_05_20190313-1_cle8c1a16	petit fruit	35.407634073550206
BSV_NA_PETITS_FRUITS_05_20190313-1_cle8c1a16	fraisier	8.44023215028011
BSV_NA_PETITS_FRUITS_05_20190313-1_cle8c1a16	rosier ornemental	4.8913718732694385
BSV_NA_PETITS_FRUITS_05_20190313-1_cle8c1a16	pomme de terre	4.1323926298596305
BSV_NA_PETITS_FRUITS_05_20190313-1_cle8c1a16	rosier	3.2188758248682006
BSV_NA_PETITS_FRUITS_05_20190313-1_cle8c1a16	melon	3.0647251450409425
BSV_NA_POMMIER_NORD_18_20170719_cle4a8443	pommier	19.59604334032844
BSV_NA_POMMIER_NORD_18_20170719_cle4a8443	arboriculture fruitière	9.611343940589089
BSV_NA_POMMIER_NORD_18_20170719_cle4a8443	attier	4.31748811353631
BSV_NA_POMMIER_NORD_18_20170719_cle4a8443	pâtisson 	3.912023005428146
BSV_NA_POMMIER_NORD_18_20170719_cle4a8443	oranger	2.371577964480997
BSV_NA_POMMIER_NORD_18_20170719_cle4a8443	laitue romaine	1.455287232606842
BSV_NA_POMMIER_POIRIER_LIMOUSIN_01_20200124_cle837b7a	pommier	13.997173814520314
BSV_NA_POMMIER_POIRIER_LIMOUSIN_01_20200124_cle837b7a	arboriculture fruitière	4.11914740310961
BSV_NA_POMMIER_POIRIER_Sud_18_20180726_cle8d7184	pommier	29.39406501049266
BSV_NA_POMMIER_POIRIER_Sud_18_20180726_cle8d7184	arboriculture fruitière	6.865245671849349
BSV_NA_POMMIER_POIRIER_Sud_18_20180726_cle8d7184	laitue romaine	2.910574465213684
BSV_NA_POMMIER_POIRIER_Sud_8_20190404_cle0177e8	pommier	37.79236929920485
BSV_NA_POMMIER_POIRIER_Sud_8_20190404_cle0177e8	arboriculture fruitière	4.11914740310961
BSV_NA_POMMIER_POIRIER_Sud_8_20190404_cle0177e8	culture légumière	3.4295968561838532
BSV_NA_POMMIER_POIRIER_Sud_8_20190404_cle0177e8	floriculture	1.6433394641097818
BSV_NA_VIGNE_CHARENTE_03_20170419_cle86a6e5	vigne	27.525579989219658
BSV_NA_VIGNE_Limousin_06_20180515_cle841333	vigne	21.62724142010116
BSV_NA_VIGNE_Limousin_18_20180807_cle8eb5f7	vigne	21.62724142010116
BSV_NA_VIGNE_Limousin_18_20180807_cle8eb5f7	rosier ornemental	2.4456859366347192
BSV_NA_VIGNE_Limousin_18_20180807_cle8eb5f7	laitue romaine	1.455287232606842
BSV_NA_VIGNE_Sud_Aquitaine_17_20190716_cle841a78	vigne	33.42391855833816
BSV_NA_VIGNE_Sud_Aquitaine_17_20190716_cle841a78	laitue romaine	1.455287232606842
BSV_Olivier_20200902_N13_cle8395b6	olivier fruit à noyaux	25.90492868121786
BSV_Olivier_20200902_N13_cle8395b6	arboriculture fruitière	12.357442209328829
BSV_Ornement_Normandie_n-09-2017_cle03389c	horticulture ornementale	14.655968762082098
BSV_Ornement_Normandie_n-09-2017_cle03389c	culture légumière	3.4295968561838532
BSV_Ornement_Normandie_n-09-2017_cle03389c	chêne	3.4011973816621555
BSV_Ornement_Normandie_n-09-2017_cle03389c	pommier	2.799434762904063
BSV_Ornement_Normandie_n-09-2017_cle03389c	cerisier	2.2380465718564744
BSV_PETITS_FRUITS_NA_01_20200114_cle04ef97	petit fruit	22.532130774077405
BSV_PETITS_FRUITS_NA_01_20200114_cle04ef97	fraisier	8.44023215028011
BSV_PETITS_FRUITS_NA_01_20200114_cle04ef97	rosier ornemental	4.8913718732694385
BSV_PETITS_FRUITS_NA_01_20200114_cle04ef97	pomme de terre	4.1323926298596305
BSV_PETITS_FRUITS_NA_01_20200114_cle04ef97	rosier	3.2188758248682006
BSV_PETITS_FRUITS_NA_01_20200114_cle04ef97	melon	3.0647251450409425
BSV_Presentation_du_reseau_2018_cle4a84c9	culture fruitière	31.296184043425168
BSV_Presentation_du_reseau_2018_cle4a84c9	pommier	9.79802167016422
BSV_Presentation_du_reseau_2018_cle4a84c9	cerisier	6.714139715569424
BSV_Presentation_du_reseau_2018_cle4a84c9	arboriculture	4.9300183923293455
BSV_Presentation_du_reseau_2018_cle4a84c9	arboriculture fruitière	4.11914740310961
BSV_Presentation_du_reseau_2018_cle4a84c9	abricotier	3.2188758248682006
BSV_RA_ARBO_no19du19062018_cle4af8d5-1	culture fruitière	89.97652912484736
BSV_RA_ARBO_no19du19062018_cle4af8d5-1	abricotier	35.407634073550206
BSV_RA_ARBO_no19du19062018_cle4af8d5-1	pommier	25.194912866136566
BSV_RA_ARBO_no19du19062018_cle4af8d5-1	arboriculture fruitière	24.714884418657658
BSV_RA_ARBO_no19du19062018_cle4af8d5-1	cerisier	17.904372574851795
BSV_RA_ARBO_no19du19062018_cle4af8d5-1	arbre fruitier à noyau	13.604789526648622
BSV_RA_ARBO_no19du19062018_cle4af8d5-1	arboriculture fruitière tropicale	8.63497622707262
BSV_RA_ARBO_no19du19062018_cle4af8d5-1	zone non agricole	8.481054144800364
BSV_RA_ARBO_no19du19062018_cle4af8d5-1	gel	7.24868186595273
BSV_RA_ARBO_no19du19062018_cle4af8d5-1	prunier	6.907755278982138
BSV_RA_ARBO_no19du19062018_cle4af8d5-1	artichaut	5.41610040220442
BSV_RA_ARBO_no19du19062018_cle4af8d5-1	noyer	5.0106352940962555
BSV_RA_ARBO_no19du19062018_cle4af8d5-1	tournesol	4.476093143712949
BSV_RA_ARBO_no19du19062018_cle4af8d5-1	lentille potagère	4.31748811353631
BSV_RA_ARBO_no19du19062018_cle4af8d5-1	céréale à paille	4.1323926298596305
BSV_RA_ARBO_no19du19062018_cle4af8d5-1	miscanthus	3.912023005428146
BSV_RA_ARBO_no19du19062018_cle4af8d5-1	mangoustanier	3.4011973816621555
BSV_RA_ARBO_no19du19062018_cle4af8d5-1	arboriculture	3.2866789282195636
BSV_RA_ARBO_no19du19062018_cle4af8d5-1	horticulture ornementale	2.9311937524164198
BSV_RA_ARBO_no19du19062018_cle4af8d5-1	poirier	2.302585092994046
BSV_RA_ARBO_no19du19062018_cle4af8d5-1	floriculture	1.6433394641097818
BSV_RA_ARBO_no19du19062018_cle4af8d5-1	laitue romaine	1.455287232606842
BSV_Tomate_d_industrie_no3_cle4bdce9-2	mangoustanier	3.4011973816621555
BSV_Tomate_d_industrie_no3_cle4bdce9-2	laitue romaine	1.455287232606842
BSV_ZNA-PO_20190527_N2_cle048919	palmier	19.313254949209202
BSV_ZNA-PO_20190527_N2_cle048919	horticulture ornementale	17.58716251449852
BSV_ZNA-PO_20190527_N2_cle048919	rosier	9.656627474604601
BSV_ZNA-PO_20190527_N2_cle048919	laitue romaine	5.821148930427368
BSV_ZNA-PO_20190527_N2_cle048919	zone non agricole	4.240527072400182
BSV_ZNA-PO_20190527_N2_cle048919	arboriculture fruitière	4.11914740310961
BSV_ZNA-PO_20190527_N2_cle048919	laurier	3.624340932976365
BSV_ZNA-PO_20190527_N2_cle048919	rosier ornemental	2.4456859366347192
BSV_ZNA_2018_N09_cle4f1dfc	céréale à paille	4.1323926298596305
BSV_ZNA_2018_N09_cle4f1dfc	vigne	1.9661128563728327
BSV_ZNA_n_04_du_29_avril_2011_cle8fd486	palmier	32.18875824868201
BSV_ZNA_n_04_du_29_avril_2011_cle8fd486	zone non agricole	12.721581217200546
BSV_ZNA_n_04_du_29_avril_2011_cle8fd486	pâtisson 	3.912023005428146
BSV_ZNA_n_04_du_29_avril_2011_cle8fd486	horticulture ornementale	2.9311937524164198
BSV_ZNA_n_05_du_31_mai_2013_cle0dcf4b	zone non agricole	14.841844753400636
BSV_ZNA_n_05_du_31_mai_2013_cle0dcf4b	rosier	12.875503299472802
BSV_ZNA_n_05_du_31_mai_2013_cle0dcf4b	culture légumière	3.4295968561838532
BSV_ZNA_n_05_du_31_mai_2013_cle0dcf4b	chêne	3.4011973816621555
BSV_ZNA_n_05_du_31_mai_2013_cle0dcf4b	arboriculture fruitière	2.7460982687397397
BSV_ZNA_n_13_du_21_septembre_2012_cle82a3a6	rosier	19.313254949209202
BSV_ZNA_n_13_du_21_septembre_2012_cle82a3a6	zone non agricole	12.721581217200546
BSV_ZNA_n_13_du_21_septembre_2012_cle82a3a6	culture légumière	3.4295968561838532
BSV_ZNA_n_13_du_21_septembre_2012_cle82a3a6	chêne	3.4011973816621555
BSV_ZNA_n_13_du_21_septembre_2012_cle82a3a6	arboriculture fruitière	2.7460982687397397
BSV_arbo_27_cle4dff21	arboriculture	11.503376248768472
BSV_arbo_27_cle4dff21	pommier	4.199152144356094
BSV_arbo_27_cle4dff21	arboriculture fruitière	4.11914740310961
BSV_arbo_27_cle4dff21	mangoustanier	3.4011973816621555
BSV_arboriculture_25_du_23_05_19_cle077bda	pommier	37.79236929920485
BSV_arboriculture_25_du_23_05_19_cle077bda	arboriculture	34.51012874630542
BSV_arboriculture_25_du_23_05_19_cle077bda	cerisier	29.094605434134166
BSV_arboriculture_25_du_23_05_19_cle077bda	arboriculture fruitière	23.34183528428779
BSV_arboriculture_25_du_23_05_19_cle077bda	poirier	6.907755278982138
BSV_arboriculture_25_du_23_05_19_cle077bda	horticulture ornementale	5.8623875048328395
BSV_arboriculture_25_du_23_05_19_cle077bda	mangoustanier	3.4011973816621555
BSV_arboriculture_25_du_23_05_19_cle077bda	jardins familiaux	3.2188758248682006
BSV_arboriculture_25_du_23_05_19_cle077bda	fraisier	2.8134107167600364
BSV_arboriculture_25_du_23_05_19_cle077bda	oranger	2.371577964480997
BSV_arboriculture_25_du_23_05_19_cle077bda	floriculture	1.6433394641097818
BSV_arboriculture_31_du_20_06_19_cle016821	pommier	34.99293453630079
BSV_arboriculture_31_du_20_06_19_cle016821	arboriculture	29.580110353976075
BSV_arboriculture_31_du_20_06_19_cle016821	cerisier	20.14241914670827
BSV_arboriculture_31_du_20_06_19_cle016821	arboriculture fruitière	19.222687881178178
BSV_arboriculture_31_du_20_06_19_cle016821	poirier	6.907755278982138
BSV_arboriculture_31_du_20_06_19_cle016821	mangoustanier	3.4011973816621555
BSV_arboriculture_31_du_20_06_19_cle016821	jardins familiaux	3.2188758248682006
BSV_arboriculture_31_du_20_06_19_cle016821	bananier plantain	3.0647251450409425
BSV_arboriculture_31_du_20_06_19_cle016821	fraisier	2.8134107167600364
BSV_arboriculture_31_du_20_06_19_cle016821	oranger	2.371577964480997
BSV_bilan_ble_campagne_2014_2015_cle037c1e	blé tendre d'hiver	35.20465261432873
BSV_bilan_ble_campagne_2014_2015_cle037c1e	blé tendre	13.063700106489426
BSV_bilan_ble_campagne_2014_2015_cle037c1e	céréale	7.67837136295176
BSV_bilan_ble_campagne_2014_2015_cle037c1e	blé	4.9300183923293455
BSV_bilan_ble_campagne_2014_2015_cle037c1e	oranger	2.371577964480997
BSV_bilan_cereales_Normandie_R2015_V2_cle0e2acd	blé tendre	7.838220063893656
BSV_bilan_cereales_Normandie_R2015_V2_cle0e2acd	orge d'hiver	5.225480042595771
BSV_bilan_cereales_Normandie_R2015_V2_cle0e2acd	maïs fourrage	3.912023005428146
BSV_bilan_cereales_Normandie_R2015_V2_cle0e2acd	blé tendre d'hiver	2.70805020110221
BSV_bilan_cereales_Normandie_R2015_V2_cle0e2acd	orge	2.6127400212978853
BSV_bilan_cereales_Normandie_R2015_V2_cle0e2acd	oranger	2.371577964480997
BSV_bilan_cereales_Normandie_R2015_V2_cle0e2acd	blé	1.6433394641097818
BSV_ge_legumes_no11_du_01-07-20_cle497eed	chou	43.00222726147332
BSV_ge_legumes_no11_du_01-07-20_cle497eed	culture légumière	32.5811701337466
BSV_ge_legumes_no11_du_01-07-20_cle497eed	pomme de terre	16.529570519438522
BSV_ge_legumes_no11_du_01-07-20_cle497eed	Chou cabus blanc	15.031905882288767
BSV_ge_legumes_no11_du_01-07-20_cle497eed	laitue	10.102914577233022
BSV_ge_legumes_no11_du_01-07-20_cle497eed	chou de Milan	10.021270588192511
BSV_ge_legumes_no11_du_01-07-20_cle497eed	poivron	5.225480042595771
BSV_ge_legumes_no11_du_01-07-20_cle497eed	chou chinois	5.0106352940962555
BSV_ge_legumes_no11_du_01-07-20_cle497eed	chou frisé	5.0106352940962555
BSV_ge_legumes_no11_du_01-07-20_cle497eed	chou cabus rouge	5.0106352940962555
BSV_ge_legumes_no11_du_01-07-20_cle497eed	tomate	4.605170185988092
BSV_ge_legumes_no11_du_01-07-20_cle497eed	chou de Bruxelles	4.31748811353631
BSV_ge_legumes_no11_du_01-07-20_cle497eed	chou pommé	4.31748811353631
BSV_ge_legumes_no11_du_01-07-20_cle497eed	laitue batavia	3.2188758248682006
BSV_ge_legumes_no11_du_01-07-20_cle497eed	courgette	3.2188758248682006
BSV_ge_legumes_no11_du_01-07-20_cle497eed	radis	2.9311937524164198
BSV_ge_legumes_no11_du_01-07-20_cle497eed	artichaut	2.70805020110221
BSV_ge_legumes_no11_du_01-07-20_cle497eed	colza	2.694147295933219
BSV_ge_legumes_no11_du_01-07-20_cle497eed	céleri	2.6127400212978853
BSV_ge_legumes_no11_du_01-07-20_cle497eed	blé	1.6433394641097818
BSV_ge_legumes_no11_du_01-07-20_cle497eed	laitue romaine	1.455287232606842
BSV_legumes_03_cle872d86	oignon	65.66894475201465
BSV_legumes_03_cle872d86	radis	38.10551878141346
BSV_legumes_03_cle872d86	persil	36.77670174049131
BSV_legumes_03_cle872d86	laitue	27.78301508739081
BSV_legumes_03_cle872d86	culture légumière	22.292379565195045
BSV_legumes_03_cle872d86	laitue batavia	19.313254949209202
BSV_legumes_03_cle872d86	céleri	18.289180149085198
BSV_legumes_03_cle872d86	pomme de terre potagère	17.005986908310778
BSV_legumes_03_cle872d86	chou	10.75055681536833
BSV_legumes_03_cle872d86	culture légumière de plein champ	8.63497622707262
BSV_legumes_03_cle872d86	pois	6.532265850120119
BSV_legumes_03_cle872d86	échalote	6.129450290081885
BSV_legumes_03_cle872d86	laitue à couper	4.31748811353631
BSV_legumes_03_cle872d86	poireau	4.1323926298596305
BSV_legumes_03_cle872d86	ail	3.912023005428146
BSV_legumes_03_cle872d86	céleri-rave	3.912023005428146
BSV_legumes_03_cle872d86	culture industrielle	2.5257286443082556
BSV_legumes_03_cle872d86	pommier	1.3997173814520314
BSV_legumes_03_du_03-04-19_cle4b43ee	oignon	22.7315577987743
BSV_legumes_03_du_03-04-19_cle4b43ee	chou	17.91759469228055
BSV_legumes_03_du_03-04-19_cle4b43ee	échalote	9.194175435122828
BSV_legumes_03_du_03-04-19_cle4b43ee	pois	8.70968780016016
BSV_legumes_03_du_03-04-19_cle4b43ee	poireau	4.1323926298596305
BSV_legumes_03_du_03-04-19_cle4b43ee	lin	2.70805020110221
BSV_legumes_03_du_03-04-19_cle4b43ee	céréale	1.91959284073794
BSV_legumes_05_cle827cb7-1	oignon	98.50341712802197
BSV_legumes_05_cle827cb7-1	persil	36.77670174049131
BSV_legumes_05_cle827cb7-1	poireau	35.125337353806856
BSV_legumes_05_cle827cb7-1	culture légumière	34.295968561838535
BSV_legumes_05_cle827cb7-1	pomme de terre potagère	30.610776434959398
BSV_legumes_05_cle827cb7-1	échalote	21.453076015286598
BSV_legumes_05_cle827cb7-1	tomate	18.420680743952367
BSV_legumes_05_cle827cb7-1	pois	17.41937560032032
BSV_legumes_05_cle827cb7-1	courgette	16.094379124341003
BSV_legumes_05_cle827cb7-1	cerfeuil	12.95246434060893
BSV_legumes_05_cle827cb7-1	betterave potagère	10.873022798929096
BSV_legumes_05_cle827cb7-1	radis noir potager	10.021270588192511
BSV_legumes_05_cle827cb7-1	céleri	7.838220063893656
BSV_legumes_05_cle827cb7-1	chou	7.16703787691222
BSV_legumes_05_cle827cb7-1	radis	5.8623875048328395
BSV_legumes_05_cle827cb7-1	laitue	5.051457288616511
BSV_legumes_05_cle827cb7-1	floriculture	4.9300183923293455
BSV_legumes_05_cle827cb7-1	pomme de terre	4.1323926298596305
BSV_legumes_05_cle827cb7-1	laitue batavia	3.2188758248682006
BSV_legumes_05_cle827cb7-1	lin	2.70805020110221
BSV_legumes_05_cle827cb7-1	culture industrielle	2.5257286443082556
BSV_legumes_05_cle827cb7-1	céréale	1.91959284073794
BSV_legumes_05_cle827cb7-1	laitue romaine	1.455287232606842
BSV_legumes_12_du_22-07-20__cle0bb819	oignon	25.257286443082556
BSV_legumes_12_du_22-07-20__cle0bb819	haricot	16.094379124341003
BSV_legumes_12_du_22-07-20__cle0bb819	betterave potagère	14.49736373190546
BSV_legumes_12_du_22-07-20__cle0bb819	chou	14.33407575382444
BSV_legumes_12_du_22-07-20__cle0bb819	poivron	13.063700106489426
BSV_legumes_12_du_22-07-20__cle0bb819	courgette	12.875503299472802
BSV_legumes_12_du_22-07-20__cle0bb819	échalote	12.25890058016377
BSV_legumes_12_du_22-07-20__cle0bb819	tomate	11.51292546497023
BSV_legumes_12_du_22-07-20__cle0bb819	poireau	8.264785259719261
BSV_legumes_12_du_22-07-20__cle0bb819	pomme de terre	6.198588944789446
BSV_legumes_12_du_22-07-20__cle0bb819	pois	4.35484390008008
BSV_legumes_12_du_22-07-20__cle0bb819	légume racine	4.31748811353631
BSV_legumes_12_du_22-07-20__cle0bb819	échalion	4.31748811353631
BSV_legumes_12_du_22-07-20__cle0bb819	maïs	3.83918568147588
BSV_legumes_12_du_22-07-20__cle0bb819	fève	3.2188758248682006
BSV_legumes_12_du_22-07-20__cle0bb819	petit fruit	3.2188758248682006
BSV_legumes_12_du_22-07-20__cle0bb819	laitue romaine	2.910574465213684
BSV_legumes_12_du_22-07-20__cle0bb819	betterave	2.5257286443082556
BSV_legumes_12_du_22-07-20__cle0bb819	rosier ornemental	2.4456859366347192
BSV_legumes_12_du_22-07-20__cle0bb819	culture légumière	1.7147984280919266
BSV_legumes_12_du_26-06-19__cle047171	oignon	30.308743731699067
BSV_legumes_12_du_26-06-19__cle047171	échalote	18.388350870245656
BSV_legumes_12_du_26-06-19__cle047171	tomate	16.11809565095832
BSV_legumes_12_du_26-06-19__cle047171	chou	10.75055681536833
BSV_legumes_12_du_26-06-19__cle047171	poivron	10.450960085191541
BSV_legumes_12_du_26-06-19__cle047171	betterave potagère	7.24868186595273
BSV_legumes_12_du_26-06-19__cle047171	pois	4.35484390008008
BSV_legumes_12_du_26-06-19__cle047171	pomme de terre	4.1323926298596305
BSV_legumes_12_du_26-06-19__cle047171	fève	3.2188758248682006
BSV_legumes_12_du_26-06-19__cle047171	betterave	2.5257286443082556
BSV_legumes_12_du_26-06-19__cle047171	rosier ornemental	2.4456859366347192
BSV_legumes_12_du_26-06-19__cle047171	cerisier	2.2380465718564744
BSV_legumes_12_du_26-06-19__cle047171	poireau	2.0661963149298153
BSV_legumes_15_cle8b2b14-1	oignon	75.77185932924766
BSV_legumes_15_cle8b2b14-1	culture légumière	44.58475913039009
BSV_legumes_15_cle8b2b14-1	poireau	35.125337353806856
BSV_legumes_15_cle8b2b14-1	tomate	32.23619130191664
BSV_legumes_15_cle8b2b14-1	poivron	26.127400212978852
BSV_legumes_15_cle8b2b14-1	courgette	25.751006598945605
BSV_legumes_15_cle8b2b14-1	laitue	25.257286443082556
BSV_legumes_15_cle8b2b14-1	persil	21.453076015286598
BSV_legumes_15_cle8b2b14-1	échalote	18.388350870245656
BSV_legumes_15_cle8b2b14-1	pomme de terre potagère	17.005986908310778
BSV_legumes_15_cle8b2b14-1	haricot	16.094379124341003
BSV_legumes_15_cle8b2b14-1	laitue batavia	12.875503299472802
BSV_legumes_15_cle8b2b14-1	betterave potagère	10.873022798929096
BSV_legumes_15_cle8b2b14-1	chou	10.75055681536833
BSV_legumes_15_cle8b2b14-1	céleri	10.450960085191541
BSV_legumes_15_cle8b2b14-1	pomme de terre	10.330981574649076
BSV_legumes_15_cle8b2b14-1	légume à graines ou à gousses	10.203592144986466
BSV_legumes_15_cle8b2b14-1	culture industrielle	10.102914577233022
BSV_legumes_15_cle8b2b14-1	cerfeuil anisé	10.021270588192511
BSV_legumes_15_cle8b2b14-1	pois	6.532265850120119
BSV_legumes_15_cle8b2b14-1	betterave	5.051457288616511
BSV_legumes_15_cle8b2b14-1	maïs	3.83918568147588
BSV_legumes_15_cle8b2b14-1	jardins familiaux	3.2188758248682006
BSV_legumes_allium_pomme_de_terre_AURA_2020-9_cle0d26da	culture légumière	32.5811701337466
BSV_legumes_allium_pomme_de_terre_AURA_2020-9_cle0d26da	tomate	27.63102111592855
BSV_legumes_allium_pomme_de_terre_AURA_2020-9_cle0d26da	tabac	21.746045597858192
BSV_legumes_allium_pomme_de_terre_AURA_2020-9_cle0d26da	oignon	17.68010051015779
BSV_legumes_allium_pomme_de_terre_AURA_2020-9_cle0d26da	pomme de terre	16.529570519438522
BSV_legumes_allium_pomme_de_terre_AURA_2020-9_cle0d26da	chou	14.33407575382444
BSV_legumes_allium_pomme_de_terre_AURA_2020-9_cle0d26da	culture légumière de plein champ	12.95246434060893
BSV_legumes_allium_pomme_de_terre_AURA_2020-9_cle0d26da	courgette	9.656627474604601
BSV_legumes_allium_pomme_de_terre_AURA_2020-9_cle0d26da	poireau	8.264785259719261
BSV_legumes_allium_pomme_de_terre_AURA_2020-9_cle0d26da	ricin	5.0106352940962555
BSV_legumes_allium_pomme_de_terre_AURA_2020-9_cle0d26da	floriculture	4.9300183923293455
BSV_legumes_allium_pomme_de_terre_AURA_2020-9_cle0d26da	laitue romaine	4.365861697820526
BSV_legumes_allium_pomme_de_terre_AURA_2020-9_cle0d26da	prairie	3.2188758248682006
BSV_legumes_allium_pomme_de_terre_AURA_2020-9_cle0d26da	laitue batavia	3.2188758248682006
BSV_legumes_allium_pomme_de_terre_AURA_2020-9_cle0d26da	jardins familiaux	3.2188758248682006
BSV_legumes_allium_pomme_de_terre_AURA_2020-9_cle0d26da	colza	2.694147295933219
BSV_legumes_allium_pomme_de_terre_AURA_2020-9_cle0d26da	poivron	2.6127400212978853
BSV_legumes_allium_pomme_de_terre_AURA_2020-9_cle0d26da	laitue	2.5257286443082556
BSV_legumes_allium_pomme_de_terre_AURA_2020-9_cle0d26da	grande culture	1.6784307839210517
BSV_maraichage_no20_du_23_Octobre_2020_cle81e1d1	tomate	25.328436022934504
BSV_maraichage_no20_du_23_Octobre_2020_cle81e1d1	fraisier	11.253642867040146
BSV_maraichage_no20_du_23_Octobre_2020_cle81e1d1	poivron	5.225480042595771
BSV_maraichage_no20_du_23_Octobre_2020_cle81e1d1	laitue romaine	2.910574465213684
BSV_maraichage_no20_du_23_Octobre_2020_cle81e1d1	laitue	2.5257286443082556
BSV_no13_du_15-05-18_cle01162f	féverole d'hiver	15.648092021712584
BSV_no13_du_15-05-18_cle01162f	lin fibre de printemps	11.736069016284437
BSV_no13_du_15-05-18_cle01162f	féverole de printemps	11.736069016284437
BSV_no13_du_15-05-18_cle01162f	maïs	11.51755704442764
BSV_no13_du_15-05-18_cle01162f	lin	10.83220080440884
BSV_no13_du_15-05-18_cle01162f	lin oléagineux	10.203592144986466
BSV_no13_du_15-05-18_cle01162f	triticale	8.44023215028011
BSV_no13_du_15-05-18_cle01162f	orge	7.838220063893656
BSV_no13_du_15-05-18_cle01162f	pois protéagineux de printemps	7.24868186595273
BSV_no13_du_15-05-18_cle01162f	féverole	6.437751649736401
BSV_no13_du_15-05-18_cle01162f	fève	6.437751649736401
BSV_no13_du_15-05-18_cle01162f	lin oléagineux d'hiver	6.437751649736401
BSV_no13_du_15-05-18_cle01162f	céréale	5.75877852221382
BSV_no13_du_15-05-18_cle01162f	colza	5.388294591866438
BSV_no13_du_15-05-18_cle01162f	blé	4.9300183923293455
BSV_no13_du_15-05-18_cle01162f	pois	4.35484390008008
BSV_no13_du_15-05-18_cle01162f	lin oléagineux de printemps	3.912023005428146
BSV_no13_du_15-05-18_cle01162f	prairie	3.2188758248682006
BSV_no13_du_15-05-18_cle01162f	blé tendre d'hiver	2.70805020110221
BSV_no13_du_15-05-18_cle01162f	blé tendre	2.6127400212978853
BSV_no13_du_15-05-18_cle01162f	oranger	2.371577964480997
BSV_no13_du_15-05-18_cle01162f	poireau	2.0661963149298153
BSV_no13_du_15-05-18_cle01162f	laitue romaine	1.455287232606842
BSV_no17_pommes_de_terre_cle8966e3-1	pomme de terre potagère	6.802394763324311
BSV_no17_pommes_de_terre_cle8966e3-1	pomme de terre	2.0661963149298153
BSV_no19_du_23-06-2020_cle09c329	maïs	24.95470692959322
BSV_no19_du_23-06-2020_cle09c329	oranger	4.743155928961994
BSV_no19_du_23-06-2020_cle09c329	gel	3.624340932976365
BSV_no19_du_23-06-2020_cle09c329	blé tendre	2.6127400212978853
BSV_no19_du_23-06-2020_cle09c329	céréale à paille	2.0661963149298153
BSV_no31_du_05-11-19_cle05121a	céréale	11.51755704442764
BSV_no31_du_05-11-19_cle05121a	colza	9.429515535766265
BSV_no31_du_05-11-19_cle05121a	laitue romaine	2.910574465213684
BSV_no31_du_05-11-19_cle05121a	orge	2.6127400212978853
BSV_no31_du_05-11-19_cle05121a	céréale à paille	2.0661963149298153
BSV_no31_du_05-11-19_cle05121a	maïs	1.91959284073794
BSV_no31_du_05-11-19_cle05121a	blé	1.6433394641097818
BSV_no4_cle0e4cd5-1	betterave	22.7315577987743
BSV_no7_du_31-03-20_cle835128	blé	8.21669732054891
BSV_no7_du_31-03-20_cle835128	colza	5.388294591866438
BSV_no7_du_31-03-20_cle835128	blé tendre	5.225480042595771
BSV_no7_du_31-03-20_cle835128	blé tendre d'hiver	2.70805020110221
BSV_no7_du_31-03-20_cle835128	pois	2.17742195004004
BSV_no7_du_31-03-20_cle835128	céréale	1.91959284073794
BSV_no7_du_31-03-20_cle835128	floriculture	1.6433394641097818
BSV_oleagineux_02_du_11-09-18_cle8aec1b	colza	5.388294591866438
BSV_oleagineux_08_du_23-10-18_cle8b615d	chou	12.542316284596385
BSV_oleagineux_08_du_23-10-18_cle8b615d	colza	10.776589183732876
BSV_oleagineux_08_du_23-10-18_cle8b615d	artichaut	2.70805020110221
BSV_oleagineux_16_cle0c1a18-1	oléagineux	10.873022798929096
BSV_oleagineux_16_cle0c1a18-1	colza	10.776589183732876
BSV_oleagineux_16_cle0c1a18-1	chou	7.16703787691222
BSV_oleagineux_16_cle0c1a18-1	céréale à paille	2.0661963149298153
BSV_oleagineux_22_du_31-03-20_cle831bc8	colza	9.429515535766265
BSV_oleagineux_22_du_31-03-20_cle831bc8	floriculture	1.6433394641097818
BSV_petits-fruits-2019_N05_cle41f1d8	petit fruit	16.094379124341003
BSV_petits-fruits-2019_N05_cle41f1d8	fraisier	14.067053583800181
BSV_petits-fruits-2019_N05_cle41f1d8	groseillier	10.021270588192511
BSV_petits-fruits-2019_N05_cle41f1d8	gel	7.24868186595273
BSV_petits-fruits-2019_N05_cle41f1d8	tournesol	4.476093143712949
BSV_petits-fruits-2019_N05_cle41f1d8	lentille potagère	4.31748811353631
BSV_petits-fruits-2019_N05_cle41f1d8	miscanthus	3.912023005428146
BSV_petits-fruits-2019_N05_cle41f1d8	zone non agricole	2.120263536200091
BSV_petits-fruits-2019_N05_cle41f1d8	céréale à paille	2.0661963149298153
BSV_pomme_de_terre_8_du_10_mai_2016_cle0127ee	pomme de terre	8.264785259719261
BSV_pomme_de_terre_8_du_10_mai_2016_cle0127ee	fourrage annuel	4.31748811353631
BSV_pomme_de_terre_8_du_10_mai_2016_cle0127ee	zone non agricole	2.120263536200091
BSV_pomme_de_terre_8_du_10_mai_2016_cle0127ee	pommier	1.3997173814520314
BSV_viti_10_cle4e6966-2	vigne	7.864451425491331
BSVarbo9_cle8977d6-1	arboriculture	19.720073569317382
BSVarbo9_cle8977d6-1	pommier	13.997173814520314
BSVarbo9_cle8977d6-1	arboriculture fruitière	12.357442209328829
BSVarbo9_cle8977d6-1	prunier	11.51292546497023
BSVarbo9_cle8977d6-1	cerisier	8.952186287425898
BSVarbo9_cle8977d6-1	floriculture	4.9300183923293455
BSVarbo9_cle8977d6-1	poirier	4.605170185988092
BSVarbo9_cle8977d6-1	attier	4.31748811353631
BSVarbo9_cle8977d6-1	bananier plantain	3.0647251450409425
BSVarbo9_cle8977d6-1	rosier ornemental	2.4456859366347192
BSVcampagnols10_cle06d1a1	grande culture	11.749015487447362
BSVcampagnols10_cle06d1a1	arboriculture	8.21669732054891
BSVcampagnols10_cle06d1a1	orge d'hiver	7.838220063893656
BSVcampagnols10_cle06d1a1	pommier	6.998586907260157
BSVcampagnols10_cle06d1a1	prairie	6.437751649736401
BSVcampagnols10_cle06d1a1	colza	5.388294591866438
BSVcampagnols10_cle06d1a1	tournesol	4.476093143712949
BSVcampagnols10_cle06d1a1	blé	3.2866789282195636
BSVcampagnols10_cle06d1a1	arboriculture fruitière	2.7460982687397397
BSVcampagnols3_cle8d3542	grande culture	33.56861567842103
BSVcampagnols3_cle8d3542	colza	18.85903107153253
BSVcampagnols3_cle8d3542	blé	13.146715712878255
BSVcampagnols3_cle8d3542	orge d'hiver	5.225480042595771
BSVcampagnols3_cle8d3542	prairie	3.2188758248682006
BSVcampagnols3_cle8d3542	blé tendre d'hiver	2.70805020110221
BSVcampagnols3_cle8d3542	zone non agricole	2.120263536200091
BSVcampagnols3_cle8d3542	arboriculture	1.6433394641097818
BSVleg_n10_2017_cle03fb85	chou	8.958797346140274
BSVleg_n10_2017_cle03fb85	pomme de terre	8.264785259719261
BSVleg_n10_2017_cle03fb85	poivron	5.225480042595771
BSVleg_n10_2017_cle03fb85	radis	2.9311937524164198
BSVleg_n10_2017_cle03fb85	artichaut	2.70805020110221
BSVleg_n10_2017_cle03fb85	tomate	2.302585092994046
BSVleg_n10_2017_cle03fb85	céréale	1.91959284073794
BSVleg_n10_2017_cle03fb85	blé	1.6433394641097818
BSVleg_n10_2017_cle03fb85	colza	1.3470736479666094
BSVviti12_cle89fa1e	vigne	3.9322257127456655
BSVviti12_cle89fa1e	artichaut	2.70805020110221
BULLETIN_DE_SANTE_DU_VEGETAL_GC_2011-_No38-_6-12-2011_cle8d8ade	maïs	38.391856814758796
BULLETIN_DE_SANTE_DU_VEGETAL_GC_2011-_No38-_6-12-2011_cle8d8ade	grande culture	18.462738623131568
BULLETIN_DE_SANTE_DU_VEGETAL_GC_2011-_No38-_6-12-2011_cle8d8ade	tournesol	11.190232859282371
BULLETIN_DE_SANTE_DU_VEGETAL_GC_2011-_No38-_6-12-2011_cle8d8ade	maïs popcorn	6.437751649736401
BULLETIN_DE_SANTE_DU_VEGETAL_GC_2011-_No38-_6-12-2011_cle8d8ade	soja	5.8623875048328395
BULLETIN_DE_SANTE_DU_VEGETAL_GC_2011-_No38-_6-12-2011_cle8d8ade	laitue romaine	2.910574465213684
BULLETIN_DE_SANTE_DU_VEGETAL_GC_2013-_No10_-_30_avril_2013_cle858e15	grande culture	21.819600190973674
BULLETIN_DE_SANTE_DU_VEGETAL_GC_2013-_No10_-_30_avril_2013_cle858e15	colza	18.85903107153253
BULLETIN_DE_SANTE_DU_VEGETAL_GC_2013-_No10_-_30_avril_2013_cle858e15	blé	8.21669732054891
BULLETIN_DE_SANTE_DU_VEGETAL_GC_2013-_No10_-_30_avril_2013_cle858e15	triticale	5.626821433520073
BULLETIN_DE_SANTE_DU_VEGETAL_GC_2013-_No10_-_30_avril_2013_cle858e15	floriculture	4.9300183923293455
BULLETIN_DE_SANTE_DU_VEGETAL_GC_2013-_No10_-_30_avril_2013_cle858e15	bananier plantain	3.0647251450409425
BULLETIN_DE_SANTE_DU_VEGETAL_GC_2013-_No10_-_30_avril_2013_cle858e15	orge de printemps	2.9311937524164198
BULLETIN_DE_SANTE_DU_VEGETAL_GC_2013-_No10_-_30_avril_2013_cle858e15	orge d'hiver	2.6127400212978853
BULLETIN_DE_SANTE_DU_VEGETAL_GC_2013-_No10_-_30_avril_2013_cle858e15	tournesol	2.2380465718564744
BULLETIN_DE_SANTE_DU_VEGETAL_GC_2013-_No10_-_30_avril_2013_cle858e15	céréale	1.91959284073794
BULLETIN_DE_SANTE_DU_VEGETAL_GC_2013-_No14_-_28_MAI_2013_cle4c4dec	grande culture	21.819600190973674
BULLETIN_DE_SANTE_DU_VEGETAL_GC_2013-_No14_-_28_MAI_2013_cle4c4dec	chanvre	10.021270588192511
BULLETIN_DE_SANTE_DU_VEGETAL_GC_2013-_No14_-_28_MAI_2013_cle4c4dec	blé	8.21669732054891
BULLETIN_DE_SANTE_DU_VEGETAL_GC_2013-_No14_-_28_MAI_2013_cle4c4dec	maïs	7.67837136295176
BULLETIN_DE_SANTE_DU_VEGETAL_GC_2013-_No14_-_28_MAI_2013_cle4c4dec	oranger	7.114733893442992
BULLETIN_DE_SANTE_DU_VEGETAL_GC_2013-_No14_-_28_MAI_2013_cle4c4dec	tournesol	6.714139715569424
BULLETIN_DE_SANTE_DU_VEGETAL_GC_2013-_No14_-_28_MAI_2013_cle4c4dec	soja	5.8623875048328395
BULLETIN_DE_SANTE_DU_VEGETAL_GC_2013-_No14_-_28_MAI_2013_cle4c4dec	chanvre oléagineux	5.0106352940962555
BULLETIN_DE_SANTE_DU_VEGETAL_GC_2013-_No14_-_28_MAI_2013_cle4c4dec	seigle	4.31748811353631
BULLETIN_DE_SANTE_DU_VEGETAL_GC_2013-_No14_-_28_MAI_2013_cle4c4dec	fève	3.2188758248682006
BULLETIN_DE_SANTE_DU_VEGETAL_GC_2013-_No14_-_28_MAI_2013_cle4c4dec	orge de printemps	2.9311937524164198
BULLETIN_DE_SANTE_DU_VEGETAL_GC_2013-_No14_-_28_MAI_2013_cle4c4dec	triticale	2.8134107167600364
BULLETIN_DE_SANTE_DU_VEGETAL_GC_2013-_No14_-_28_MAI_2013_cle4c4dec	colza	2.694147295933219
BULLETIN_DE_SANTE_DU_VEGETAL_GC_2013-_No14_-_28_MAI_2013_cle4c4dec	céréale à paille	2.0661963149298153
BULLETIN_DE_SANTE_DU_VEGETAL_GC_2013-_No14_-_28_MAI_2013_cle4c4dec	floriculture	1.6433394641097818
BULLETIN_DE_SANTE_DU_VEGETAL_GC_2013-_No20_-_9_JUILLET_2013_cle8e731d	grande culture	18.462738623131568
BULLETIN_DE_SANTE_DU_VEGETAL_GC_2013-_No20_-_9_JUILLET_2013_cle8e731d	maïs	13.43714988516558
BULLETIN_DE_SANTE_DU_VEGETAL_GC_2013-_No20_-_9_JUILLET_2013_cle8e731d	tournesol	13.428279431138847
BULLETIN_DE_SANTE_DU_VEGETAL_GC_2013-_No20_-_9_JUILLET_2013_cle8e731d	seigle	12.95246434060893
BULLETIN_DE_SANTE_DU_VEGETAL_GC_2013-_No20_-_9_JUILLET_2013_cle8e731d	céréale	9.597964203689699
BULLETIN_DE_SANTE_DU_VEGETAL_GC_2013-_No20_-_9_JUILLET_2013_cle8e731d	triticale	8.44023215028011
BULLETIN_DE_SANTE_DU_VEGETAL_GC_2013-_No20_-_9_JUILLET_2013_cle8e731d	soja	5.8623875048328395
BULLETIN_DE_SANTE_DU_VEGETAL_GC_2013-_No20_-_9_JUILLET_2013_cle8e731d	orge	5.225480042595771
BULLETIN_DE_SANTE_DU_VEGETAL_GC_2013-_No20_-_9_JUILLET_2013_cle8e731d	blé	4.9300183923293455
BULLETIN_DE_SANTE_DU_VEGETAL_GC_2013-_No20_-_9_JUILLET_2013_cle8e731d	olivier fruit à noyaux	4.31748811353631
BULLETIN_DE_SANTE_DU_VEGETAL_GC_2013-_No20_-_9_JUILLET_2013_cle8e731d	maïs fourrage	3.912023005428146
BULLETIN_DE_SANTE_DU_VEGETAL_GC_2013-_No20_-_9_JUILLET_2013_cle8e731d	artichaut	2.70805020110221
BULLETIN_DE_SANTE_DU_VEGETAL_GC_2013-_No20_-_9_JUILLET_2013_cle8e731d	floriculture	1.6433394641097818
Note_nat-_BSV_Aromia_bungii_juin_2018_v2_cle09d4e1	artichaut	5.41610040220442
Note_nat-_BSV_Aromia_bungii_juin_2018_v2_cle09d4e1	zone non agricole	4.240527072400182
Note_nat-_BSV_Aromia_bungii_juin_2018_v2_cle09d4e1	arbre fruitier à noyau	3.4011973816621555
Note_nat-_BSV_Aromia_bungii_juin_2018_v2_cle09d4e1	horticulture ornementale	2.9311937524164198
Note_nat-_BSV_Aromia_bungii_juin_2018_v2_cle09d4e1	arboriculture fruitière	2.7460982687397397
Note_nat-_BSV_Aromia_bungii_juin_2018_v2_cle09d4e1	prunier	2.302585092994046
Note_nationale_meth_alternative_adventices_GC_validee-2_cle06dc5b	tournesol	20.14241914670827
Note_nationale_meth_alternative_adventices_GC_validee-2_cle06dc5b	grande culture	16.784307839210516
Note_nationale_meth_alternative_adventices_GC_validee-2_cle06dc5b	colza	13.470736479666094
Note_nationale_meth_alternative_adventices_GC_validee-2_cle06dc5b	maïs	13.43714988516558
Note_nationale_meth_alternative_adventices_GC_validee-2_cle06dc5b	soja	11.724775009665679
Note_nationale_meth_alternative_adventices_GC_validee-2_cle06dc5b	betterave	10.102914577233022
Note_nationale_meth_alternative_adventices_GC_validee-2_cle06dc5b	colza d'hiver	10.021270588192511
Note_nationale_meth_alternative_adventices_GC_validee-2_cle06dc5b	blé	9.860036784658691
Note_nationale_meth_alternative_adventices_GC_validee-2_cle06dc5b	céréale	9.597964203689699
Note_nationale_meth_alternative_adventices_GC_validee-2_cle06dc5b	lin	5.41610040220442
Note_nationale_meth_alternative_adventices_GC_validee-2_cle06dc5b	orge	5.225480042595771
Note_nationale_meth_alternative_adventices_GC_validee-2_cle06dc5b	ray-grass	5.0106352940962555
Note_nationale_meth_alternative_adventices_GC_validee-2_cle06dc5b	féverole protéagineux	5.0106352940962555
Note_nationale_meth_alternative_adventices_GC_validee-2_cle06dc5b	colza de printemps	4.31748811353631
Note_nationale_meth_alternative_adventices_GC_validee-2_cle06dc5b	protéagineux	3.912023005428146
Note_nationale_meth_alternative_adventices_GC_validee-2_cle06dc5b	culture fourragère	3.912023005428146
Note_nationale_meth_alternative_adventices_GC_validee-2_cle06dc5b	féverole d'hiver	3.912023005428146
Note_nationale_meth_alternative_adventices_GC_validee-2_cle06dc5b	lin fibre de printemps	3.912023005428146
Note_nationale_meth_alternative_adventices_GC_validee-2_cle06dc5b	prairie	3.2188758248682006
Note_nationale_meth_alternative_adventices_GC_validee-2_cle06dc5b	maïs popcorn	3.2188758248682006
Note_nationale_meth_alternative_adventices_GC_validee-2_cle06dc5b	orge de printemps	2.9311937524164198
Note_nationale_meth_alternative_adventices_GC_validee-2_cle06dc5b	artichaut	2.70805020110221
Note_nationale_meth_alternative_adventices_GC_validee-2_cle06dc5b	orge d'hiver	2.6127400212978853
Note_nationale_meth_alternative_adventices_GC_validee-2_cle06dc5b	pois	2.17742195004004
als_Grandes_Cultures_no10_2016-04-26_cle4d3231	blé	6.573357856439127
als_Grandes_Cultures_no10_2016-04-26_cle4d3231	colza	5.388294591866438
als_Grandes_Cultures_no10_2016-04-26_cle4d3231	orge	5.225480042595771
als_Grandes_Cultures_no10_2016-04-26_cle4d3231	soja	2.9311937524164198
als_Grandes_Cultures_no10_2016-04-26_cle4d3231	blé tendre	2.6127400212978853
als_Grandes_Cultures_no10_2016-04-26_cle4d3231	tournesol	2.2380465718564744
als_Grandes_Cultures_no10_2016-04-26_cle4d3231	pois	2.17742195004004
als_Grandes_Cultures_no10_2016-04-26_cle4d3231	maïs	1.91959284073794
als_Grandes_Cultures_no10_2016-04-26_cle4d3231	grande culture	1.6784307839210517
als_Grandes_Cultures_no32_2016-10-11_cle4e331a	colza	6.735368239833047
als_Grandes_Cultures_no32_2016-10-11_cle4e331a	grande culture	1.6784307839210517
alsace03_BSV_VIGNE_250417_cle0358f2	vigne	3.9322257127456655
alsace_gdes_cultures_no24_du_19-08-20_cle075fe6	betterave	10.102914577233022
alsace_gdes_cultures_no24_du_19-08-20_cle075fe6	maïs	7.67837136295176
alsace_gdes_cultures_no24_du_19-08-20_cle075fe6	grande culture	1.6784307839210517
alsace_vigne_no10_du_23-06-20_cle812596	petits pois	20.042541176385022
alsace_vigne_no10_du_23-06-20_cle812596	vigne	3.9322257127456655
annexe_au_BSV_GC_No16_desherbage_alternatif_mais_cle81f45a	maïs	5.75877852221382
annexe_au_BSV_GC_No16_desherbage_alternatif_mais_cle81f45a	maïs popcorn	3.2188758248682006
annexe_au_BSV_GC_No16_desherbage_alternatif_mais_cle81f45a	grande culture	1.6784307839210517
bsv_01_fruits_rouges_25_avril_2018_cle8fdf59	fraisier	5.626821433520073
bsv_01_fruits_rouges_25_avril_2018_cle8fdf59	floriculture	1.6433394641097818
bsv_01_fruits_rouges_25_avril_2018_cle8fdf59	laitue romaine	1.455287232606842
bsv_13_pdt_21_juin_cle8d177f-1	zone non agricole	2.120263536200091
bsv_13_pdt_21_juin_cle8d177f-1	pomme de terre	2.0661963149298153
bsv_ail_mp_n11_06062019_cle816b36	ail	54.76832207599404
bsv_ail_mp_n11_06062019_cle816b36	rosier ornemental	2.4456859366347192
bsv_ail_mp_n11_06062019_cle816b36	floriculture	1.6433394641097818
bsv_arbo_66_2015_cle479316	pommier	12.597456433068283
bsv_arbo_66_2015_cle479316	arboriculture fruitière	8.23829480621922
bsv_arbo_66_2015_cle479316	plante aromatique	5.0106352940962555
bsv_arbo_66_2015_cle479316	arboriculture	1.6433394641097818
bsv_arbo_66_2015_cle479316	floriculture	1.6433394641097818
bsv_arbo_75_2015_cle429b97	pommier	22.395478103232502
bsv_arbo_75_2015_cle429b97	arboriculture fruitière	12.357442209328829
bsv_arbo_75_2015_cle429b97	pâtisson 	3.912023005428146
bsv_arbo_75_2015_cle429b97	bananier plantain	3.0647251450409425
bsv_arbo_75_2015_cle429b97	arboriculture	1.6433394641097818
bsv_arbo_n25_19092017_cle4b1c13	prunier	11.51292546497023
bsv_arbo_n25_19092017_cle4b1c13	arboriculture	11.503376248768472
bsv_arbo_n25_19092017_cle4b1c13	arbre fruitier à noyau	6.802394763324311
bsv_arbo_n25_19092017_cle4b1c13	pommier	5.598869525808126
bsv_arbo_n25_19092017_cle4b1c13	petit fruit	3.2188758248682006
bsv_arbo_n25_19092017_cle4b1c13	arboriculture fruitière	2.7460982687397397
bsv_grandes_cultures_n27_18052017_cle88cbb1-1	tournesol	20.14241914670827
bsv_grandes_cultures_n27_18052017_cle88cbb1-1	grande culture	15.105877055289465
bsv_grandes_cultures_n27_18052017_cle88cbb1-1	lin	13.54025100551105
bsv_grandes_cultures_n27_18052017_cle88cbb1-1	maïs	13.43714988516558
bsv_grandes_cultures_n27_18052017_cle88cbb1-1	féverole	12.875503299472802
bsv_grandes_cultures_n27_18052017_cle88cbb1-1	protéagineux	11.736069016284437
bsv_grandes_cultures_n27_18052017_cle88cbb1-1	colza	8.082441887799657
bsv_grandes_cultures_n27_18052017_cle88cbb1-1	pois	6.532265850120119
bsv_grandes_cultures_n27_18052017_cle88cbb1-1	pois protéagineux d'hiver	5.0106352940962555
bsv_grandes_cultures_n27_18052017_cle88cbb1-1	laitue romaine	4.365861697820526
bsv_grandes_cultures_n27_18052017_cle88cbb1-1	féverole d'hiver	3.912023005428146
bsv_grandes_cultures_n27_18052017_cle88cbb1-1	culture fourragère	3.912023005428146
bsv_grandes_cultures_n27_18052017_cle88cbb1-1	légume à graines ou à gousses	3.4011973816621555
bsv_grandes_cultures_n27_18052017_cle88cbb1-1	fève	3.2188758248682006
bsv_grandes_cultures_n27_18052017_cle88cbb1-1	lin oléagineux d'hiver	3.2188758248682006
bsv_maraichage_no11_du_05_Juin_2020_cle012212	tomate	73.68272297580947
bsv_maraichage_no11_du_05_Juin_2020_cle012212	melon	42.906152030573196
bsv_maraichage_no11_du_05_Juin_2020_cle012212	courgette	41.845385723286604
bsv_maraichage_no11_du_05_Juin_2020_cle012212	fraisier	16.88046430056022
bsv_maraichage_no11_du_05_Juin_2020_cle012212	sorgho	10.021270588192511
bsv_maraichage_no11_du_05_Juin_2020_cle012212	artichaut	8.12415060330663
bsv_maraichage_no11_du_05_Juin_2020_cle012212	poivron	7.838220063893656
bsv_maraichage_no11_du_05_Juin_2020_cle012212	laitue romaine	5.821148930427368
bsv_maraichage_no11_du_05_Juin_2020_cle012212	sorgho fourrager	5.0106352940962555
bsv_maraichage_no11_du_05_Juin_2020_cle012212	tabac	3.624340932976365
bsv_maraichage_no11_du_05_Juin_2020_cle012212	culture tropicale	3.624340932976365
bsv_maraichage_no11_du_05_Juin_2020_cle012212	maïs popcorn	3.2188758248682006
bsv_maraichage_no11_du_05_Juin_2020_cle012212	laitue	2.5257286443082556
bsv_maraichage_no11_du_05_Juin_2020_cle012212	oignon	2.5257286443082556
bsv_maraichage_no11_du_05_Juin_2020_cle012212	maïs	1.91959284073794
bsv_maraichage_no11_du_05_Juin_2020_cle012212	culture légumière	1.7147984280919266
bsv_na_tabac_03_20180523_cle8e53e1	tabac	72.4868186595273
bsv_na_tabac_03_20180523_cle8e53e1	gel	3.624340932976365
bsv_na_tabac_03_20180523_cle8e53e1	prairie	3.2188758248682006
bsv_vigne_n10_fronton_07062017-3_cle0a711e	vigne	7.864451425491331
bsv_vigne_n10_fronton_07062017-3_cle0a711e	gesse	5.0106352940962555
bsv_vigne_n1_fronton_23032017_cle825f73	vigne	23.593354276473992
bsv_vigne_n1_fronton_23032017_cle825f73	laitue romaine	4.365861697820526
bsv_viti_mp_gaillac_n07_12052020_cle0ee886	vigne	3.9322257127456655
bsv_viti_mp_hautegaronnetarnetgaronne_n07_12052020_cle0cfad7	vigne	7.864451425491331
bsv_viti_mp_hautegaronnetarnetgaronne_n07_12052020_cle0cfad7	rosier ornemental	2.4456859366347192
bsv_viticulture_no10_du_23_mai_2018_cle0c892f	vigne	5.898338569118498
bsv_viticulture_no10_du_23_mai_2018_cle0c892f	culture légumière	3.4295968561838532
bsv_viticulture_no10_du_23_mai_2018_cle0c892f	arboriculture fruitière	2.7460982687397397
bsv_viticulture_no10_du_23_mai_2018_cle0c892f	laitue romaine	1.455287232606842
bulletindesanteduvegetalgc2014-n9-15avril2014_cle066b5e	grande culture	23.498030974894725
bulletindesanteduvegetalgc2014-n9-15avril2014_cle066b5e	triticale	14.067053583800181
bulletindesanteduvegetalgc2014-n9-15avril2014_cle066b5e	blé	11.503376248768472
bulletindesanteduvegetalgc2014-n9-15avril2014_cle066b5e	colza	6.735368239833047
bulletindesanteduvegetalgc2014-n9-15avril2014_cle066b5e	orge de printemps	5.8623875048328395
bulletindesanteduvegetalgc2014-n9-15avril2014_cle066b5e	maïs	5.75877852221382
bulletindesanteduvegetalgc2014-n9-15avril2014_cle066b5e	orge d'hiver	5.225480042595771
bulletindesanteduvegetalgc2014-n9-15avril2014_cle066b5e	tournesol	4.476093143712949
bulletindesanteduvegetalgc2014-n9-15avril2014_cle066b5e	culture fourragère	3.912023005428146
bulletindesanteduvegetalgc2014-n9-15avril2014_cle066b5e	laurier	3.624340932976365
bulletindesanteduvegetalgc2014-n9-15avril2014_cle066b5e	zone non agricole	2.120263536200091
bulletindesanteduvegetalgc2014-n9-15avril2014_cle066b5e	céréale	1.91959284073794
char_Grandes_Cultures_no22_2016-07-07_cle02be6e	maïs	34.55267113328292
char_Grandes_Cultures_no22_2016-07-07_cle02be6e	pois protéagineux de printemps	14.49736373190546
char_Grandes_Cultures_no22_2016-07-07_cle02be6e	betterave	12.628643221541278
char_Grandes_Cultures_no22_2016-07-07_cle02be6e	pomme de terre	12.397177889578892
char_Grandes_Cultures_no22_2016-07-07_cle02be6e	floriculture	9.860036784658691
char_Grandes_Cultures_no22_2016-07-07_cle02be6e	féverole	9.656627474604601
char_Grandes_Cultures_no22_2016-07-07_cle02be6e	tournesol	8.952186287425898
char_Grandes_Cultures_no22_2016-07-07_cle02be6e	féverole de printemps	7.824046010856292
char_Grandes_Cultures_no22_2016-07-07_cle02be6e	légume à graines ou à gousses	6.802394763324311
char_Grandes_Cultures_no22_2016-07-07_cle02be6e	pois	6.532265850120119
char_Grandes_Cultures_no22_2016-07-07_cle02be6e	culture industrielle	5.051457288616511
char_Grandes_Cultures_no22_2016-07-07_cle02be6e	betterave sucrière	4.31748811353631
char_Grandes_Cultures_no22_2016-07-07_cle02be6e	amandier	4.31748811353631
char_Grandes_Cultures_no22_2016-07-07_cle02be6e	maïs fourrage	3.912023005428146
char_Grandes_Cultures_no22_2016-07-07_cle02be6e	grande culture	3.3568615678421034
char_Grandes_Cultures_no22_2016-07-07_cle02be6e	maïs popcorn	3.2188758248682006
char_Grandes_Cultures_no22_2016-07-07_cle02be6e	rosier ornemental	2.4456859366347192
char_Grandes_Cultures_no22_2016-07-07_cle02be6e	zone non agricole	2.120263536200091
char_Grandes_Cultures_no22_2016-07-07_cle02be6e	céréale	1.91959284073794
char_Grandes_Cultures_no42_2016-11-24_cle0385bf	blé tendre d'hiver	10.83220080440884
char_Grandes_Cultures_no42_2016-11-24_cle0385bf	orge d'hiver	7.838220063893656
char_Grandes_Cultures_no42_2016-11-24_cle0385bf	colza	6.735368239833047
char_Grandes_Cultures_no42_2016-11-24_cle0385bf	céréale	3.83918568147588
char_Grandes_Cultures_no42_2016-11-24_cle0385bf	grande culture	3.3568615678421034
char_Grandes_Cultures_no42_2016-11-24_cle0385bf	blé	3.2866789282195636
char_Grandes_Cultures_no42_2016-11-24_cle0385bf	céréale à paille	2.0661963149298153
lorraine_arboriculture_no11_du_13-05-20_cle8ee895	prunier	13.815510557964275
lorraine_arboriculture_no11_du_13-05-20_cle8ee895	poirée	11.736069016284437
lorraine_arboriculture_no11_du_13-05-20_cle8ee895	pommier	11.197739051616251
lorraine_arboriculture_no11_du_13-05-20_cle8ee895	poirier	6.907755278982138
lorraine_arboriculture_no11_du_13-05-20_cle8ee895	cerisier	6.714139715569424
lorraine_arboriculture_no11_du_13-05-20_cle8ee895	arboriculture fruitière	4.11914740310961
lorraine_arboriculture_no11_du_13-05-20_cle8ee895	laitue romaine	1.455287232606842
lorraine_vigne_no14_du_29-07-20_cle4bcf91	vigne	11.796677138236996
lorraine_vigne_no14_du_29-07-20_cle4bcf91	cerisier	4.476093143712949
lorraine_vigne_no14_du_29-07-20_cle4bcf91	arboriculture	3.2866789282195636
lorraine_vigne_no14_du_29-07-20_cle4bcf91	petit fruit	3.2188758248682006
lorraine_vigne_no14_du_29-07-20_cle4bcf91	prunier	2.302585092994046
