/Users/belka/Documents/work/inrae/scripts/projection_de_lexique/viticulture/resources/CorpusTestD2kabViti.html/20190619_LOR_BSV_Viticulture_cle8c2fdf.html	culture fruitière	8.17877610375737
/Users/belka/Documents/work/inrae/scripts/projection_de_lexique/viticulture/resources/CorpusTestD2kabViti.html/20190619_LOR_BSV_Viticulture_cle8c2fdf.html	Culture	0.3083013596545167
/Users/belka/Documents/work/inrae/scripts/projection_de_lexique/viticulture/resources/CorpusTestD2kabViti.html/20190619_LOR_BSV_Viticulture_cle8c2fdf.html	vigne	0.0522883262694108
/Users/belka/Documents/work/inrae/scripts/projection_de_lexique/viticulture/resources/CorpusTestD2kabViti.html/20190710_LOR_BSV_Viticulture_cle8bd128.html	culture fruitière	6.543020883005895
/Users/belka/Documents/work/inrae/scripts/projection_de_lexique/viticulture/resources/CorpusTestD2kabViti.html/20190710_LOR_BSV_Viticulture_cle8bd128.html	arbuste à baies	3.1638958662014005
/Users/belka/Documents/work/inrae/scripts/projection_de_lexique/viticulture/resources/CorpusTestD2kabViti.html/20190710_LOR_BSV_Viticulture_cle8bd128.html	pois	2.6961462965993856
/Users/belka/Documents/work/inrae/scripts/projection_de_lexique/viticulture/resources/CorpusTestD2kabViti.html/20190710_LOR_BSV_Viticulture_cle8bd128.html	vigne	0.0261441631347054
/Users/belka/Documents/work/inrae/scripts/projection_de_lexique/viticulture/resources/CorpusTestD2kabViti.html/20190731_LOR_Viticulture-1_cle45ef1d.html	culture fruitière	11.450286545260317
/Users/belka/Documents/work/inrae/scripts/projection_de_lexique/viticulture/resources/CorpusTestD2kabViti.html/20190731_LOR_Viticulture-1_cle45ef1d.html	tournesol	2.4166224118490685
/Users/belka/Documents/work/inrae/scripts/projection_de_lexique/viticulture/resources/CorpusTestD2kabViti.html/20190731_LOR_Viticulture-1_cle45ef1d.html	arbuste à baies	0.9039702474861144
/Users/belka/Documents/work/inrae/scripts/projection_de_lexique/viticulture/resources/CorpusTestD2kabViti.html/20190731_LOR_Viticulture-1_cle45ef1d.html	vigne	0.0392162447020581
/Users/belka/Documents/work/inrae/scripts/projection_de_lexique/viticulture/resources/CorpusTestD2kabViti.html/BSV-viti-RA-03_16-04-2019_cle0bbc57.html	gel	10.491764323551646
/Users/belka/Documents/work/inrae/scripts/projection_de_lexique/viticulture/resources/CorpusTestD2kabViti.html/BSV-viti-RA-03_16-04-2019_cle0bbc57.html	olivier	2.7343675094195836
/Users/belka/Documents/work/inrae/scripts/projection_de_lexique/viticulture/resources/CorpusTestD2kabViti.html/BSV-viti-RA-03_16-04-2019_cle0bbc57.html	vigne de cuve	0.9765095918672099
/Users/belka/Documents/work/inrae/scripts/projection_de_lexique/viticulture/resources/CorpusTestD2kabViti.html/BSV-viti-RA-03_16-04-2019_cle0bbc57.html	vigne	0.2875857944817594
/Users/belka/Documents/work/inrae/scripts/projection_de_lexique/viticulture/resources/CorpusTestD2kabViti.html/BSV-viti-RA-03_16-04-2019_cle0bbc57.html	Culture	0.15415067982725836
/Users/belka/Documents/work/inrae/scripts/projection_de_lexique/viticulture/resources/CorpusTestD2kabViti.html/BSV-viti-RA-15_09-07-2019_cle01ba24.html	arbuste à baies	24.40719668212509
/Users/belka/Documents/work/inrae/scripts/projection_de_lexique/viticulture/resources/CorpusTestD2kabViti.html/BSV-viti-RA-15_09-07-2019_cle01ba24.html	pois	24.265316669394473
/Users/belka/Documents/work/inrae/scripts/projection_de_lexique/viticulture/resources/CorpusTestD2kabViti.html/BSV-viti-RA-15_09-07-2019_cle01ba24.html	olivier	2.7343675094195836
/Users/belka/Documents/work/inrae/scripts/projection_de_lexique/viticulture/resources/CorpusTestD2kabViti.html/BSV-viti-RA-15_09-07-2019_cle01ba24.html	tournesol	2.4166224118490685
/Users/belka/Documents/work/inrae/scripts/projection_de_lexique/viticulture/resources/CorpusTestD2kabViti.html/BSV-viti-RA-15_09-07-2019_cle01ba24.html	vigne de cuve	0.9765095918672099
/Users/belka/Documents/work/inrae/scripts/projection_de_lexique/viticulture/resources/CorpusTestD2kabViti.html/BSV-viti-RA-15_09-07-2019_cle01ba24.html	vigne	0.3529462023185229
/Users/belka/Documents/work/inrae/scripts/projection_de_lexique/viticulture/resources/CorpusTestD2kabViti.html/BSV-viti-RA-15_09-07-2019_cle01ba24.html	Culture	0.15415067982725836
/Users/belka/Documents/work/inrae/scripts/projection_de_lexique/viticulture/resources/CorpusTestD2kabViti.html/BSV-viti-RA-16_16-07-2019_cle0bfb92.html	arbuste à baies	20.339330568437575
/Users/belka/Documents/work/inrae/scripts/projection_de_lexique/viticulture/resources/CorpusTestD2kabViti.html/BSV-viti-RA-16_16-07-2019_cle0bfb92.html	pois	10.784585186397543
/Users/belka/Documents/work/inrae/scripts/projection_de_lexique/viticulture/resources/CorpusTestD2kabViti.html/BSV-viti-RA-16_16-07-2019_cle0bfb92.html	olivier	2.7343675094195836
/Users/belka/Documents/work/inrae/scripts/projection_de_lexique/viticulture/resources/CorpusTestD2kabViti.html/BSV-viti-RA-16_16-07-2019_cle0bfb92.html	vigne de cuve	1.9530191837344197
/Users/belka/Documents/work/inrae/scripts/projection_de_lexique/viticulture/resources/CorpusTestD2kabViti.html/BSV-viti-RA-16_16-07-2019_cle0bfb92.html	floriculture	1.7788560643921472
/Users/belka/Documents/work/inrae/scripts/projection_de_lexique/viticulture/resources/CorpusTestD2kabViti.html/BSV-viti-RA-16_16-07-2019_cle0bfb92.html	vigne	0.33987412075117024
/Users/belka/Documents/work/inrae/scripts/projection_de_lexique/viticulture/resources/CorpusTestD2kabViti.html/BSV-viti-RA-16_16-07-2019_cle0bfb92.html	Culture	0.3083013596545167
/Users/belka/Documents/work/inrae/scripts/projection_de_lexique/viticulture/resources/CorpusTestD2kabViti.html/BSVViti_20190409_N3_cle88a431.html	gel	2.3315031830114767
/Users/belka/Documents/work/inrae/scripts/projection_de_lexique/viticulture/resources/CorpusTestD2kabViti.html/BSVViti_20190409_N3_cle88a431.html	poirée	1.9459101490553132
/Users/belka/Documents/work/inrae/scripts/projection_de_lexique/viticulture/resources/CorpusTestD2kabViti.html/BSVViti_20190409_N3_cle88a431.html	vigne	0.0784324894041162
/Users/belka/Documents/work/inrae/scripts/projection_de_lexique/viticulture/resources/CorpusTestD2kabViti.html/BSVViti_20190618_N16_cle091811.html	floriculture	7.115424257568589
/Users/belka/Documents/work/inrae/scripts/projection_de_lexique/viticulture/resources/CorpusTestD2kabViti.html/BSVViti_20190618_N16_cle091811.html	poirée	3.8918202981106265
/Users/belka/Documents/work/inrae/scripts/projection_de_lexique/viticulture/resources/CorpusTestD2kabViti.html/BSVViti_20190618_N16_cle091811.html	arbuste à baies	3.1638958662014005
/Users/belka/Documents/work/inrae/scripts/projection_de_lexique/viticulture/resources/CorpusTestD2kabViti.html/BSVViti_20190618_N16_cle091811.html	Culture	0.15415067982725836
/Users/belka/Documents/work/inrae/scripts/projection_de_lexique/viticulture/resources/CorpusTestD2kabViti.html/BSVViti_20190618_N16_cle091811.html	vigne	0.0784324894041162
/Users/belka/Documents/work/inrae/scripts/projection_de_lexique/viticulture/resources/CorpusTestD2kabViti.html/BSVViti_20190730_N22_cle019b19.html	arboriculture fruitière	2.5520459526256287
/Users/belka/Documents/work/inrae/scripts/projection_de_lexique/viticulture/resources/CorpusTestD2kabViti.html/BSVViti_20190730_N22_cle019b19.html	poirée	1.9459101490553132
/Users/belka/Documents/work/inrae/scripts/projection_de_lexique/viticulture/resources/CorpusTestD2kabViti.html/BSVViti_20190730_N22_cle019b19.html	culture fruitière	1.6357552207514738
/Users/belka/Documents/work/inrae/scripts/projection_de_lexique/viticulture/resources/CorpusTestD2kabViti.html/BSVViti_20190730_N22_cle019b19.html	arbuste à baies	1.3559553712291716
/Users/belka/Documents/work/inrae/scripts/projection_de_lexique/viticulture/resources/CorpusTestD2kabViti.html/BSVViti_20190730_N22_cle019b19.html	vigne	0.0915045709714689
/Users/belka/Documents/work/inrae/scripts/projection_de_lexique/viticulture/resources/CorpusTestD2kabViti.html/BSVViti_20190820_N23_cle0c5111.html	poirée	1.9459101490553132
/Users/belka/Documents/work/inrae/scripts/projection_de_lexique/viticulture/resources/CorpusTestD2kabViti.html/BSVViti_20190820_N23_cle0c5111.html	vigne	0.0522883262694108
/Users/belka/Documents/work/inrae/scripts/projection_de_lexique/viticulture/resources/CorpusTestD2kabViti.html/BSV_12_-_2_juillet_2019_cle8252f7.html	poirée	9.729550745276565
/Users/belka/Documents/work/inrae/scripts/projection_de_lexique/viticulture/resources/CorpusTestD2kabViti.html/BSV_12_-_2_juillet_2019_cle8252f7.html	pois	1.3480731482996928
/Users/belka/Documents/work/inrae/scripts/projection_de_lexique/viticulture/resources/CorpusTestD2kabViti.html/BSV_12_-_2_juillet_2019_cle8252f7.html	arbuste à baies	0.9039702474861144
/Users/belka/Documents/work/inrae/scripts/projection_de_lexique/viticulture/resources/CorpusTestD2kabViti.html/BSV_12_-_2_juillet_2019_cle8252f7.html	Culture	0.15415067982725836
/Users/belka/Documents/work/inrae/scripts/projection_de_lexique/viticulture/resources/CorpusTestD2kabViti.html/BSV_12_-_2_juillet_2019_cle8252f7.html	vigne	0.11764873410617431
/Users/belka/Documents/work/inrae/scripts/projection_de_lexique/viticulture/resources/CorpusTestD2kabViti.html/BSV_16_-_30_juillet_2019_cle8caa6e.html	poirée	7.783640596221253
/Users/belka/Documents/work/inrae/scripts/projection_de_lexique/viticulture/resources/CorpusTestD2kabViti.html/BSV_16_-_30_juillet_2019_cle8caa6e.html	arbuste à baies	0.9039702474861144
/Users/belka/Documents/work/inrae/scripts/projection_de_lexique/viticulture/resources/CorpusTestD2kabViti.html/BSV_16_-_30_juillet_2019_cle8caa6e.html	Culture	0.15415067982725836
/Users/belka/Documents/work/inrae/scripts/projection_de_lexique/viticulture/resources/CorpusTestD2kabViti.html/BSV_16_-_30_juillet_2019_cle8caa6e.html	vigne	0.1045766525388216
/Users/belka/Documents/work/inrae/scripts/projection_de_lexique/viticulture/resources/CorpusTestD2kabViti.html/BSV_19-04-16_2_cle84b397.html	gel	3.497254774517215
/Users/belka/Documents/work/inrae/scripts/projection_de_lexique/viticulture/resources/CorpusTestD2kabViti.html/BSV_19-04-16_2_cle84b397.html	Culture	0.15415067982725836
/Users/belka/Documents/work/inrae/scripts/projection_de_lexique/viticulture/resources/CorpusTestD2kabViti.html/BSV_19-04-16_2_cle84b397.html	vigne	0.1045766525388216
/Users/belka/Documents/work/inrae/scripts/projection_de_lexique/viticulture/resources/CorpusTestD2kabViti.html/BSV_19-06-25_12_cle0b3618.html	floriculture	3.5577121287842943
/Users/belka/Documents/work/inrae/scripts/projection_de_lexique/viticulture/resources/CorpusTestD2kabViti.html/BSV_19-06-25_12_cle0b3618.html	arbuste à baies	0.4519851237430572
/Users/belka/Documents/work/inrae/scripts/projection_de_lexique/viticulture/resources/CorpusTestD2kabViti.html/BSV_19-06-25_12_cle0b3618.html	Culture	0.15415067982725836
/Users/belka/Documents/work/inrae/scripts/projection_de_lexique/viticulture/resources/CorpusTestD2kabViti.html/BSV_19-06-25_12_cle0b3618.html	vigne	0.130720815673527
/Users/belka/Documents/work/inrae/scripts/projection_de_lexique/viticulture/resources/CorpusTestD2kabViti.html/BSV_19-07-30_17_cle08d978.html	tournesol	1.2083112059245342
/Users/belka/Documents/work/inrae/scripts/projection_de_lexique/viticulture/resources/CorpusTestD2kabViti.html/BSV_19-07-30_17_cle08d978.html	Culture	0.15415067982725836
/Users/belka/Documents/work/inrae/scripts/projection_de_lexique/viticulture/resources/CorpusTestD2kabViti.html/BSV_19-07-30_17_cle08d978.html	vigne	0.0784324894041162
/Users/belka/Documents/work/inrae/scripts/projection_de_lexique/viticulture/resources/CorpusTestD2kabViti.html/BSV_1_-_16_avril_2019_cle43d31d.html	poirée	11.675460894331879
/Users/belka/Documents/work/inrae/scripts/projection_de_lexique/viticulture/resources/CorpusTestD2kabViti.html/BSV_1_-_16_avril_2019_cle43d31d.html	clémentinier	4.343805421853684
/Users/belka/Documents/work/inrae/scripts/projection_de_lexique/viticulture/resources/CorpusTestD2kabViti.html/BSV_1_-_16_avril_2019_cle43d31d.html	Culture	0.15415067982725836
/Users/belka/Documents/work/inrae/scripts/projection_de_lexique/viticulture/resources/CorpusTestD2kabViti.html/BSV_1_-_16_avril_2019_cle43d31d.html	vigne	0.1437928972408797
/Users/belka/Documents/work/inrae/scripts/projection_de_lexique/viticulture/resources/CorpusTestD2kabViti.html/BSV_2019_n13_cle0f596d.html	culture fruitière	4.907265662254422
/Users/belka/Documents/work/inrae/scripts/projection_de_lexique/viticulture/resources/CorpusTestD2kabViti.html/BSV_2019_n13_cle0f596d.html	tournesol	2.4166224118490685
/Users/belka/Documents/work/inrae/scripts/projection_de_lexique/viticulture/resources/CorpusTestD2kabViti.html/BSV_2019_n13_cle0f596d.html	floriculture	1.7788560643921472
/Users/belka/Documents/work/inrae/scripts/projection_de_lexique/viticulture/resources/CorpusTestD2kabViti.html/BSV_2019_n13_cle0f596d.html	pois	1.3480731482996928
/Users/belka/Documents/work/inrae/scripts/projection_de_lexique/viticulture/resources/CorpusTestD2kabViti.html/BSV_2019_n13_cle0f596d.html	vigne	0.0522883262694108
/Users/belka/Documents/work/inrae/scripts/projection_de_lexique/viticulture/resources/CorpusTestD2kabViti.html/BSV_2019_n16_cle04a239.html	culture fruitière	3.2715104415029477
/Users/belka/Documents/work/inrae/scripts/projection_de_lexique/viticulture/resources/CorpusTestD2kabViti.html/BSV_2019_n16_cle04a239.html	arbuste à baies	1.8079404949722289
/Users/belka/Documents/work/inrae/scripts/projection_de_lexique/viticulture/resources/CorpusTestD2kabViti.html/BSV_2019_n16_cle04a239.html	vigne	0.0653604078367635
/Users/belka/Documents/work/inrae/scripts/projection_de_lexique/viticulture/resources/CorpusTestD2kabViti.html/BSV_2019_n18_cle02fbf1.html	culture fruitière	3.2715104415029477
/Users/belka/Documents/work/inrae/scripts/projection_de_lexique/viticulture/resources/CorpusTestD2kabViti.html/BSV_2019_n18_cle02fbf1.html	arbuste à baies	1.8079404949722289
/Users/belka/Documents/work/inrae/scripts/projection_de_lexique/viticulture/resources/CorpusTestD2kabViti.html/BSV_2019_n18_cle02fbf1.html	vigne	0.0653604078367635
/Users/belka/Documents/work/inrae/scripts/projection_de_lexique/viticulture/resources/CorpusTestD2kabViti.html/BSV_4_-_7_mai_2019_cle8db5ca.html	poirée	11.675460894331879
/Users/belka/Documents/work/inrae/scripts/projection_de_lexique/viticulture/resources/CorpusTestD2kabViti.html/BSV_4_-_7_mai_2019_cle8db5ca.html	gel	3.497254774517215
/Users/belka/Documents/work/inrae/scripts/projection_de_lexique/viticulture/resources/CorpusTestD2kabViti.html/BSV_4_-_7_mai_2019_cle8db5ca.html	Culture	0.15415067982725836
/Users/belka/Documents/work/inrae/scripts/projection_de_lexique/viticulture/resources/CorpusTestD2kabViti.html/BSV_4_-_7_mai_2019_cle8db5ca.html	vigne	0.1045766525388216
/Users/belka/Documents/work/inrae/scripts/projection_de_lexique/viticulture/resources/CorpusTestD2kabViti.html/BSV_NA_VIGNE_CHARENTES_02_20190409_cle8ac81e.html	gel	2.3315031830114767
/Users/belka/Documents/work/inrae/scripts/projection_de_lexique/viticulture/resources/CorpusTestD2kabViti.html/BSV_NA_VIGNE_CHARENTES_02_20190409_cle8ac81e.html	arbuste à baies	2.259925618715286
/Users/belka/Documents/work/inrae/scripts/projection_de_lexique/viticulture/resources/CorpusTestD2kabViti.html/BSV_NA_VIGNE_CHARENTES_02_20190409_cle8ac81e.html	vigne de cuve	0.9765095918672099
/Users/belka/Documents/work/inrae/scripts/projection_de_lexique/viticulture/resources/CorpusTestD2kabViti.html/BSV_NA_VIGNE_CHARENTES_02_20190409_cle8ac81e.html	Culture	0.15415067982725836
/Users/belka/Documents/work/inrae/scripts/projection_de_lexique/viticulture/resources/CorpusTestD2kabViti.html/BSV_NA_VIGNE_CHARENTES_02_20190409_cle8ac81e.html	vigne	0.1437928972408797
/Users/belka/Documents/work/inrae/scripts/projection_de_lexique/viticulture/resources/CorpusTestD2kabViti.html/BSV_NA_VIGNE_CHARENTES_07_20190514_cle841735.html	rosier	4.343805421853684
/Users/belka/Documents/work/inrae/scripts/projection_de_lexique/viticulture/resources/CorpusTestD2kabViti.html/BSV_NA_VIGNE_CHARENTES_07_20190514_cle841735.html	oranger	2.9575110607337933
/Users/belka/Documents/work/inrae/scripts/projection_de_lexique/viticulture/resources/CorpusTestD2kabViti.html/BSV_NA_VIGNE_CHARENTES_07_20190514_cle841735.html	vigne de cuve	0.9765095918672099
/Users/belka/Documents/work/inrae/scripts/projection_de_lexique/viticulture/resources/CorpusTestD2kabViti.html/BSV_NA_VIGNE_CHARENTES_07_20190514_cle841735.html	vigne	0.3006578760491121
/Users/belka/Documents/work/inrae/scripts/projection_de_lexique/viticulture/resources/CorpusTestD2kabViti.html/BSV_NA_VIGNE_CHARENTES_07_20190514_cle841735.html	Culture	0.15415067982725836
/Users/belka/Documents/work/inrae/scripts/projection_de_lexique/viticulture/resources/CorpusTestD2kabViti.html/BSV_NA_VIGNE_CHARENTES_18_20190730_cle8d5827.html	vigne de cuve	0.9765095918672099
/Users/belka/Documents/work/inrae/scripts/projection_de_lexique/viticulture/resources/CorpusTestD2kabViti.html/BSV_NA_VIGNE_CHARENTES_18_20190730_cle8d5827.html	arbuste à baies	0.4519851237430572
/Users/belka/Documents/work/inrae/scripts/projection_de_lexique/viticulture/resources/CorpusTestD2kabViti.html/BSV_NA_VIGNE_CHARENTES_18_20190730_cle8d5827.html	Culture	0.3083013596545167
/Users/belka/Documents/work/inrae/scripts/projection_de_lexique/viticulture/resources/CorpusTestD2kabViti.html/BSV_NA_VIGNE_CHARENTES_18_20190730_cle8d5827.html	vigne	0.0915045709714689
/Users/belka/Documents/work/inrae/scripts/projection_de_lexique/viticulture/resources/CorpusTestD2kabViti.html/BSV_NA_VIGNE_CHARENTES_19_20190806_cle88b155.html	arbuste à baies	2.259925618715286
/Users/belka/Documents/work/inrae/scripts/projection_de_lexique/viticulture/resources/CorpusTestD2kabViti.html/BSV_NA_VIGNE_CHARENTES_19_20190806_cle88b155.html	vigne de cuve	0.9765095918672099
/Users/belka/Documents/work/inrae/scripts/projection_de_lexique/viticulture/resources/CorpusTestD2kabViti.html/BSV_NA_VIGNE_CHARENTES_19_20190806_cle88b155.html	Culture	0.15415067982725836
/Users/belka/Documents/work/inrae/scripts/projection_de_lexique/viticulture/resources/CorpusTestD2kabViti.html/BSV_NA_VIGNE_CHARENTES_19_20190806_cle88b155.html	vigne	0.0653604078367635
/Users/belka/Documents/work/inrae/scripts/projection_de_lexique/viticulture/resources/CorpusTestD2kabViti.html/BSV_NA_VIGNE_CHARENTES_22_20190903_cle8f1178.html	vigne de cuve	1.9530191837344197
/Users/belka/Documents/work/inrae/scripts/projection_de_lexique/viticulture/resources/CorpusTestD2kabViti.html/BSV_NA_VIGNE_CHARENTES_22_20190903_cle8f1178.html	Culture	0.15415067982725836
/Users/belka/Documents/work/inrae/scripts/projection_de_lexique/viticulture/resources/CorpusTestD2kabViti.html/BSV_NA_VIGNE_CHARENTES_22_20190903_cle8f1178.html	vigne	0.0915045709714689
/Users/belka/Documents/work/inrae/scripts/projection_de_lexique/viticulture/resources/CorpusTestD2kabViti.html/BSV_NA_VIGNE_Haut-Poitou_03_20190430_cle4165b7.html	châtaignier	4.343805421853684
/Users/belka/Documents/work/inrae/scripts/projection_de_lexique/viticulture/resources/CorpusTestD2kabViti.html/BSV_NA_VIGNE_Haut-Poitou_03_20190430_cle4165b7.html	gel	3.497254774517215
/Users/belka/Documents/work/inrae/scripts/projection_de_lexique/viticulture/resources/CorpusTestD2kabViti.html/BSV_NA_VIGNE_Haut-Poitou_03_20190430_cle4165b7.html	céréale	2.3978952727983707
/Users/belka/Documents/work/inrae/scripts/projection_de_lexique/viticulture/resources/CorpusTestD2kabViti.html/BSV_NA_VIGNE_Haut-Poitou_03_20190430_cle4165b7.html	arbuste à baies	1.8079404949722289
/Users/belka/Documents/work/inrae/scripts/projection_de_lexique/viticulture/resources/CorpusTestD2kabViti.html/BSV_NA_VIGNE_Haut-Poitou_03_20190430_cle4165b7.html	vigne de cuve	0.9765095918672099
/Users/belka/Documents/work/inrae/scripts/projection_de_lexique/viticulture/resources/CorpusTestD2kabViti.html/BSV_NA_VIGNE_Haut-Poitou_03_20190430_cle4165b7.html	Culture	0.15415067982725836
/Users/belka/Documents/work/inrae/scripts/projection_de_lexique/viticulture/resources/CorpusTestD2kabViti.html/BSV_NA_VIGNE_Haut-Poitou_03_20190430_cle4165b7.html	vigne	0.11764873410617431
/Users/belka/Documents/work/inrae/scripts/projection_de_lexique/viticulture/resources/CorpusTestD2kabViti.html/BSV_NA_VIGNE_Haut-Poitou_13_20190709_cle44ed93.html	pois	9.436512038097849
/Users/belka/Documents/work/inrae/scripts/projection_de_lexique/viticulture/resources/CorpusTestD2kabViti.html/BSV_NA_VIGNE_Haut-Poitou_13_20190709_cle44ed93.html	arbuste à baies	5.423821484916687
/Users/belka/Documents/work/inrae/scripts/projection_de_lexique/viticulture/resources/CorpusTestD2kabViti.html/BSV_NA_VIGNE_Haut-Poitou_13_20190709_cle44ed93.html	céréale	2.3978952727983707
/Users/belka/Documents/work/inrae/scripts/projection_de_lexique/viticulture/resources/CorpusTestD2kabViti.html/BSV_NA_VIGNE_Haut-Poitou_13_20190709_cle44ed93.html	vigne de cuve	0.9765095918672099
/Users/belka/Documents/work/inrae/scripts/projection_de_lexique/viticulture/resources/CorpusTestD2kabViti.html/BSV_NA_VIGNE_Haut-Poitou_13_20190709_cle44ed93.html	vigne	0.1568649788082324
/Users/belka/Documents/work/inrae/scripts/projection_de_lexique/viticulture/resources/CorpusTestD2kabViti.html/BSV_NA_VIGNE_Haut-Poitou_13_20190709_cle44ed93.html	Culture	0.15415067982725836
/Users/belka/Documents/work/inrae/scripts/projection_de_lexique/viticulture/resources/CorpusTestD2kabViti.html/BSV_NA_VIGNE_Haut-Poitou_15_20190806_cle4c661d.html	arbuste à baies	3.1638958662014005
/Users/belka/Documents/work/inrae/scripts/projection_de_lexique/viticulture/resources/CorpusTestD2kabViti.html/BSV_NA_VIGNE_Haut-Poitou_15_20190806_cle4c661d.html	céréale	2.3978952727983707
/Users/belka/Documents/work/inrae/scripts/projection_de_lexique/viticulture/resources/CorpusTestD2kabViti.html/BSV_NA_VIGNE_Haut-Poitou_15_20190806_cle4c661d.html	floriculture	1.7788560643921472
/Users/belka/Documents/work/inrae/scripts/projection_de_lexique/viticulture/resources/CorpusTestD2kabViti.html/BSV_NA_VIGNE_Haut-Poitou_15_20190806_cle4c661d.html	culture fruitière	1.6357552207514738
/Users/belka/Documents/work/inrae/scripts/projection_de_lexique/viticulture/resources/CorpusTestD2kabViti.html/BSV_NA_VIGNE_Haut-Poitou_15_20190806_cle4c661d.html	vigne de cuve	0.9765095918672099
/Users/belka/Documents/work/inrae/scripts/projection_de_lexique/viticulture/resources/CorpusTestD2kabViti.html/BSV_NA_VIGNE_Haut-Poitou_15_20190806_cle4c661d.html	Culture	0.15415067982725836
/Users/belka/Documents/work/inrae/scripts/projection_de_lexique/viticulture/resources/CorpusTestD2kabViti.html/BSV_NA_VIGNE_Haut-Poitou_15_20190806_cle4c661d.html	vigne	0.130720815673527
/Users/belka/Documents/work/inrae/scripts/projection_de_lexique/viticulture/resources/CorpusTestD2kabViti.html/BSV_NA_VIGNE_Limousin_02_20190409_cle81e534.html	gel	2.3315031830114767
/Users/belka/Documents/work/inrae/scripts/projection_de_lexique/viticulture/resources/CorpusTestD2kabViti.html/BSV_NA_VIGNE_Limousin_02_20190409_cle81e534.html	floriculture	1.7788560643921472
/Users/belka/Documents/work/inrae/scripts/projection_de_lexique/viticulture/resources/CorpusTestD2kabViti.html/BSV_NA_VIGNE_Limousin_02_20190409_cle81e534.html	arbuste à baies	1.3559553712291716
/Users/belka/Documents/work/inrae/scripts/projection_de_lexique/viticulture/resources/CorpusTestD2kabViti.html/BSV_NA_VIGNE_Limousin_02_20190409_cle81e534.html	vigne de cuve	0.9765095918672099
/Users/belka/Documents/work/inrae/scripts/projection_de_lexique/viticulture/resources/CorpusTestD2kabViti.html/BSV_NA_VIGNE_Limousin_02_20190409_cle81e534.html	Culture	0.15415067982725836
/Users/belka/Documents/work/inrae/scripts/projection_de_lexique/viticulture/resources/CorpusTestD2kabViti.html/BSV_NA_VIGNE_Limousin_02_20190409_cle81e534.html	vigne	0.11764873410617431
/Users/belka/Documents/work/inrae/scripts/projection_de_lexique/viticulture/resources/CorpusTestD2kabViti.html/BSV_NA_VIGNE_Limousin_07_20190522_cle81f925.html	gel	3.497254774517215
/Users/belka/Documents/work/inrae/scripts/projection_de_lexique/viticulture/resources/CorpusTestD2kabViti.html/BSV_NA_VIGNE_Limousin_07_20190522_cle81f925.html	vigne de cuve	0.9765095918672099
/Users/belka/Documents/work/inrae/scripts/projection_de_lexique/viticulture/resources/CorpusTestD2kabViti.html/BSV_NA_VIGNE_Limousin_07_20190522_cle81f925.html	vigne	0.22222538664499591
/Users/belka/Documents/work/inrae/scripts/projection_de_lexique/viticulture/resources/CorpusTestD2kabViti.html/BSV_NA_VIGNE_Limousin_07_20190522_cle81f925.html	Culture	0.15415067982725836
/Users/belka/Documents/work/inrae/scripts/projection_de_lexique/viticulture/resources/CorpusTestD2kabViti.html/BSV_NA_VIGNE_Limousin_14_20190709_cle8d4f42.html	pois	4.0442194448990785
/Users/belka/Documents/work/inrae/scripts/projection_de_lexique/viticulture/resources/CorpusTestD2kabViti.html/BSV_NA_VIGNE_Limousin_14_20190709_cle8d4f42.html	arbuste à baies	2.7119107424583433
/Users/belka/Documents/work/inrae/scripts/projection_de_lexique/viticulture/resources/CorpusTestD2kabViti.html/BSV_NA_VIGNE_Limousin_14_20190709_cle8d4f42.html	tournesol	1.2083112059245342
/Users/belka/Documents/work/inrae/scripts/projection_de_lexique/viticulture/resources/CorpusTestD2kabViti.html/BSV_NA_VIGNE_Limousin_14_20190709_cle8d4f42.html	vigne de cuve	0.9765095918672099
/Users/belka/Documents/work/inrae/scripts/projection_de_lexique/viticulture/resources/CorpusTestD2kabViti.html/BSV_NA_VIGNE_Limousin_14_20190709_cle8d4f42.html	vigne	0.1568649788082324
/Users/belka/Documents/work/inrae/scripts/projection_de_lexique/viticulture/resources/CorpusTestD2kabViti.html/BSV_NA_VIGNE_Limousin_14_20190709_cle8d4f42.html	Culture	0.15415067982725836
/Users/belka/Documents/work/inrae/scripts/projection_de_lexique/viticulture/resources/CorpusTestD2kabViti.html/BSV_NA_VIGNE_Limousin_17_20190730_cle835848.html	tournesol	1.2083112059245342
/Users/belka/Documents/work/inrae/scripts/projection_de_lexique/viticulture/resources/CorpusTestD2kabViti.html/BSV_NA_VIGNE_Limousin_17_20190730_cle835848.html	gel	1.1657515915057384
/Users/belka/Documents/work/inrae/scripts/projection_de_lexique/viticulture/resources/CorpusTestD2kabViti.html/BSV_NA_VIGNE_Limousin_17_20190730_cle835848.html	vigne de cuve	0.9765095918672099
/Users/belka/Documents/work/inrae/scripts/projection_de_lexique/viticulture/resources/CorpusTestD2kabViti.html/BSV_NA_VIGNE_Limousin_17_20190730_cle835848.html	vigne	0.23529746821234862
/Users/belka/Documents/work/inrae/scripts/projection_de_lexique/viticulture/resources/CorpusTestD2kabViti.html/BSV_NA_VIGNE_Limousin_17_20190730_cle835848.html	Culture	0.15415067982725836
/Users/belka/Documents/work/inrae/scripts/projection_de_lexique/viticulture/resources/CorpusTestD2kabViti.html/BSV_NA_VIGNE_Nord_Aquitaine_04_20190416_cle876cf5.html	gel	2.3315031830114767
/Users/belka/Documents/work/inrae/scripts/projection_de_lexique/viticulture/resources/CorpusTestD2kabViti.html/BSV_NA_VIGNE_Nord_Aquitaine_04_20190416_cle876cf5.html	poirée	1.9459101490553132
/Users/belka/Documents/work/inrae/scripts/projection_de_lexique/viticulture/resources/CorpusTestD2kabViti.html/BSV_NA_VIGNE_Nord_Aquitaine_04_20190416_cle876cf5.html	arbuste à baies	1.3559553712291716
/Users/belka/Documents/work/inrae/scripts/projection_de_lexique/viticulture/resources/CorpusTestD2kabViti.html/BSV_NA_VIGNE_Nord_Aquitaine_04_20190416_cle876cf5.html	vigne	0.1568649788082324
/Users/belka/Documents/work/inrae/scripts/projection_de_lexique/viticulture/resources/CorpusTestD2kabViti.html/BSV_NA_VIGNE_Nord_Aquitaine_04_20190416_cle876cf5.html	Culture	0.15415067982725836
/Users/belka/Documents/work/inrae/scripts/projection_de_lexique/viticulture/resources/CorpusTestD2kabViti.html/BSV_NA_VIGNE_Nord_Aquitaine_07_20190507_cle8b2385.html	gel	4.6630063660229535
/Users/belka/Documents/work/inrae/scripts/projection_de_lexique/viticulture/resources/CorpusTestD2kabViti.html/BSV_NA_VIGNE_Nord_Aquitaine_07_20190507_cle8b2385.html	arbuste à baies	1.3559553712291716
/Users/belka/Documents/work/inrae/scripts/projection_de_lexique/viticulture/resources/CorpusTestD2kabViti.html/BSV_NA_VIGNE_Nord_Aquitaine_07_20190507_cle8b2385.html	vigne	0.261441631347054
/Users/belka/Documents/work/inrae/scripts/projection_de_lexique/viticulture/resources/CorpusTestD2kabViti.html/BSV_NA_VIGNE_Nord_Aquitaine_07_20190507_cle8b2385.html	Culture	0.15415067982725836
/Users/belka/Documents/work/inrae/scripts/projection_de_lexique/viticulture/resources/CorpusTestD2kabViti.html/BSV_NA_VIGNE_Nord_Aquitaine_17_20190716_cle8d5da5.html	tournesol	2.4166224118490685
/Users/belka/Documents/work/inrae/scripts/projection_de_lexique/viticulture/resources/CorpusTestD2kabViti.html/BSV_NA_VIGNE_Nord_Aquitaine_17_20190716_cle8d5da5.html	arbuste à baies	1.8079404949722289
/Users/belka/Documents/work/inrae/scripts/projection_de_lexique/viticulture/resources/CorpusTestD2kabViti.html/BSV_NA_VIGNE_Nord_Aquitaine_17_20190716_cle8d5da5.html	pois	1.3480731482996928
/Users/belka/Documents/work/inrae/scripts/projection_de_lexique/viticulture/resources/CorpusTestD2kabViti.html/BSV_NA_VIGNE_Nord_Aquitaine_17_20190716_cle8d5da5.html	vigne	0.1960812235102905
/Users/belka/Documents/work/inrae/scripts/projection_de_lexique/viticulture/resources/CorpusTestD2kabViti.html/BSV_NA_VIGNE_Nord_Aquitaine_17_20190716_cle8d5da5.html	Culture	0.15415067982725836
/Users/belka/Documents/work/inrae/scripts/projection_de_lexique/viticulture/resources/CorpusTestD2kabViti.html/BSV_NA_VIGNE_Nord_Aquitaine_19_20190730_cle819684.html	arbuste à baies	5.423821484916687
/Users/belka/Documents/work/inrae/scripts/projection_de_lexique/viticulture/resources/CorpusTestD2kabViti.html/BSV_NA_VIGNE_Nord_Aquitaine_19_20190730_cle819684.html	tournesol	3.6249336177736025
/Users/belka/Documents/work/inrae/scripts/projection_de_lexique/viticulture/resources/CorpusTestD2kabViti.html/BSV_NA_VIGNE_Nord_Aquitaine_19_20190730_cle819684.html	vigne	0.22222538664499591
/Users/belka/Documents/work/inrae/scripts/projection_de_lexique/viticulture/resources/CorpusTestD2kabViti.html/BSV_NA_VIGNE_Nord_Aquitaine_19_20190730_cle819684.html	Culture	0.15415067982725836
/Users/belka/Documents/work/inrae/scripts/projection_de_lexique/viticulture/resources/CorpusTestD2kabViti.html/BSV_NA_VIGNE_Nord_Aquitaine_20_20190806_cle891ea2.html	tournesol	3.6249336177736025
/Users/belka/Documents/work/inrae/scripts/projection_de_lexique/viticulture/resources/CorpusTestD2kabViti.html/BSV_NA_VIGNE_Nord_Aquitaine_20_20190806_cle891ea2.html	arbuste à baies	2.7119107424583433
/Users/belka/Documents/work/inrae/scripts/projection_de_lexique/viticulture/resources/CorpusTestD2kabViti.html/BSV_NA_VIGNE_Nord_Aquitaine_20_20190806_cle891ea2.html	vigne	0.22222538664499591
/Users/belka/Documents/work/inrae/scripts/projection_de_lexique/viticulture/resources/CorpusTestD2kabViti.html/BSV_NA_VIGNE_Nord_Aquitaine_20_20190806_cle891ea2.html	Culture	0.15415067982725836
/Users/belka/Documents/work/inrae/scripts/projection_de_lexique/viticulture/resources/CorpusTestD2kabViti.html/BSV_NA_VIGNE_Sud_Aquitaine_02_20190401_01_cle4bdf4a.html	arbuste à baies	1.3559553712291716
/Users/belka/Documents/work/inrae/scripts/projection_de_lexique/viticulture/resources/CorpusTestD2kabViti.html/BSV_NA_VIGNE_Sud_Aquitaine_02_20190401_01_cle4bdf4a.html	vigne de cuve	0.9765095918672099
/Users/belka/Documents/work/inrae/scripts/projection_de_lexique/viticulture/resources/CorpusTestD2kabViti.html/BSV_NA_VIGNE_Sud_Aquitaine_02_20190401_01_cle4bdf4a.html	vigne	0.22222538664499591
/Users/belka/Documents/work/inrae/scripts/projection_de_lexique/viticulture/resources/CorpusTestD2kabViti.html/BSV_NA_VIGNE_Sud_Aquitaine_02_20190401_01_cle4bdf4a.html	Culture	0.15415067982725836
/Users/belka/Documents/work/inrae/scripts/projection_de_lexique/viticulture/resources/CorpusTestD2kabViti.html/BSV_NA_VIGNE_Sud_Aquitaine_08_20190514_cle8e63bb.html	arbuste à baies	1.3559553712291716
/Users/belka/Documents/work/inrae/scripts/projection_de_lexique/viticulture/resources/CorpusTestD2kabViti.html/BSV_NA_VIGNE_Sud_Aquitaine_08_20190514_cle8e63bb.html	vigne de cuve	0.9765095918672099
/Users/belka/Documents/work/inrae/scripts/projection_de_lexique/viticulture/resources/CorpusTestD2kabViti.html/BSV_NA_VIGNE_Sud_Aquitaine_08_20190514_cle8e63bb.html	vigne	0.22222538664499591
/Users/belka/Documents/work/inrae/scripts/projection_de_lexique/viticulture/resources/CorpusTestD2kabViti.html/BSV_NA_VIGNE_Sud_Aquitaine_08_20190514_cle8e63bb.html	Culture	0.15415067982725836
/Users/belka/Documents/work/inrae/scripts/projection_de_lexique/viticulture/resources/CorpusTestD2kabViti.html/BSV_NA_VIGNE_Sud_Aquitaine_17_20190716_cle841a78.html	arbuste à baies	1.3559553712291716
/Users/belka/Documents/work/inrae/scripts/projection_de_lexique/viticulture/resources/CorpusTestD2kabViti.html/BSV_NA_VIGNE_Sud_Aquitaine_17_20190716_cle841a78.html	tournesol	1.2083112059245342
/Users/belka/Documents/work/inrae/scripts/projection_de_lexique/viticulture/resources/CorpusTestD2kabViti.html/BSV_NA_VIGNE_Sud_Aquitaine_17_20190716_cle841a78.html	vigne de cuve	0.9765095918672099
/Users/belka/Documents/work/inrae/scripts/projection_de_lexique/viticulture/resources/CorpusTestD2kabViti.html/BSV_NA_VIGNE_Sud_Aquitaine_17_20190716_cle841a78.html	vigne	0.1568649788082324
/Users/belka/Documents/work/inrae/scripts/projection_de_lexique/viticulture/resources/CorpusTestD2kabViti.html/BSV_NA_VIGNE_Sud_Aquitaine_17_20190716_cle841a78.html	Culture	0.15415067982725836
/Users/belka/Documents/work/inrae/scripts/projection_de_lexique/viticulture/resources/CorpusTestD2kabViti.html/BSV_NA_VIGNE_Sud_Aquitaine_18_20190723_cle84e39a.html	tournesol	3.6249336177736025
/Users/belka/Documents/work/inrae/scripts/projection_de_lexique/viticulture/resources/CorpusTestD2kabViti.html/BSV_NA_VIGNE_Sud_Aquitaine_18_20190723_cle84e39a.html	arbuste à baies	2.7119107424583433
/Users/belka/Documents/work/inrae/scripts/projection_de_lexique/viticulture/resources/CorpusTestD2kabViti.html/BSV_NA_VIGNE_Sud_Aquitaine_18_20190723_cle84e39a.html	vigne de cuve	0.9765095918672099
/Users/belka/Documents/work/inrae/scripts/projection_de_lexique/viticulture/resources/CorpusTestD2kabViti.html/BSV_NA_VIGNE_Sud_Aquitaine_18_20190723_cle84e39a.html	vigne	0.1960812235102905
/Users/belka/Documents/work/inrae/scripts/projection_de_lexique/viticulture/resources/CorpusTestD2kabViti.html/BSV_NA_VIGNE_Sud_Aquitaine_18_20190723_cle84e39a.html	Culture	0.15415067982725836
/Users/belka/Documents/work/inrae/scripts/projection_de_lexique/viticulture/resources/CorpusTestD2kabViti.html/BSV_NA_VIGNE_Sud_Aquitaine_20_20190806_cle831e2b.html	tournesol	3.6249336177736025
/Users/belka/Documents/work/inrae/scripts/projection_de_lexique/viticulture/resources/CorpusTestD2kabViti.html/BSV_NA_VIGNE_Sud_Aquitaine_20_20190806_cle831e2b.html	arbuste à baies	2.7119107424583433
/Users/belka/Documents/work/inrae/scripts/projection_de_lexique/viticulture/resources/CorpusTestD2kabViti.html/BSV_NA_VIGNE_Sud_Aquitaine_20_20190806_cle831e2b.html	vigne de cuve	1.9530191837344197
/Users/belka/Documents/work/inrae/scripts/projection_de_lexique/viticulture/resources/CorpusTestD2kabViti.html/BSV_NA_VIGNE_Sud_Aquitaine_20_20190806_cle831e2b.html	vigne	0.1830091419429378
/Users/belka/Documents/work/inrae/scripts/projection_de_lexique/viticulture/resources/CorpusTestD2kabViti.html/BSV_NA_VIGNE_Sud_Aquitaine_20_20190806_cle831e2b.html	Culture	0.15415067982725836
/Users/belka/Documents/work/inrae/scripts/projection_de_lexique/viticulture/resources/CorpusTestD2kabViti.html/BSV_Viticulture_2_17_mai_2019_cle8f88af.html	culture fruitière	11.450286545260317
/Users/belka/Documents/work/inrae/scripts/projection_de_lexique/viticulture/resources/CorpusTestD2kabViti.html/BSV_Viticulture_2_17_mai_2019_cle8f88af.html	tomate	7.3013164825874775
/Users/belka/Documents/work/inrae/scripts/projection_de_lexique/viticulture/resources/CorpusTestD2kabViti.html/BSV_Viticulture_2_17_mai_2019_cle8f88af.html	arboriculture fruitière	5.104091905251257
/Users/belka/Documents/work/inrae/scripts/projection_de_lexique/viticulture/resources/CorpusTestD2kabViti.html/BSV_Viticulture_2_17_mai_2019_cle8f88af.html	pêcher	5.104091905251257
/Users/belka/Documents/work/inrae/scripts/projection_de_lexique/viticulture/resources/CorpusTestD2kabViti.html/BSV_Viticulture_2_17_mai_2019_cle8f88af.html	arboriculture fruitière tropicale	3.6506582412937387
/Users/belka/Documents/work/inrae/scripts/projection_de_lexique/viticulture/resources/CorpusTestD2kabViti.html/BSV_Viticulture_2_17_mai_2019_cle8f88af.html	manguier	3.6506582412937387
/Users/belka/Documents/work/inrae/scripts/projection_de_lexique/viticulture/resources/CorpusTestD2kabViti.html/BSV_Viticulture_2_17_mai_2019_cle8f88af.html	citronnier	3.6506582412937387
/Users/belka/Documents/work/inrae/scripts/projection_de_lexique/viticulture/resources/CorpusTestD2kabViti.html/BSV_Viticulture_2_17_mai_2019_cle8f88af.html	goyavier	3.6506582412937387
/Users/belka/Documents/work/inrae/scripts/projection_de_lexique/viticulture/resources/CorpusTestD2kabViti.html/BSV_Viticulture_2_17_mai_2019_cle8f88af.html	bananier	3.6506582412937387
/Users/belka/Documents/work/inrae/scripts/projection_de_lexique/viticulture/resources/CorpusTestD2kabViti.html/BSV_Viticulture_2_17_mai_2019_cle8f88af.html	cerisier	3.6506582412937387
/Users/belka/Documents/work/inrae/scripts/projection_de_lexique/viticulture/resources/CorpusTestD2kabViti.html/BSV_Viticulture_2_17_mai_2019_cle8f88af.html	ananas	3.6506582412937387
/Users/belka/Documents/work/inrae/scripts/projection_de_lexique/viticulture/resources/CorpusTestD2kabViti.html/BSV_Viticulture_2_17_mai_2019_cle8f88af.html	abricotier	3.6506582412937387
/Users/belka/Documents/work/inrae/scripts/projection_de_lexique/viticulture/resources/CorpusTestD2kabViti.html/BSV_Viticulture_2_17_mai_2019_cle8f88af.html	bananier musa	3.6506582412937387
/Users/belka/Documents/work/inrae/scripts/projection_de_lexique/viticulture/resources/CorpusTestD2kabViti.html/BSV_Viticulture_2_17_mai_2019_cle8f88af.html	figuier	3.6506582412937387
/Users/belka/Documents/work/inrae/scripts/projection_de_lexique/viticulture/resources/CorpusTestD2kabViti.html/BSV_Viticulture_2_17_mai_2019_cle8f88af.html	culture légumière	3.6506582412937387
/Users/belka/Documents/work/inrae/scripts/projection_de_lexique/viticulture/resources/CorpusTestD2kabViti.html/BSV_Viticulture_2_17_mai_2019_cle8f88af.html	poivron	3.6506582412937387
/Users/belka/Documents/work/inrae/scripts/projection_de_lexique/viticulture/resources/CorpusTestD2kabViti.html/BSV_Viticulture_2_17_mai_2019_cle8f88af.html	courge	3.6506582412937387
/Users/belka/Documents/work/inrae/scripts/projection_de_lexique/viticulture/resources/CorpusTestD2kabViti.html/BSV_Viticulture_2_17_mai_2019_cle8f88af.html	amandier	3.6506582412937387
/Users/belka/Documents/work/inrae/scripts/projection_de_lexique/viticulture/resources/CorpusTestD2kabViti.html/BSV_Viticulture_2_17_mai_2019_cle8f88af.html	laurier	3.6506582412937387
/Users/belka/Documents/work/inrae/scripts/projection_de_lexique/viticulture/resources/CorpusTestD2kabViti.html/BSV_Viticulture_2_17_mai_2019_cle8f88af.html	agrume	3.6506582412937387
/Users/belka/Documents/work/inrae/scripts/projection_de_lexique/viticulture/resources/CorpusTestD2kabViti.html/BSV_Viticulture_2_17_mai_2019_cle8f88af.html	poirier	3.245193133185574
/Users/belka/Documents/work/inrae/scripts/projection_de_lexique/viticulture/resources/CorpusTestD2kabViti.html/BSV_Viticulture_2_17_mai_2019_cle8f88af.html	rosier ornemental	2.9575110607337933
/Users/belka/Documents/work/inrae/scripts/projection_de_lexique/viticulture/resources/CorpusTestD2kabViti.html/BSV_Viticulture_2_17_mai_2019_cle8f88af.html	chêne	2.9575110607337933
/Users/belka/Documents/work/inrae/scripts/projection_de_lexique/viticulture/resources/CorpusTestD2kabViti.html/BSV_Viticulture_2_17_mai_2019_cle8f88af.html	olivier	2.7343675094195836
/Users/belka/Documents/work/inrae/scripts/projection_de_lexique/viticulture/resources/CorpusTestD2kabViti.html/BSV_Viticulture_2_17_mai_2019_cle8f88af.html	melon	2.5520459526256287
/Users/belka/Documents/work/inrae/scripts/projection_de_lexique/viticulture/resources/CorpusTestD2kabViti.html/BSV_Viticulture_2_17_mai_2019_cle8f88af.html	poirée	1.9459101490553132
/Users/belka/Documents/work/inrae/scripts/projection_de_lexique/viticulture/resources/CorpusTestD2kabViti.html/BSV_Viticulture_2_17_mai_2019_cle8f88af.html	floriculture	1.7788560643921472
/Users/belka/Documents/work/inrae/scripts/projection_de_lexique/viticulture/resources/CorpusTestD2kabViti.html/BSV_Viticulture_2_17_mai_2019_cle8f88af.html	Culture	0.3083013596545167
/Users/belka/Documents/work/inrae/scripts/projection_de_lexique/viticulture/resources/CorpusTestD2kabViti.html/BSV_Viticulture_2_17_mai_2019_cle8f88af.html	vigne	0.130720815673527
/Users/belka/Documents/work/inrae/scripts/projection_de_lexique/viticulture/resources/CorpusTestD2kabViti.html/BSV_Viticulture_5_18_juillet_2019_cle8b576d.html	culture fruitière	11.450286545260317
/Users/belka/Documents/work/inrae/scripts/projection_de_lexique/viticulture/resources/CorpusTestD2kabViti.html/BSV_Viticulture_5_18_juillet_2019_cle8b576d.html	agrume	10.951974723881216
/Users/belka/Documents/work/inrae/scripts/projection_de_lexique/viticulture/resources/CorpusTestD2kabViti.html/BSV_Viticulture_5_18_juillet_2019_cle8b576d.html	tomate	7.3013164825874775
/Users/belka/Documents/work/inrae/scripts/projection_de_lexique/viticulture/resources/CorpusTestD2kabViti.html/BSV_Viticulture_5_18_juillet_2019_cle8b576d.html	arboriculture fruitière	5.104091905251257
/Users/belka/Documents/work/inrae/scripts/projection_de_lexique/viticulture/resources/CorpusTestD2kabViti.html/BSV_Viticulture_5_18_juillet_2019_cle8b576d.html	pêcher	5.104091905251257
/Users/belka/Documents/work/inrae/scripts/projection_de_lexique/viticulture/resources/CorpusTestD2kabViti.html/BSV_Viticulture_5_18_juillet_2019_cle8b576d.html	poirée	3.8918202981106265
/Users/belka/Documents/work/inrae/scripts/projection_de_lexique/viticulture/resources/CorpusTestD2kabViti.html/BSV_Viticulture_5_18_juillet_2019_cle8b576d.html	arboriculture fruitière tropicale	3.6506582412937387
/Users/belka/Documents/work/inrae/scripts/projection_de_lexique/viticulture/resources/CorpusTestD2kabViti.html/BSV_Viticulture_5_18_juillet_2019_cle8b576d.html	manguier	3.6506582412937387
/Users/belka/Documents/work/inrae/scripts/projection_de_lexique/viticulture/resources/CorpusTestD2kabViti.html/BSV_Viticulture_5_18_juillet_2019_cle8b576d.html	citronnier	3.6506582412937387
/Users/belka/Documents/work/inrae/scripts/projection_de_lexique/viticulture/resources/CorpusTestD2kabViti.html/BSV_Viticulture_5_18_juillet_2019_cle8b576d.html	goyavier	3.6506582412937387
/Users/belka/Documents/work/inrae/scripts/projection_de_lexique/viticulture/resources/CorpusTestD2kabViti.html/BSV_Viticulture_5_18_juillet_2019_cle8b576d.html	bananier	3.6506582412937387
/Users/belka/Documents/work/inrae/scripts/projection_de_lexique/viticulture/resources/CorpusTestD2kabViti.html/BSV_Viticulture_5_18_juillet_2019_cle8b576d.html	cerisier	3.6506582412937387
/Users/belka/Documents/work/inrae/scripts/projection_de_lexique/viticulture/resources/CorpusTestD2kabViti.html/BSV_Viticulture_5_18_juillet_2019_cle8b576d.html	ananas	3.6506582412937387
/Users/belka/Documents/work/inrae/scripts/projection_de_lexique/viticulture/resources/CorpusTestD2kabViti.html/BSV_Viticulture_5_18_juillet_2019_cle8b576d.html	abricotier	3.6506582412937387
/Users/belka/Documents/work/inrae/scripts/projection_de_lexique/viticulture/resources/CorpusTestD2kabViti.html/BSV_Viticulture_5_18_juillet_2019_cle8b576d.html	bananier musa	3.6506582412937387
/Users/belka/Documents/work/inrae/scripts/projection_de_lexique/viticulture/resources/CorpusTestD2kabViti.html/BSV_Viticulture_5_18_juillet_2019_cle8b576d.html	figuier	3.6506582412937387
/Users/belka/Documents/work/inrae/scripts/projection_de_lexique/viticulture/resources/CorpusTestD2kabViti.html/BSV_Viticulture_5_18_juillet_2019_cle8b576d.html	culture légumière	3.6506582412937387
/Users/belka/Documents/work/inrae/scripts/projection_de_lexique/viticulture/resources/CorpusTestD2kabViti.html/BSV_Viticulture_5_18_juillet_2019_cle8b576d.html	poivron	3.6506582412937387
/Users/belka/Documents/work/inrae/scripts/projection_de_lexique/viticulture/resources/CorpusTestD2kabViti.html/BSV_Viticulture_5_18_juillet_2019_cle8b576d.html	courge	3.6506582412937387
/Users/belka/Documents/work/inrae/scripts/projection_de_lexique/viticulture/resources/CorpusTestD2kabViti.html/BSV_Viticulture_5_18_juillet_2019_cle8b576d.html	amandier	3.6506582412937387
/Users/belka/Documents/work/inrae/scripts/projection_de_lexique/viticulture/resources/CorpusTestD2kabViti.html/BSV_Viticulture_5_18_juillet_2019_cle8b576d.html	laurier	3.6506582412937387
/Users/belka/Documents/work/inrae/scripts/projection_de_lexique/viticulture/resources/CorpusTestD2kabViti.html/BSV_Viticulture_5_18_juillet_2019_cle8b576d.html	poirier	3.245193133185574
/Users/belka/Documents/work/inrae/scripts/projection_de_lexique/viticulture/resources/CorpusTestD2kabViti.html/BSV_Viticulture_5_18_juillet_2019_cle8b576d.html	rosier ornemental	2.9575110607337933
/Users/belka/Documents/work/inrae/scripts/projection_de_lexique/viticulture/resources/CorpusTestD2kabViti.html/BSV_Viticulture_5_18_juillet_2019_cle8b576d.html	chêne	2.9575110607337933
/Users/belka/Documents/work/inrae/scripts/projection_de_lexique/viticulture/resources/CorpusTestD2kabViti.html/BSV_Viticulture_5_18_juillet_2019_cle8b576d.html	olivier	2.7343675094195836
/Users/belka/Documents/work/inrae/scripts/projection_de_lexique/viticulture/resources/CorpusTestD2kabViti.html/BSV_Viticulture_5_18_juillet_2019_cle8b576d.html	melon	2.5520459526256287
/Users/belka/Documents/work/inrae/scripts/projection_de_lexique/viticulture/resources/CorpusTestD2kabViti.html/BSV_Viticulture_5_18_juillet_2019_cle8b576d.html	arbuste à baies	1.3559553712291716
/Users/belka/Documents/work/inrae/scripts/projection_de_lexique/viticulture/resources/CorpusTestD2kabViti.html/BSV_Viticulture_5_18_juillet_2019_cle8b576d.html	tournesol	1.2083112059245342
/Users/belka/Documents/work/inrae/scripts/projection_de_lexique/viticulture/resources/CorpusTestD2kabViti.html/BSV_Viticulture_5_18_juillet_2019_cle8b576d.html	Culture	0.6166027193090334
/Users/belka/Documents/work/inrae/scripts/projection_de_lexique/viticulture/resources/CorpusTestD2kabViti.html/BSV_Viticulture_5_18_juillet_2019_cle8b576d.html	vigne	0.1960812235102905
/Users/belka/Documents/work/inrae/scripts/projection_de_lexique/viticulture/resources/CorpusTestD2kabViti.html/BSV_viti_01_du_16-04-19_cle878624.html	poirier	3.245193133185574
/Users/belka/Documents/work/inrae/scripts/projection_de_lexique/viticulture/resources/CorpusTestD2kabViti.html/BSV_viti_01_du_16-04-19_cle878624.html	gel	2.3315031830114767
/Users/belka/Documents/work/inrae/scripts/projection_de_lexique/viticulture/resources/CorpusTestD2kabViti.html/BSV_viti_01_du_16-04-19_cle878624.html	Culture	0.3083013596545167
/Users/belka/Documents/work/inrae/scripts/projection_de_lexique/viticulture/resources/CorpusTestD2kabViti.html/BSV_viti_01_du_16-04-19_cle878624.html	vigne	0.3006578760491121
/Users/belka/Documents/work/inrae/scripts/projection_de_lexique/viticulture/resources/CorpusTestD2kabViti.html/BSV_viti_12_du_02-07-19-1_cle05965f.html	pois	9.436512038097849
/Users/belka/Documents/work/inrae/scripts/projection_de_lexique/viticulture/resources/CorpusTestD2kabViti.html/BSV_viti_12_du_02-07-19-1_cle05965f.html	noyer	3.245193133185574
/Users/belka/Documents/work/inrae/scripts/projection_de_lexique/viticulture/resources/CorpusTestD2kabViti.html/BSV_viti_12_du_02-07-19-1_cle05965f.html	rosier ornemental	2.9575110607337933
/Users/belka/Documents/work/inrae/scripts/projection_de_lexique/viticulture/resources/CorpusTestD2kabViti.html/BSV_viti_12_du_02-07-19-1_cle05965f.html	arbuste à baies	2.259925618715286
/Users/belka/Documents/work/inrae/scripts/projection_de_lexique/viticulture/resources/CorpusTestD2kabViti.html/BSV_viti_12_du_02-07-19-1_cle05965f.html	tournesol	1.2083112059245342
/Users/belka/Documents/work/inrae/scripts/projection_de_lexique/viticulture/resources/CorpusTestD2kabViti.html/BSV_viti_12_du_02-07-19-1_cle05965f.html	gel	1.1657515915057384
/Users/belka/Documents/work/inrae/scripts/projection_de_lexique/viticulture/resources/CorpusTestD2kabViti.html/BSV_viti_12_du_02-07-19-1_cle05965f.html	vigne	0.33987412075117024
/Users/belka/Documents/work/inrae/scripts/projection_de_lexique/viticulture/resources/CorpusTestD2kabViti.html/BSV_viti_12_du_02-07-19-1_cle05965f.html	Culture	0.3083013596545167
/Users/belka/Documents/work/inrae/scripts/projection_de_lexique/viticulture/resources/CorpusTestD2kabViti.html/BSV_viti_13_du_09-07-19_cle86811a.html	noyer	9.735579399556723
/Users/belka/Documents/work/inrae/scripts/projection_de_lexique/viticulture/resources/CorpusTestD2kabViti.html/BSV_viti_13_du_09-07-19_cle86811a.html	pois	4.0442194448990785
/Users/belka/Documents/work/inrae/scripts/projection_de_lexique/viticulture/resources/CorpusTestD2kabViti.html/BSV_viti_13_du_09-07-19_cle86811a.html	rosier ornemental	2.9575110607337933
/Users/belka/Documents/work/inrae/scripts/projection_de_lexique/viticulture/resources/CorpusTestD2kabViti.html/BSV_viti_13_du_09-07-19_cle86811a.html	arbuste à baies	2.259925618715286
/Users/belka/Documents/work/inrae/scripts/projection_de_lexique/viticulture/resources/CorpusTestD2kabViti.html/BSV_viti_13_du_09-07-19_cle86811a.html	tournesol	1.2083112059245342
/Users/belka/Documents/work/inrae/scripts/projection_de_lexique/viticulture/resources/CorpusTestD2kabViti.html/BSV_viti_13_du_09-07-19_cle86811a.html	vigne	0.3268020391838175
/Users/belka/Documents/work/inrae/scripts/projection_de_lexique/viticulture/resources/CorpusTestD2kabViti.html/BSV_viti_13_du_09-07-19_cle86811a.html	Culture	0.15415067982725836
/Users/belka/Documents/work/inrae/scripts/projection_de_lexique/viticulture/resources/CorpusTestD2kabViti.html/BSV_viti_16_du_16-09-19_cle87b836.html	vigne	0.1830091419429378
/Users/belka/Documents/work/inrae/scripts/projection_de_lexique/viticulture/resources/CorpusTestD2kabViti.html/BSV_viti_16_du_16-09-19_cle87b836.html	Culture	0.15415067982725836
/Users/belka/Documents/work/inrae/scripts/projection_de_lexique/viticulture/resources/CorpusTestD2kabViti.html/alsace_vigne_no13_du_29-07-19_cle853dc6.html	culture fruitière	6.543020883005895
/Users/belka/Documents/work/inrae/scripts/projection_de_lexique/viticulture/resources/CorpusTestD2kabViti.html/alsace_vigne_no13_du_29-07-19_cle853dc6.html	millet	4.343805421853684
/Users/belka/Documents/work/inrae/scripts/projection_de_lexique/viticulture/resources/CorpusTestD2kabViti.html/alsace_vigne_no13_du_29-07-19_cle853dc6.html	tournesol	1.2083112059245342
/Users/belka/Documents/work/inrae/scripts/projection_de_lexique/viticulture/resources/CorpusTestD2kabViti.html/alsace_vigne_no13_du_29-07-19_cle853dc6.html	vigne de cuve	0.9765095918672099
/Users/belka/Documents/work/inrae/scripts/projection_de_lexique/viticulture/resources/CorpusTestD2kabViti.html/alsace_vigne_no13_du_29-07-19_cle853dc6.html	arbuste à baies	0.4519851237430572
/Users/belka/Documents/work/inrae/scripts/projection_de_lexique/viticulture/resources/CorpusTestD2kabViti.html/alsace_vigne_no13_du_29-07-19_cle853dc6.html	vigne	0.0784324894041162
/Users/belka/Documents/work/inrae/scripts/projection_de_lexique/viticulture/resources/CorpusTestD2kabViti.html/alsace_vigne_no14_du_20-08-19_cle8ee257.html	culture fruitière	11.450286545260317
/Users/belka/Documents/work/inrae/scripts/projection_de_lexique/viticulture/resources/CorpusTestD2kabViti.html/alsace_vigne_no14_du_20-08-19_cle8ee257.html	arboriculture	3.6506582412937387
/Users/belka/Documents/work/inrae/scripts/projection_de_lexique/viticulture/resources/CorpusTestD2kabViti.html/alsace_vigne_no14_du_20-08-19_cle8ee257.html	arbuste à baies	1.3559553712291716
/Users/belka/Documents/work/inrae/scripts/projection_de_lexique/viticulture/resources/CorpusTestD2kabViti.html/alsace_vigne_no14_du_20-08-19_cle8ee257.html	vigne de cuve	0.9765095918672099
/Users/belka/Documents/work/inrae/scripts/projection_de_lexique/viticulture/resources/CorpusTestD2kabViti.html/alsace_vigne_no14_du_20-08-19_cle8ee257.html	vigne	0.0915045709714689
/Users/belka/Documents/work/inrae/scripts/projection_de_lexique/viticulture/resources/CorpusTestD2kabViti.html/alsace_vigne_no8_du_25-06-19_cle818164.html	culture fruitière	8.17877610375737
/Users/belka/Documents/work/inrae/scripts/projection_de_lexique/viticulture/resources/CorpusTestD2kabViti.html/alsace_vigne_no8_du_25-06-19_cle818164.html	pois	1.3480731482996928
/Users/belka/Documents/work/inrae/scripts/projection_de_lexique/viticulture/resources/CorpusTestD2kabViti.html/alsace_vigne_no8_du_25-06-19_cle818164.html	vigne	0.0653604078367635
/Users/belka/Documents/work/inrae/scripts/projection_de_lexique/viticulture/resources/CorpusTestD2kabViti.html/bsv_raisin_n07_14052019_cle85bd4c.html	vigne de table	19.471158799113446
/Users/belka/Documents/work/inrae/scripts/projection_de_lexique/viticulture/resources/CorpusTestD2kabViti.html/bsv_raisin_n07_14052019_cle85bd4c.html	Culture	0.15415067982725836
/Users/belka/Documents/work/inrae/scripts/projection_de_lexique/viticulture/resources/CorpusTestD2kabViti.html/bsv_raisin_n07_14052019_cle85bd4c.html	vigne	0.1045766525388216
/Users/belka/Documents/work/inrae/scripts/projection_de_lexique/viticulture/resources/CorpusTestD2kabViti.html/bsv_raisin_n12_18062019_cle8578dc.html	vigne de table	25.961545065484593
/Users/belka/Documents/work/inrae/scripts/projection_de_lexique/viticulture/resources/CorpusTestD2kabViti.html/bsv_raisin_n12_18062019_cle8578dc.html	arboriculture fruitière	7.656137857876886
/Users/belka/Documents/work/inrae/scripts/projection_de_lexique/viticulture/resources/CorpusTestD2kabViti.html/bsv_raisin_n12_18062019_cle8578dc.html	floriculture	3.5577121287842943
/Users/belka/Documents/work/inrae/scripts/projection_de_lexique/viticulture/resources/CorpusTestD2kabViti.html/bsv_raisin_n12_18062019_cle8578dc.html	oranger	2.9575110607337933
/Users/belka/Documents/work/inrae/scripts/projection_de_lexique/viticulture/resources/CorpusTestD2kabViti.html/bsv_raisin_n12_18062019_cle8578dc.html	pois	2.6961462965993856
/Users/belka/Documents/work/inrae/scripts/projection_de_lexique/viticulture/resources/CorpusTestD2kabViti.html/bsv_raisin_n12_18062019_cle8578dc.html	Culture	0.7707533991362918
/Users/belka/Documents/work/inrae/scripts/projection_de_lexique/viticulture/resources/CorpusTestD2kabViti.html/bsv_raisin_n12_18062019_cle8578dc.html	arbuste à baies	0.4519851237430572
/Users/belka/Documents/work/inrae/scripts/projection_de_lexique/viticulture/resources/CorpusTestD2kabViti.html/bsv_raisin_n12_18062019_cle8578dc.html	vigne	0.11764873410617431
/Users/belka/Documents/work/inrae/scripts/projection_de_lexique/viticulture/resources/CorpusTestD2kabViti.html/bsv_raisin_n15_16072019_cle8c8617.html	vigne de table	22.71635193229902
/Users/belka/Documents/work/inrae/scripts/projection_de_lexique/viticulture/resources/CorpusTestD2kabViti.html/bsv_raisin_n15_16072019_cle8c8617.html	arbuste à baies	1.8079404949722289
/Users/belka/Documents/work/inrae/scripts/projection_de_lexique/viticulture/resources/CorpusTestD2kabViti.html/bsv_raisin_n15_16072019_cle8c8617.html	pois	1.3480731482996928
/Users/belka/Documents/work/inrae/scripts/projection_de_lexique/viticulture/resources/CorpusTestD2kabViti.html/bsv_raisin_n15_16072019_cle8c8617.html	Culture	0.15415067982725836
/Users/belka/Documents/work/inrae/scripts/projection_de_lexique/viticulture/resources/CorpusTestD2kabViti.html/bsv_raisin_n15_16072019_cle8c8617.html	vigne	0.11764873410617431
/Users/belka/Documents/work/inrae/scripts/projection_de_lexique/viticulture/resources/CorpusTestD2kabViti.html/bsv_vigne_n17_gascogne_24072018_cle4238ae.html	arbuste à baies	1.3559553712291716
/Users/belka/Documents/work/inrae/scripts/projection_de_lexique/viticulture/resources/CorpusTestD2kabViti.html/bsv_vigne_n17_gascogne_24072018_cle4238ae.html	tournesol	1.2083112059245342
/Users/belka/Documents/work/inrae/scripts/projection_de_lexique/viticulture/resources/CorpusTestD2kabViti.html/bsv_vigne_n17_gascogne_24072018_cle4238ae.html	vigne	0.16993706037558512
/Users/belka/Documents/work/inrae/scripts/projection_de_lexique/viticulture/resources/CorpusTestD2kabViti.html/bsv_vigne_n17_gascogne_24072018_cle4238ae.html	Culture	0.15415067982725836
/Users/belka/Documents/work/inrae/scripts/projection_de_lexique/viticulture/resources/CorpusTestD2kabViti.html/bsv_vigne_n21_gascogne_11092018_cle4c45ec.html	Culture	0.15415067982725836
/Users/belka/Documents/work/inrae/scripts/projection_de_lexique/viticulture/resources/CorpusTestD2kabViti.html/bsv_vigne_n21_gascogne_11092018_cle4c45ec.html	vigne	0.0784324894041162
/Users/belka/Documents/work/inrae/scripts/projection_de_lexique/viticulture/resources/CorpusTestD2kabViti.html/bsv_viti_13_27_06_2019_cle07f426.html	melon	5.104091905251257
/Users/belka/Documents/work/inrae/scripts/projection_de_lexique/viticulture/resources/CorpusTestD2kabViti.html/bsv_viti_13_27_06_2019_cle07f426.html	floriculture	1.7788560643921472
/Users/belka/Documents/work/inrae/scripts/projection_de_lexique/viticulture/resources/CorpusTestD2kabViti.html/bsv_viti_13_27_06_2019_cle07f426.html	culture fruitière	1.6357552207514738
/Users/belka/Documents/work/inrae/scripts/projection_de_lexique/viticulture/resources/CorpusTestD2kabViti.html/bsv_viti_13_27_06_2019_cle07f426.html	pois	1.3480731482996928
/Users/belka/Documents/work/inrae/scripts/projection_de_lexique/viticulture/resources/CorpusTestD2kabViti.html/bsv_viti_13_27_06_2019_cle07f426.html	gel	1.1657515915057384
/Users/belka/Documents/work/inrae/scripts/projection_de_lexique/viticulture/resources/CorpusTestD2kabViti.html/bsv_viti_13_27_06_2019_cle07f426.html	arbuste à baies	0.9039702474861144
/Users/belka/Documents/work/inrae/scripts/projection_de_lexique/viticulture/resources/CorpusTestD2kabViti.html/bsv_viti_13_27_06_2019_cle07f426.html	Culture	0.15415067982725836
/Users/belka/Documents/work/inrae/scripts/projection_de_lexique/viticulture/resources/CorpusTestD2kabViti.html/bsv_viti_13_27_06_2019_cle07f426.html	vigne	0.11764873410617431
/Users/belka/Documents/work/inrae/scripts/projection_de_lexique/viticulture/resources/CorpusTestD2kabViti.html/bsv_viti_14_04_07_2019-1_cle888dd3.html	melon	5.104091905251257
/Users/belka/Documents/work/inrae/scripts/projection_de_lexique/viticulture/resources/CorpusTestD2kabViti.html/bsv_viti_14_04_07_2019-1_cle888dd3.html	blé	4.343805421853684
/Users/belka/Documents/work/inrae/scripts/projection_de_lexique/viticulture/resources/CorpusTestD2kabViti.html/bsv_viti_14_04_07_2019-1_cle888dd3.html	pois	4.0442194448990785
/Users/belka/Documents/work/inrae/scripts/projection_de_lexique/viticulture/resources/CorpusTestD2kabViti.html/bsv_viti_14_04_07_2019-1_cle888dd3.html	tournesol	1.2083112059245342
/Users/belka/Documents/work/inrae/scripts/projection_de_lexique/viticulture/resources/CorpusTestD2kabViti.html/bsv_viti_14_04_07_2019-1_cle888dd3.html	arbuste à baies	0.9039702474861144
/Users/belka/Documents/work/inrae/scripts/projection_de_lexique/viticulture/resources/CorpusTestD2kabViti.html/bsv_viti_14_04_07_2019-1_cle888dd3.html	Culture	0.3083013596545167
/Users/belka/Documents/work/inrae/scripts/projection_de_lexique/viticulture/resources/CorpusTestD2kabViti.html/bsv_viti_14_04_07_2019-1_cle888dd3.html	vigne	0.130720815673527
/Users/belka/Documents/work/inrae/scripts/projection_de_lexique/viticulture/resources/CorpusTestD2kabViti.html/bsv_viti_17_25_07_2019_cle0a86e1.html	melon	2.5520459526256287
/Users/belka/Documents/work/inrae/scripts/projection_de_lexique/viticulture/resources/CorpusTestD2kabViti.html/bsv_viti_17_25_07_2019_cle0a86e1.html	tournesol	2.4166224118490685
/Users/belka/Documents/work/inrae/scripts/projection_de_lexique/viticulture/resources/CorpusTestD2kabViti.html/bsv_viti_17_25_07_2019_cle0a86e1.html	arbuste à baies	2.259925618715286
/Users/belka/Documents/work/inrae/scripts/projection_de_lexique/viticulture/resources/CorpusTestD2kabViti.html/bsv_viti_17_25_07_2019_cle0a86e1.html	Culture	0.15415067982725836
/Users/belka/Documents/work/inrae/scripts/projection_de_lexique/viticulture/resources/CorpusTestD2kabViti.html/bsv_viti_17_25_07_2019_cle0a86e1.html	vigne	0.1045766525388216
/Users/belka/Documents/work/inrae/scripts/projection_de_lexique/viticulture/resources/CorpusTestD2kabViti.html/bsv_viti_3_18_04_2019_cle43e1c9.html	melon	7.656137857876886
/Users/belka/Documents/work/inrae/scripts/projection_de_lexique/viticulture/resources/CorpusTestD2kabViti.html/bsv_viti_3_18_04_2019_cle43e1c9.html	gel	2.3315031830114767
/Users/belka/Documents/work/inrae/scripts/projection_de_lexique/viticulture/resources/CorpusTestD2kabViti.html/bsv_viti_3_18_04_2019_cle43e1c9.html	Culture	0.15415067982725836
/Users/belka/Documents/work/inrae/scripts/projection_de_lexique/viticulture/resources/CorpusTestD2kabViti.html/bsv_viti_3_18_04_2019_cle43e1c9.html	vigne	0.0653604078367635
/Users/belka/Documents/work/inrae/scripts/projection_de_lexique/viticulture/resources/CorpusTestD2kabViti.html/bsv_viti_lr_n03_16042019_cle82d51a.html	oranger	2.9575110607337933
/Users/belka/Documents/work/inrae/scripts/projection_de_lexique/viticulture/resources/CorpusTestD2kabViti.html/bsv_viti_lr_n03_16042019_cle82d51a.html	gel	2.3315031830114767
/Users/belka/Documents/work/inrae/scripts/projection_de_lexique/viticulture/resources/CorpusTestD2kabViti.html/bsv_viti_lr_n03_16042019_cle82d51a.html	vigne	0.1568649788082324
/Users/belka/Documents/work/inrae/scripts/projection_de_lexique/viticulture/resources/CorpusTestD2kabViti.html/bsv_viti_lr_n03_16042019_cle82d51a.html	Culture	0.15415067982725836
/Users/belka/Documents/work/inrae/scripts/projection_de_lexique/viticulture/resources/CorpusTestD2kabViti.html/bsv_viti_lr_n06_06052019-1_cle4a8957-1.html	noyer	19.471158799113446
/Users/belka/Documents/work/inrae/scripts/projection_de_lexique/viticulture/resources/CorpusTestD2kabViti.html/bsv_viti_lr_n06_06052019-1_cle4a8957-1.html	arboriculture fruitière	10.208183810502515
/Users/belka/Documents/work/inrae/scripts/projection_de_lexique/viticulture/resources/CorpusTestD2kabViti.html/bsv_viti_lr_n06_06052019-1_cle4a8957-1.html	culture fruitière	4.907265662254422
/Users/belka/Documents/work/inrae/scripts/projection_de_lexique/viticulture/resources/CorpusTestD2kabViti.html/bsv_viti_lr_n06_06052019-1_cle4a8957-1.html	noisetier	4.343805421853684
/Users/belka/Documents/work/inrae/scripts/projection_de_lexique/viticulture/resources/CorpusTestD2kabViti.html/bsv_viti_lr_n06_06052019-1_cle4a8957-1.html	floriculture	3.5577121287842943
/Users/belka/Documents/work/inrae/scripts/projection_de_lexique/viticulture/resources/CorpusTestD2kabViti.html/bsv_viti_lr_n06_06052019-1_cle4a8957-1.html	oranger	2.9575110607337933
/Users/belka/Documents/work/inrae/scripts/projection_de_lexique/viticulture/resources/CorpusTestD2kabViti.html/bsv_viti_lr_n06_06052019-1_cle4a8957-1.html	chêne	2.9575110607337933
/Users/belka/Documents/work/inrae/scripts/projection_de_lexique/viticulture/resources/CorpusTestD2kabViti.html/bsv_viti_lr_n06_06052019-1_cle4a8957-1.html	Culture	0.15415067982725836
/Users/belka/Documents/work/inrae/scripts/projection_de_lexique/viticulture/resources/CorpusTestD2kabViti.html/bsv_viti_lr_n17_30072019_cle8cc4c8.html	arboriculture fruitière	7.656137857876886
/Users/belka/Documents/work/inrae/scripts/projection_de_lexique/viticulture/resources/CorpusTestD2kabViti.html/bsv_viti_lr_n17_30072019_cle8cc4c8.html	arbuste à baies	2.259925618715286
/Users/belka/Documents/work/inrae/scripts/projection_de_lexique/viticulture/resources/CorpusTestD2kabViti.html/bsv_viti_lr_n17_30072019_cle8cc4c8.html	floriculture	1.7788560643921472
/Users/belka/Documents/work/inrae/scripts/projection_de_lexique/viticulture/resources/CorpusTestD2kabViti.html/bsv_viti_lr_n17_30072019_cle8cc4c8.html	Culture	0.7707533991362918
/Users/belka/Documents/work/inrae/scripts/projection_de_lexique/viticulture/resources/CorpusTestD2kabViti.html/bsv_viti_lr_n17_30072019_cle8cc4c8.html	vigne	0.261441631347054
/Users/belka/Documents/work/inrae/scripts/projection_de_lexique/viticulture/resources/CorpusTestD2kabViti.html/bsv_viti_mp_aveyron_n02_19042019-2_cle8676eb.html	gel	3.497254774517215
/Users/belka/Documents/work/inrae/scripts/projection_de_lexique/viticulture/resources/CorpusTestD2kabViti.html/bsv_viti_mp_aveyron_n02_19042019-2_cle8676eb.html	floriculture	1.7788560643921472
/Users/belka/Documents/work/inrae/scripts/projection_de_lexique/viticulture/resources/CorpusTestD2kabViti.html/bsv_viti_mp_aveyron_n02_19042019-2_cle8676eb.html	vigne	0.1960812235102905
/Users/belka/Documents/work/inrae/scripts/projection_de_lexique/viticulture/resources/CorpusTestD2kabViti.html/bsv_viti_mp_aveyron_n02_19042019-2_cle8676eb.html	Culture	0.15415067982725836
/Users/belka/Documents/work/inrae/scripts/projection_de_lexique/viticulture/resources/CorpusTestD2kabViti.html/bsv_viti_mp_aveyron_n11_25062019_cle084a76.html	Culture	0.15415067982725836
/Users/belka/Documents/work/inrae/scripts/projection_de_lexique/viticulture/resources/CorpusTestD2kabViti.html/bsv_viti_mp_aveyron_n11_25062019_cle084a76.html	vigne	0.1437928972408797
/Users/belka/Documents/work/inrae/scripts/projection_de_lexique/viticulture/resources/CorpusTestD2kabViti.html/bsv_viti_mp_aveyron_n14_17072019_cle05cdbe.html	pois	2.6961462965993856
/Users/belka/Documents/work/inrae/scripts/projection_de_lexique/viticulture/resources/CorpusTestD2kabViti.html/bsv_viti_mp_aveyron_n14_17072019_cle05cdbe.html	arbuste à baies	1.3559553712291716
/Users/belka/Documents/work/inrae/scripts/projection_de_lexique/viticulture/resources/CorpusTestD2kabViti.html/bsv_viti_mp_aveyron_n14_17072019_cle05cdbe.html	vigne	0.2091533050776432
/Users/belka/Documents/work/inrae/scripts/projection_de_lexique/viticulture/resources/CorpusTestD2kabViti.html/bsv_viti_mp_aveyron_n14_17072019_cle05cdbe.html	Culture	0.15415067982725836
/Users/belka/Documents/work/inrae/scripts/projection_de_lexique/viticulture/resources/CorpusTestD2kabViti.html/bsv_viti_mp_aveyron_n16_30072019_cle0dd53b.html	semence	26.61759954660414
/Users/belka/Documents/work/inrae/scripts/projection_de_lexique/viticulture/resources/CorpusTestD2kabViti.html/bsv_viti_mp_aveyron_n16_30072019_cle0dd53b.html	céréale à paille	8.87253318220138
/Users/belka/Documents/work/inrae/scripts/projection_de_lexique/viticulture/resources/CorpusTestD2kabViti.html/bsv_viti_mp_aveyron_n16_30072019_cle0dd53b.html	gel	4.6630063660229535
/Users/belka/Documents/work/inrae/scripts/projection_de_lexique/viticulture/resources/CorpusTestD2kabViti.html/bsv_viti_mp_aveyron_n16_30072019_cle0dd53b.html	tournesol	3.6249336177736025
/Users/belka/Documents/work/inrae/scripts/projection_de_lexique/viticulture/resources/CorpusTestD2kabViti.html/bsv_viti_mp_aveyron_n16_30072019_cle0dd53b.html	zone non agricole	2.9575110607337933
/Users/belka/Documents/work/inrae/scripts/projection_de_lexique/viticulture/resources/CorpusTestD2kabViti.html/bsv_viti_mp_aveyron_n16_30072019_cle0dd53b.html	arbuste à baies	2.7119107424583433
/Users/belka/Documents/work/inrae/scripts/projection_de_lexique/viticulture/resources/CorpusTestD2kabViti.html/bsv_viti_mp_aveyron_n16_30072019_cle0dd53b.html	pêcher	2.5520459526256287
/Users/belka/Documents/work/inrae/scripts/projection_de_lexique/viticulture/resources/CorpusTestD2kabViti.html/bsv_viti_mp_aveyron_n16_30072019_cle0dd53b.html	céréale	2.3978952727983707
/Users/belka/Documents/work/inrae/scripts/projection_de_lexique/viticulture/resources/CorpusTestD2kabViti.html/bsv_viti_mp_aveyron_n16_30072019_cle0dd53b.html	Culture	2.158109517581617
/Users/belka/Documents/work/inrae/scripts/projection_de_lexique/viticulture/resources/CorpusTestD2kabViti.html/bsv_viti_mp_aveyron_n16_30072019_cle0dd53b.html	vigne	0.1830091419429378
/Users/belka/Documents/work/inrae/scripts/projection_de_lexique/viticulture/resources/CorpusTestD2kabViti.html/bsv_viti_mp_cahors_n05_07052019-1_cle882e62.html	gel	2.3315031830114767
/Users/belka/Documents/work/inrae/scripts/projection_de_lexique/viticulture/resources/CorpusTestD2kabViti.html/bsv_viti_mp_cahors_n05_07052019-1_cle882e62.html	vigne de cuve	0.9765095918672099
/Users/belka/Documents/work/inrae/scripts/projection_de_lexique/viticulture/resources/CorpusTestD2kabViti.html/bsv_viti_mp_cahors_n05_07052019-1_cle882e62.html	arbuste à baies	0.4519851237430572
/Users/belka/Documents/work/inrae/scripts/projection_de_lexique/viticulture/resources/CorpusTestD2kabViti.html/bsv_viti_mp_cahors_n05_07052019-1_cle882e62.html	vigne	0.1568649788082324
/Users/belka/Documents/work/inrae/scripts/projection_de_lexique/viticulture/resources/CorpusTestD2kabViti.html/bsv_viti_mp_cahors_n05_07052019-1_cle882e62.html	Culture	0.15415067982725836
/Users/belka/Documents/work/inrae/scripts/projection_de_lexique/viticulture/resources/CorpusTestD2kabViti.html/bsv_viti_mp_cahors_n12_25062019_cle4cf277.html	pois	1.3480731482996928
/Users/belka/Documents/work/inrae/scripts/projection_de_lexique/viticulture/resources/CorpusTestD2kabViti.html/bsv_viti_mp_cahors_n12_25062019_cle4cf277.html	gel	1.1657515915057384
/Users/belka/Documents/work/inrae/scripts/projection_de_lexique/viticulture/resources/CorpusTestD2kabViti.html/bsv_viti_mp_cahors_n12_25062019_cle4cf277.html	vigne de cuve	0.9765095918672099
/Users/belka/Documents/work/inrae/scripts/projection_de_lexique/viticulture/resources/CorpusTestD2kabViti.html/bsv_viti_mp_cahors_n12_25062019_cle4cf277.html	Culture	0.15415067982725836
/Users/belka/Documents/work/inrae/scripts/projection_de_lexique/viticulture/resources/CorpusTestD2kabViti.html/bsv_viti_mp_cahors_n12_25062019_cle4cf277.html	vigne	0.130720815673527
/Users/belka/Documents/work/inrae/scripts/projection_de_lexique/viticulture/resources/CorpusTestD2kabViti.html/bsv_viti_mp_cahors_n17_30072019_cle434e53.html	semence	26.61759954660414
/Users/belka/Documents/work/inrae/scripts/projection_de_lexique/viticulture/resources/CorpusTestD2kabViti.html/bsv_viti_mp_cahors_n17_30072019_cle434e53.html	céréale à paille	8.87253318220138
/Users/belka/Documents/work/inrae/scripts/projection_de_lexique/viticulture/resources/CorpusTestD2kabViti.html/bsv_viti_mp_cahors_n17_30072019_cle434e53.html	gel	4.6630063660229535
/Users/belka/Documents/work/inrae/scripts/projection_de_lexique/viticulture/resources/CorpusTestD2kabViti.html/bsv_viti_mp_cahors_n17_30072019_cle434e53.html	tournesol	3.6249336177736025
/Users/belka/Documents/work/inrae/scripts/projection_de_lexique/viticulture/resources/CorpusTestD2kabViti.html/bsv_viti_mp_cahors_n17_30072019_cle434e53.html	zone non agricole	2.9575110607337933
/Users/belka/Documents/work/inrae/scripts/projection_de_lexique/viticulture/resources/CorpusTestD2kabViti.html/bsv_viti_mp_cahors_n17_30072019_cle434e53.html	pêcher	2.5520459526256287
/Users/belka/Documents/work/inrae/scripts/projection_de_lexique/viticulture/resources/CorpusTestD2kabViti.html/bsv_viti_mp_cahors_n17_30072019_cle434e53.html	céréale	2.3978952727983707
/Users/belka/Documents/work/inrae/scripts/projection_de_lexique/viticulture/resources/CorpusTestD2kabViti.html/bsv_viti_mp_cahors_n17_30072019_cle434e53.html	Culture	2.158109517581617
/Users/belka/Documents/work/inrae/scripts/projection_de_lexique/viticulture/resources/CorpusTestD2kabViti.html/bsv_viti_mp_cahors_n17_30072019_cle434e53.html	pois	1.3480731482996928
/Users/belka/Documents/work/inrae/scripts/projection_de_lexique/viticulture/resources/CorpusTestD2kabViti.html/bsv_viti_mp_cahors_n17_30072019_cle434e53.html	vigne de cuve	0.9765095918672099
/Users/belka/Documents/work/inrae/scripts/projection_de_lexique/viticulture/resources/CorpusTestD2kabViti.html/bsv_viti_mp_cahors_n17_30072019_cle434e53.html	arbuste à baies	0.4519851237430572
/Users/belka/Documents/work/inrae/scripts/projection_de_lexique/viticulture/resources/CorpusTestD2kabViti.html/bsv_viti_mp_cahors_n17_30072019_cle434e53.html	vigne	0.16993706037558512
/Users/belka/Documents/work/inrae/scripts/projection_de_lexique/viticulture/resources/CorpusTestD2kabViti.html/bsv_viti_mp_cahors_n19_20082019_cle4e16b4.html	vigne de cuve	0.9765095918672099
/Users/belka/Documents/work/inrae/scripts/projection_de_lexique/viticulture/resources/CorpusTestD2kabViti.html/bsv_viti_mp_cahors_n19_20082019_cle4e16b4.html	arbuste à baies	0.4519851237430572
/Users/belka/Documents/work/inrae/scripts/projection_de_lexique/viticulture/resources/CorpusTestD2kabViti.html/bsv_viti_mp_cahors_n19_20082019_cle4e16b4.html	vigne	0.1568649788082324
/Users/belka/Documents/work/inrae/scripts/projection_de_lexique/viticulture/resources/CorpusTestD2kabViti.html/bsv_viti_mp_cahors_n19_20082019_cle4e16b4.html	Culture	0.15415067982725836
/Users/belka/Documents/work/inrae/scripts/projection_de_lexique/viticulture/resources/CorpusTestD2kabViti.html/bsv_viti_mp_fronton_tarnetgaronne_n04_24042019_cle43debd.html	Culture	0.15415067982725836
/Users/belka/Documents/work/inrae/scripts/projection_de_lexique/viticulture/resources/CorpusTestD2kabViti.html/bsv_viti_mp_fronton_tarnetgaronne_n04_24042019_cle43debd.html	vigne	0.0915045709714689
/Users/belka/Documents/work/inrae/scripts/projection_de_lexique/viticulture/resources/CorpusTestD2kabViti.html/bsv_viti_mp_fronton_tarnetgaronne_n13_25062019_cle48ca82.html	pois	4.0442194448990785
/Users/belka/Documents/work/inrae/scripts/projection_de_lexique/viticulture/resources/CorpusTestD2kabViti.html/bsv_viti_mp_fronton_tarnetgaronne_n13_25062019_cle48ca82.html	arboriculture	3.6506582412937387
/Users/belka/Documents/work/inrae/scripts/projection_de_lexique/viticulture/resources/CorpusTestD2kabViti.html/bsv_viti_mp_fronton_tarnetgaronne_n13_25062019_cle48ca82.html	chêne	2.9575110607337933
/Users/belka/Documents/work/inrae/scripts/projection_de_lexique/viticulture/resources/CorpusTestD2kabViti.html/bsv_viti_mp_fronton_tarnetgaronne_n13_25062019_cle48ca82.html	Culture	0.15415067982725836
/Users/belka/Documents/work/inrae/scripts/projection_de_lexique/viticulture/resources/CorpusTestD2kabViti.html/bsv_viti_mp_fronton_tarnetgaronne_n13_25062019_cle48ca82.html	vigne	0.1437928972408797
/Users/belka/Documents/work/inrae/scripts/projection_de_lexique/viticulture/resources/CorpusTestD2kabViti.html/bsv_viti_mp_fronton_tarnetgaronne_n18_30072019_cle4d7faa.html	semence	26.61759954660414
/Users/belka/Documents/work/inrae/scripts/projection_de_lexique/viticulture/resources/CorpusTestD2kabViti.html/bsv_viti_mp_fronton_tarnetgaronne_n18_30072019_cle4d7faa.html	céréale à paille	8.87253318220138
/Users/belka/Documents/work/inrae/scripts/projection_de_lexique/viticulture/resources/CorpusTestD2kabViti.html/bsv_viti_mp_fronton_tarnetgaronne_n18_30072019_cle4d7faa.html	gel	4.6630063660229535
/Users/belka/Documents/work/inrae/scripts/projection_de_lexique/viticulture/resources/CorpusTestD2kabViti.html/bsv_viti_mp_fronton_tarnetgaronne_n18_30072019_cle4d7faa.html	tournesol	3.6249336177736025
/Users/belka/Documents/work/inrae/scripts/projection_de_lexique/viticulture/resources/CorpusTestD2kabViti.html/bsv_viti_mp_fronton_tarnetgaronne_n18_30072019_cle4d7faa.html	zone non agricole	2.9575110607337933
/Users/belka/Documents/work/inrae/scripts/projection_de_lexique/viticulture/resources/CorpusTestD2kabViti.html/bsv_viti_mp_fronton_tarnetgaronne_n18_30072019_cle4d7faa.html	pêcher	2.5520459526256287
/Users/belka/Documents/work/inrae/scripts/projection_de_lexique/viticulture/resources/CorpusTestD2kabViti.html/bsv_viti_mp_fronton_tarnetgaronne_n18_30072019_cle4d7faa.html	céréale	2.3978952727983707
/Users/belka/Documents/work/inrae/scripts/projection_de_lexique/viticulture/resources/CorpusTestD2kabViti.html/bsv_viti_mp_fronton_tarnetgaronne_n18_30072019_cle4d7faa.html	Culture	2.158109517581617
/Users/belka/Documents/work/inrae/scripts/projection_de_lexique/viticulture/resources/CorpusTestD2kabViti.html/bsv_viti_mp_fronton_tarnetgaronne_n18_30072019_cle4d7faa.html	arbuste à baies	0.9039702474861144
/Users/belka/Documents/work/inrae/scripts/projection_de_lexique/viticulture/resources/CorpusTestD2kabViti.html/bsv_viti_mp_fronton_tarnetgaronne_n18_30072019_cle4d7faa.html	vigne	0.16993706037558512
/Users/belka/Documents/work/inrae/scripts/projection_de_lexique/viticulture/resources/CorpusTestD2kabViti.html/bsv_viti_mp_gaillac_n02_09042019_cle0bbe75.html	gel	2.3315031830114767
/Users/belka/Documents/work/inrae/scripts/projection_de_lexique/viticulture/resources/CorpusTestD2kabViti.html/bsv_viti_mp_gaillac_n02_09042019_cle0bbe75.html	floriculture	1.7788560643921472
/Users/belka/Documents/work/inrae/scripts/projection_de_lexique/viticulture/resources/CorpusTestD2kabViti.html/bsv_viti_mp_gaillac_n02_09042019_cle0bbe75.html	arbuste à baies	1.3559553712291716
/Users/belka/Documents/work/inrae/scripts/projection_de_lexique/viticulture/resources/CorpusTestD2kabViti.html/bsv_viti_mp_gaillac_n02_09042019_cle0bbe75.html	vigne de cuve	0.9765095918672099
/Users/belka/Documents/work/inrae/scripts/projection_de_lexique/viticulture/resources/CorpusTestD2kabViti.html/bsv_viti_mp_gaillac_n02_09042019_cle0bbe75.html	vigne	0.261441631347054
/Users/belka/Documents/work/inrae/scripts/projection_de_lexique/viticulture/resources/CorpusTestD2kabViti.html/bsv_viti_mp_gaillac_n02_09042019_cle0bbe75.html	Culture	0.15415067982725836
/Users/belka/Documents/work/inrae/scripts/projection_de_lexique/viticulture/resources/CorpusTestD2kabViti.html/bsv_viti_mp_gaillac_n13_25062019_cle0e5f7f.html	pois	1.3480731482996928
/Users/belka/Documents/work/inrae/scripts/projection_de_lexique/viticulture/resources/CorpusTestD2kabViti.html/bsv_viti_mp_gaillac_n13_25062019_cle0e5f7f.html	vigne de cuve	0.9765095918672099
/Users/belka/Documents/work/inrae/scripts/projection_de_lexique/viticulture/resources/CorpusTestD2kabViti.html/bsv_viti_mp_gaillac_n13_25062019_cle0e5f7f.html	Culture	0.15415067982725836
/Users/belka/Documents/work/inrae/scripts/projection_de_lexique/viticulture/resources/CorpusTestD2kabViti.html/bsv_viti_mp_gaillac_n13_25062019_cle0e5f7f.html	vigne	0.130720815673527
/Users/belka/Documents/work/inrae/scripts/projection_de_lexique/viticulture/resources/CorpusTestD2kabViti.html/bsv_viti_mp_gaillac_n18_30072019_cle0fe8aa.html	semence	26.61759954660414
/Users/belka/Documents/work/inrae/scripts/projection_de_lexique/viticulture/resources/CorpusTestD2kabViti.html/bsv_viti_mp_gaillac_n18_30072019_cle0fe8aa.html	céréale à paille	8.87253318220138
/Users/belka/Documents/work/inrae/scripts/projection_de_lexique/viticulture/resources/CorpusTestD2kabViti.html/bsv_viti_mp_gaillac_n18_30072019_cle0fe8aa.html	tournesol	4.833244823698137
/Users/belka/Documents/work/inrae/scripts/projection_de_lexique/viticulture/resources/CorpusTestD2kabViti.html/bsv_viti_mp_gaillac_n18_30072019_cle0fe8aa.html	gel	4.6630063660229535
/Users/belka/Documents/work/inrae/scripts/projection_de_lexique/viticulture/resources/CorpusTestD2kabViti.html/bsv_viti_mp_gaillac_n18_30072019_cle0fe8aa.html	zone non agricole	2.9575110607337933
/Users/belka/Documents/work/inrae/scripts/projection_de_lexique/viticulture/resources/CorpusTestD2kabViti.html/bsv_viti_mp_gaillac_n18_30072019_cle0fe8aa.html	pêcher	2.5520459526256287
/Users/belka/Documents/work/inrae/scripts/projection_de_lexique/viticulture/resources/CorpusTestD2kabViti.html/bsv_viti_mp_gaillac_n18_30072019_cle0fe8aa.html	céréale	2.3978952727983707
/Users/belka/Documents/work/inrae/scripts/projection_de_lexique/viticulture/resources/CorpusTestD2kabViti.html/bsv_viti_mp_gaillac_n18_30072019_cle0fe8aa.html	Culture	2.158109517581617
/Users/belka/Documents/work/inrae/scripts/projection_de_lexique/viticulture/resources/CorpusTestD2kabViti.html/bsv_viti_mp_gaillac_n18_30072019_cle0fe8aa.html	vigne de cuve	0.9765095918672099
/Users/belka/Documents/work/inrae/scripts/projection_de_lexique/viticulture/resources/CorpusTestD2kabViti.html/bsv_viti_mp_gaillac_n18_30072019_cle0fe8aa.html	arbuste à baies	0.9039702474861144
/Users/belka/Documents/work/inrae/scripts/projection_de_lexique/viticulture/resources/CorpusTestD2kabViti.html/bsv_viti_mp_gaillac_n18_30072019_cle0fe8aa.html	vigne	0.16993706037558512
