20180911_bsv_grandes_cultures-26_cle0f15a8	grande culture	1.570518345238144
20181002_bsv_grandes_cultures_29_cle0423a6	céréale à paille	3.3768015469481885
20181002_bsv_grandes_cultures_29_cle0423a6	grande culture	1.553544163854151
20181106_bsv_grandes_cultures_34_cle08159b	lin oléagineux d'hiver	6.2484577795407095
20181106_bsv_grandes_cultures_34_cle08159b	lin oléagineux	5.058735942259739
20181106_bsv_grandes_cultures_34_cle08159b	tournesol	4.825115644964447
20181106_bsv_grandes_cultures_34_cle08159b	céréale à paille	3.303740932565492
20181106_bsv_grandes_cultures_34_cle08159b	blé tendre	2.5651966804292066
20181106_bsv_grandes_cultures_34_cle08159b	grande culture	1.5592028570993943
20190227_BSV_grandes_cultures_Auvergne_N02_cle0189db	grande culture	1.5353601105115233
20190228_BSV_grandes_cultures_Rhone-Alpes_N_02_cle46d5a8	grande culture	1.5353601105115233
20190320_LOR_BSV_Grandes_Cultures_cle83816d	orge d'hiver	4.959885180608929
20190320_LOR_BSV_Grandes_Cultures_cle83816d	blé tendre d'hiver	4.833309281726237
20190320_LOR_BSV_Grandes_Cultures_cle83816d	blé tendre	3.1032154598450696
20190320_LOR_BSV_Grandes_Cultures_cle83816d	grande culture	1.3986853499857195
20190417_ALS_BSV_Grandes_Cultures_cle8c93cf	blé tendre	3.5846166220336433
20190417_ALS_BSV_Grandes_Cultures_cle8c93cf	grande culture	1.4129488285238927
20190417_CHA_BSV_Grandes_Cultures_cle8333d7	floriculture	7.3156002491620855
20190417_CHA_BSV_Grandes_Cultures_cle8333d7	pois protéagineux d'hiver	6.929901221114371
20190417_CHA_BSV_Grandes_Cultures_cle8333d7	pois protéagineux de printemps	4.932734933292028
20190417_CHA_BSV_Grandes_Cultures_cle8333d7	orge de printemps	4.777977910157678
20190417_CHA_BSV_Grandes_Cultures_cle8333d7	blé tendre	3.5140319263559134
20190417_CHA_BSV_Grandes_Cultures_cle8333d7	grande culture	1.3851264492890993
20190507_LOR_BSV_Grandes_Cultures_cle893371	pois protéagineux de printemps	6.034188615307685
20190507_LOR_BSV_Grandes_Cultures_cle893371	orge de printemps	5.317878224361678
20190507_LOR_BSV_Grandes_Cultures_cle893371	orge d'hiver	4.746447498656495
20190507_LOR_BSV_Grandes_Cultures_cle893371	blé tendre d'hiver	4.62531851345523
20190507_LOR_BSV_Grandes_Cultures_cle893371	blé tendre	3.395731671223908
20190507_LOR_BSV_Grandes_Cultures_cle893371	grande culture	1.3384960214002684
20190516_BSV_grandes_cultures_Rhone-Alpes_N_13_cle4cc4d2	blé dur	4.274435855179327
20190516_BSV_grandes_cultures_Rhone-Alpes_N_13_cle4cc4d2	blé tendre	3.7260800166256467
20190516_BSV_grandes_cultures_Rhone-Alpes_N_13_cle4cc4d2	blé tendre d'hiver	3.1650817391752937
20190516_BSV_grandes_cultures_Rhone-Alpes_N_13_cle4cc4d2	céréale à paille	2.2329370806241924
20190516_BSV_grandes_cultures_Rhone-Alpes_N_13_cle4cc4d2	grande culture	1.5519672369784066
20190522_BSV_grandes_cultures_Auvergne_N14_cle02c8cf	grande culture	1.5817747436889433
20190522_LOR_BSV_Grandes_Cultures_cle8b3b61	pois protéagineux de printemps	6.108083056401865
20190522_LOR_BSV_Grandes_Cultures_cle8b3b61	orge de printemps	5.588352752590082
20190522_LOR_BSV_Grandes_Cultures_cle8b3b61	orge d'hiver	4.664518025146888
20190522_LOR_BSV_Grandes_Cultures_cle8b3b61	blé tendre d'hiver	4.54547987398247
20190522_LOR_BSV_Grandes_Cultures_cle8b3b61	blé tendre	3.3371172004893177
20190522_LOR_BSV_Grandes_Cultures_cle8b3b61	grande culture	1.3153919473830025
20190710_BSV_grandes_cultures_Auvergne_N21_cle0abf82	grande culture	1.558385279176318
20190710_LOR_BSV_Grandes_Cultures_cle8d764a	grande culture	1.4182079432702595
20190730_bsv_grandes_cultures_cle879378	grande culture	1.577546154574258
20190919_BSV_grandes_cultures_Rhone-Alpes_N24_cle03fa8f	grande culture	1.2554372347894884
20191002_BSV_grandes_cultures_Auvergne_N27_cle0fb714	grande culture	1.558385279176318
20191114_BSV_grandes_cultures_Rhone-Alpes_N32_cle05361b	blé dur	5.131957501318539
20191114_BSV_grandes_cultures_Rhone-Alpes_N32_cle05361b	blé tendre	3.5746746961173708
20191114_BSV_grandes_cultures_Rhone-Alpes_N32_cle05361b	grande culture	1.2391063439304382
20191210_bsv_grandes_cultures_cle8fd173	blé dur	3.9481275703600422
20191210_bsv_grandes_cultures_cle8fd173	céréale à paille	3.176637761891128
20191210_bsv_grandes_cultures_cle8fd173	blé tendre	2.75007572046014
20191210_bsv_grandes_cultures_cle8fd173	grande culture	1.5717365095547917
BSV-GC-n__20-02072019_cle4693f1	betterave sucrière	5.731954962727514
BSV-GC-n__20-02072019_cle4693f1	grande culture	1.2533723709164792
BSV_07-48_cereales_Normandie_2020_cle8d6d3f	blé tendre d'hiver	4.893183041797172
BSV_07-48_cereales_Normandie_2020_cle8d6d3f	céréale à paille	3.047244917024595
BSV_19-19_cereales_Normandie_2019_cle8dba8a	blé tendre d'hiver	4.882598282436053
BSV_19-19_cereales_Normandie_2019_cle8dba8a	blé tendre	3.158992208306337
BSV_19-19_cereales_Normandie_2019_cle8dba8a	céréale à paille	3.0356268808485756
BSV_4-27_cereales_Normandie_R2016_cle84c13e-2	blé tendre d'hiver	4.8526068924948
BSV_4-27_cereales_Normandie_R2016_cle84c13e-2	blé tendre	3.7370552154964143
BSV_4-27_cereales_Normandie_R2016_cle84c13e-2	grande culture	1.2317625024524022
BSV_GC_ARCMED_N03_18042019_cle479bcc	blé dur	5.071011599201785
BSV_GC_ARCMED_N03_18042019_cle479bcc	blé tendre	3.0785083303877046
BSV_GC_ARCMED_N03_18042019_cle479bcc	grande culture	1.5273591692621982
BSV_GC_ARCMED_N04_30042019_cle47541c	blé dur	4.513062897500991
BSV_GC_ARCMED_N04_30042019_cle47541c	grande culture	1.5127551394882768
BSV_GC_NA_Limousin_02_20190305_cle077475	céréale à paille	3.5864935349021776
BSV_GC_NA_Limousin_02_20190305_cle077475	grande culture	1.5641428602570187
BSV_GC_NA_Limousin_13_20190521_cle0cb17e	blé tendre d'hiver	4.45826412019274
BSV_GC_NA_Limousin_13_20190521_cle0cb17e	céréale à paille	3.3819241221104277
BSV_GC_NA_Limousin_13_20190521_cle0cb17e	blé tendre	2.705181760471285
BSV_GC_NA_Limousin_13_20190521_cle0cb17e	grande culture	1.5637149141940208
BSV_GC_NA_Limousin_17_20190730_cle0fa494	céréale à paille	2.8714121345893786
BSV_GC_NA_Limousin_17_20190730_cle0fa494	grande culture	1.5722104425773045
BSV_GC_NA_Limousin_31_20191126_cle074695	céréale à paille	3.3363729142400387
BSV_GC_NA_Limousin_31_20191126_cle074695	grande culture	1.565737831288709
BSV_GC_n_01_du_28_aout_2018_cle098cfb	betterave sucrière	5.386442994340538
BSV_GC_n_01_du_28_aout_2018_cle098cfb	grande culture	1.5722104425773045
BSV_GC_n_19_du_26_03_19_cle8bda1e	pois protéagineux d'hiver	6.414919778715238
BSV_GC_n_19_du_26_03_19_cle8bda1e	pois protéagineux de printemps	4.749115780292805
BSV_GC_n_19_du_26_03_19_cle8bda1e	blé tendre	3.252893827510059
BSV_GC_n_19_du_26_03_19_cle8bda1e	céréale à paille	2.1865088086457374
BSV_GC_n_19_du_26_03_19_cle8bda1e	grande culture	1.5617564872264544
BSV_GC_n_1_du_27_08_19_cle0c116a	betterave sucrière	5.445357214591138
BSV_GC_n_1_du_27_08_19_cle0c116a	grande culture	1.5682439665369605
BSV_GC_n_27_du_21_05_19_cle8d148f	pois protéagineux d'hiver	6.451828725998009
BSV_GC_n_27_du_21_05_19_cle8d148f	pois protéagineux de printemps	5.0252567567996484
BSV_GC_n_27_du_21_05_19_cle8d148f	ray-grass	4.746859313078646
BSV_GC_n_27_du_21_05_19_cle8d148f	betterave sucrière	3.2031513027006695
BSV_GC_n_27_du_21_05_19_cle8d148f	orge de printemps	2.782762257110829
BSV_GC_n_27_du_21_05_19_cle8d148f	blé tendre	1.7769331171723146
BSV_GC_n_27_du_21_05_19_cle8d148f	céréale à paille	1.7075401204773237
BSV_GC_n_27_du_21_05_19_cle8d148f	grande culture	1.5471359381130103
BSV_GC_n_33_du_2_07_19_cle0b813e	betterave sucrière	5.256453419816483
BSV_GC_n_33_du_2_07_19_cle0b813e	grande culture	1.5776533702121973
BSV_GRANDES_CULTURES_2019_No21_cle091311	pomme de terre	4.214602370542742
BSV_GRANDES_CULTURES_2019_No21_cle091311	grande culture	1.4396418164682987
BSV_GRANDES_CULTURES_2019_No24_cle0c9cf1	pomme de terre	4.181386512066888
BSV_GRANDES_CULTURES_2019_No24_cle0c9cf1	grande culture	1.4530622062828336
BSV_GRANDES_CULTURES_2019_No36_cle02e122	blé tendre	2.9881039126483433
BSV_GRANDES_CULTURES_2019_No36_cle02e122	grande culture	1.5722104425773045
BSV_GRANDES_CULTURES_2019_No7_cle8446d7	féverole de printemps	6.150798794187141
BSV_GRANDES_CULTURES_2019_No7_cle8446d7	pois protéagineux de printemps	5.122714617966755
BSV_GRANDES_CULTURES_2019_No7_cle8446d7	pois protéagineux d'hiver	5.058735942259739
BSV_GRANDES_CULTURES_2019_No7_cle8446d7	orge de printemps	4.961997272444549
BSV_GRANDES_CULTURES_2019_No7_cle8446d7	pomme de terre	4.148145078155698
BSV_GRANDES_CULTURES_2019_No7_cle8446d7	orge d'hiver	3.585551670811718
BSV_GRANDES_CULTURES_2019_No7_cle8446d7	blé tendre d'hiver	3.494048660319122
BSV_GRANDES_CULTURES_2019_No7_cle8446d7	grande culture	1.3551577976002718
BSV_LIN_Olea_n12_NR_25032019_cle86164b	lin oléagineux d'hiver	7.641503183758196
BSV_LIN_Olea_n12_NR_25032019_cle86164b	lin oléagineux	6.965774644000772
BSV_LIN_Olea_n12_NR_25032019_cle86164b	lin oléagineux de printemps	6.82436984675083
BSV_LIN_Olea_n17_NR_30042019_cle8fe95e	lin oléagineux de printemps	8.374605302900871
BSV_LIN_Olea_n17_NR_30042019_cle8fe95e	lin oléagineux d'hiver	7.583743512431553
BSV_LIN_Olea_n17_NR_30042019_cle8fe95e	lin oléagineux	6.846933232834043
BSV_NA_GC_AQUITAINE_N01_20190207_cle01cb7e	céréale à paille	2.982028332390575
BSV_NA_GC_AQUITAINE_N01_20190207_cle01cb7e	grande culture	1.5466126087845247
BSV_NA_GC_AQUITAINE_N19_20190613_cle0c6817	céréale à paille	2.8714121345893786
BSV_NA_GC_AQUITAINE_N19_20190613_cle0c6817	grande culture	1.5722104425773045
BSV_NA_GC_AQUITAINE_N25_20190801_cle0eefb1	céréale à paille	2.9028182048114504
BSV_NA_GC_AQUITAINE_N25_20190801_cle0eefb1	grande culture	1.5682439665369605
BSV_NA_GC_AQUITAINE_N35_20191024_cle0eeb7e	céréale à paille	2.9028182048114504
BSV_NA_GC_AQUITAINE_N35_20191024_cle0eeb7e	grande culture	1.5682439665369605
BSV_NA_GC_Poitou-Charentes_10_20190416_cle8376ad	pois protéagineux de printemps	5.8717151585398515
BSV_NA_GC_Poitou-Charentes_10_20190416_cle8376ad	céréale à paille	3.106695068694529
BSV_NA_GC_Poitou-Charentes_10_20190416_cle8376ad	blé dur	2.7979170181079738
BSV_NA_GC_Poitou-Charentes_10_20190416_cle8376ad	blé tendre d'hiver	2.6545846844696017
BSV_NA_GC_Poitou-Charentes_10_20190416_cle8376ad	blé tendre	1.9488943865760873
BSV_NA_GC_Poitou-Charentes_10_20190416_cle8376ad	grande culture	1.5416266640574074
BSV_NA_GC_Poitou-Charentes_19_20190618_cle869d2b	pois protéagineux de printemps	5.80627189361495
BSV_NA_GC_Poitou-Charentes_19_20190618_cle869d2b	tournesol	5.334761111620837
BSV_NA_GC_Poitou-Charentes_19_20190618_cle869d2b	céréale à paille	2.7253843292117286
BSV_NA_GC_Poitou-Charentes_19_20190618_cle869d2b	grande culture	1.56104554766245
BSV_NA_GC_Poitou_Charentes_04_20190306_cle854b15	orge de printemps	4.306750121958154
BSV_NA_GC_Poitou_Charentes_04_20190306_cle854b15	orge d'hiver	3.843969809248598
BSV_NA_GC_Poitou_Charentes_04_20190306_cle854b15	blé tendre d'hiver	3.745871987188968
BSV_NA_GC_Poitou_Charentes_04_20190306_cle854b15	blé tendre	3.5444548957733355
BSV_NA_GC_Poitou_Charentes_04_20190306_cle854b15	céréale à paille	3.176637761891128
BSV_NA_GC_Poitou_Charentes_04_20190306_cle854b15	grande culture	1.545973464645347
BSV_PDT_03_du_19_05_15_cle091415	pomme de terre	4.085194433828485
BSV_PDT_15_du_19_07_31_cle01a8b1	pomme de terre	3.824167742336962
BSV_cereales_paille_02_du_29-10-19_cle8cbcac	blé dur	5.016024726439355
BSV_cereales_paille_02_du_29-10-19_cle8cbcac	blé tendre d'hiver	4.759062663241888
BSV_cereales_paille_02_du_29-10-19_cle8cbcac	orge d'hiver	4.222360587346507
BSV_cereales_paille_02_du_29-10-19_cle8cbcac	céréale à paille	3.6427522570182904
BSV_cereales_paille_02_du_29-10-19_cle8cbcac	blé tendre	3.0207862991929346
BSV_cereales_paille_06_du_26-11-19_cle81855b	blé dur	4.984496286075624
BSV_cereales_paille_06_du_26-11-19_cle81855b	blé tendre d'hiver	4.729149369040128
BSV_cereales_paille_06_du_26-11-19_cle81855b	orge d'hiver	4.1766781698636235
BSV_cereales_paille_06_du_26-11-19_cle81855b	céréale à paille	3.6302953611711346
BSV_cereales_paille_06_du_26-11-19_cle81855b	blé tendre	3.471960307961948
BSV_cereales_paille_15_du_16-04-19_cle81e145	blé dur	5.216399534939512
BSV_cereales_paille_15_du_16-04-19_cle81e145	orge de printemps	4.840176008714086
BSV_cereales_paille_15_du_16-04-19_cle81e145	orge d'hiver	4.461712893618763
BSV_cereales_paille_15_du_16-04-19_cle81e145	blé tendre	3.6584796222353457
BSV_cereales_paille_15_du_16-04-19_cle81e145	maïs fourrage	3.2714841211758237
BSV_cereales_paille_15_du_16-04-19_cle81e145	blé tendre d'hiver	2.574981753905324
BSV_cereales_paille_15_du_16-04-19_cle81e145	céréale à paille	1.176818191139777
BSV_no11_du_30-04-19_cle0bc1be	lin oléagineux	6.965774644000772
BSV_no11_du_30-04-19_cle0bc1be	lin oléagineux d'hiver	6.965774644000772
BSV_no11_du_30-04-19_cle0bc1be	lin oléagineux de printemps	6.82436984675083
BSV_no11_du_30-04-19_cle0bc1be	blé tendre	3.0785083303877046
BSV_no11_du_30-04-19_cle0bc1be	céréale à paille	2.9582860685976566
BSV_no11_du_30-04-19_cle0bc1be	grande culture	1.2134560533713687
BSV_no30_du_22-10-19_cle085f67	maïs grain	7.060468309323758
BSV_no6_du_26-03-19_cle8da969	lin oléagineux d'hiver	7.049492736794618
BSV_no6_du_26-03-19_cle8da969	lin oléagineux	7.049492736794618
BSV_no6_du_26-03-19_cle8da969	grande culture	1.2391063439304382
alsace_gdes_cultures_no10_du_30-04-19_cle015281	blé tendre	3.1710823917170226
alsace_gdes_cultures_no10_du_30-04-19_cle015281	grande culture	1.4160118950459326
alsace_gdes_cultures_no17_du_19-06-19_cle026e84	céréale à paille	3.047244917024595
alsace_gdes_cultures_no17_du_19-06-19_cle026e84	grande culture	1.4160118950459326
alsace_gdes_cultures_no3_du_13-03-19_cle4272b9	grande culture	1.4182079432702595
bsv-gc-n__14-21-mai-2019_cle85ad4f	floriculture	7.4929720224445715
bsv-gc-n__14-21-mai-2019_cle85ad4f	orge de printemps	5.852407221140301
bsv-gc-n__14-21-mai-2019_cle85ad4f	betterave sucrière	5.633128153025315
bsv-gc-n__14-21-mai-2019_cle85ad4f	orge d'hiver	4.36795922828949
bsv_02_gc_26_fev_2019_cle49dcfd	orge de printemps	4.966066707058363
bsv_02_gc_26_fev_2019_cle49dcfd	orge d'hiver	4.432439763644228
bsv_02_gc_26_fev_2019_cle49dcfd	pomme de terre	3.3704529254495257
bsv_gc_arcmed_n03_18042019_cle485f1e	blé dur	5.071011599201785
bsv_gc_arcmed_n03_18042019_cle485f1e	blé tendre	3.0785083303877046
bsv_gc_arcmed_n03_18042019_cle485f1e	grande culture	1.5273591692621982
bsv_gc_arcmed_n09_13062019_cle4a8a8c	pois chiche	7.935237375603017
bsv_gc_arcmed_n09_13062019_cle4a8a8c	grande culture	1.5030579911582236
bsv_gc_arcmed_n09_3262159476651410763_cle013bb3	pois chiche	7.935237375603017
bsv_gc_arcmed_n09_3262159476651410763_cle013bb3	grande culture	1.5030579911582236
bsv_gc_arcmed_n12_04072019_cle43eb7b	pois chiche	7.913126404387602
bsv_gc_arcmed_n12_04072019_cle43eb7b	grande culture	1.5238976166855474
bsv_gc_mp_n01_25092019_cle039d59	grande culture	1.5353601105115233
bsv_gc_mp_n02_03102019_cle0d83ff	grande culture	1.5488829299130475
bsv_gc_mp_n11_12122019_cle0bba99	blé dur	4.380116278742414
bsv_gc_mp_n11_12122019_cle0bba99	orge d'hiver	4.264561981959649
bsv_gc_mp_n11_12122019_cle0bba99	céréale à paille	3.3768015469481885
bsv_gc_mp_n11_12122019_cle0bba99	blé tendre	3.0509782716730327
bsv_gc_mp_n11_12122019_cle0bba99	grande culture	1.4988698276031196
bsv_gc_mp_n19_21032019_cle0c7f7d	blé dur	5.231920229902187
bsv_gc_mp_n19_21032019_cle0c7f7d	blé tendre	3.6443039236257837
bsv_gc_mp_n19_21032019_cle0c7f7d	céréale à paille	2.8226948357751254
bsv_gc_mp_n19_21032019_cle0c7f7d	culture légumière	2.6318725888754693
bsv_gc_mp_n19_21032019_cle0c7f7d	grande culture	1.5284313585503315
bsv_gc_mp_n27_16052019_cle046a11	pois protéagineux d'hiver	5.168459993424885
bsv_gc_mp_n27_16052019_cle046a11	blé dur	4.727441926129446
bsv_gc_mp_n27_16052019_cle046a11	pois protéagineux de printemps	4.025999985115126
bsv_gc_mp_n27_16052019_cle046a11	blé tendre	3.392326860056237
bsv_gc_mp_n27_16052019_cle046a11	sorgho grain	1.9602414977085911
bsv_gc_mp_n27_16052019_cle046a11	céréale à paille	1.5620546393604218
bsv_gc_mp_n27_16052019_cle046a11	grande culture	1.3121336662180254
bsv_gc_mp_n27_16052019_cle046a11	orge d'hiver	1.0256746366023906
bsv_gc_mp_n33_27062019_cle051c4f	pois chiche	7.6373103026527245
bsv_gc_mp_n33_27062019_cle051c4f	grande culture	1.5577216281759023
bsv_grandes_cultures_n02_27092018_cle87a58c	grande culture	1.5488829299130475
bsv_grandes_cultures_n05_18102018_cle81e819-1	grande culture	1.5488829299130475
bsv_grandes_cultures_n10_22112018_cle815c16	blé dur	4.186325312161554
bsv_grandes_cultures_n10_22112018_cle815c16	orge d'hiver	4.075883523230414
bsv_grandes_cultures_n10_22112018_cle815c16	blé tendre	2.915992807667388
bsv_grandes_cultures_n10_22112018_cle815c16	céréale à paille	2.8021171207833007
bsv_grandes_cultures_n10_22112018_cle815c16	grande culture	1.5600394905576558
bsv_grandes_cultures_n35_09082018-2_cle06f22b	grande culture	1.558385279176318
char_gdes_Cultures_no11_du_30-04-19_cle096f9c	maïs grain	6.623963313384112
char_gdes_Cultures_no11_du_30-04-19_cle096f9c	orge de printemps	5.747481126688302
char_gdes_Cultures_no11_du_30-04-19_cle096f9c	orge d'hiver	4.85299750236773
char_gdes_Cultures_no11_du_30-04-19_cle096f9c	blé tendre d'hiver	4.070089655322788
char_gdes_Cultures_no11_du_30-04-19_cle096f9c	blé tendre	3.471960307961948
char_gdes_Cultures_no11_du_30-04-19_cle096f9c	grande culture	1.3685430736615734
char_gdes_Cultures_no14_du_22-05-19_cle0b1586	féverole de printemps	6.150798794187141
char_gdes_Cultures_no14_du_22-05-19_cle0b1586	pois protéagineux de printemps	6.075237517452636
char_gdes_Cultures_no14_du_22-05-19_cle0b1586	pomme de terre potagère	5.686471822768052
char_gdes_Cultures_no14_du_22-05-19_cle0b1586	orge de printemps	5.384075878606845
char_gdes_Cultures_no14_du_22-05-19_cle0b1586	orge d'hiver	4.428807608689043
char_gdes_Cultures_no14_du_22-05-19_cle0b1586	pomme de terre	3.654154357230103
char_gdes_Cultures_no14_du_22-05-19_cle0b1586	blé tendre d'hiver	3.494048660319122
char_gdes_Cultures_no14_du_22-05-19_cle0b1586	blé tendre	3.168483853837987
char_gdes_Cultures_no14_du_22-05-19_cle0b1586	grande culture	1.2489217178648777
char_gdes_Cultures_no26_du_14-08-19_cle0fb929	pomme de terre potagère	6.968624819121173
char_gdes_Cultures_no26_du_14-08-19_cle0fb929	pomme de terre	3.799419661415829
char_gdes_Cultures_no26_du_14-08-19_cle0fb929	grande culture	1.4090300182136568
ge_houblon_no6_du_19-06-19_cle41558d	grande culture	1.2554372347894884
20180920_bsvmaraichage_cle0649bf	tomate	5.302501225431907
20180920_bsvmaraichage_cle0649bf	culture légumière	3.6679295948844017
20181011_bsvmaraichage_27_cle09c363	céleri-rave	7.9462996237815595
20181011_bsvmaraichage_27_cle09c363	tomate	4.66279315275589
20181011_bsvmaraichage_27_cle09c363	culture légumière	3.6539451138581547
20190502_BSV_legumes_cle079711	Chou cabus blanc	6.546391441587863
20190502_BSV_legumes_cle079711	maïs grain	6.546391441587863
20190502_BSV_legumes_cle079711	laitue à couper	6.546391441587863
20190502_BSV_legumes_cle079711	chou chinois	6.145364586706818
20190502_BSV_legumes_cle079711	pomme de terre	4.16363458167988
20190502_BSV_legumes_cle079711	grande culture	1.1640281082238586
20190731_BSV_legumes_cle01d6c6	chou cabus rouge	7.1648408416574565
20190731_BSV_legumes_cle01d6c6	chou pommé	7.1648408416574565
20190731_BSV_legumes_cle01d6c6	chou chinois	6.218184465889845
20190731_BSV_legumes_cle01d6c6	pomme de terre	4.1728951556455165
20190731_BSV_legumes_cle01d6c6	grande culture	1.1778213315567534
20190828_BSV_legumes_cle0ede1d	chou de Milan	7.3156002491620855
20190828_BSV_legumes_cle0ede1d	radis	7.3156002491620855
20190828_BSV_legumes_cle0ede1d	Chou cabus blanc	6.763341815506871
20190828_BSV_legumes_cle0ede1d	chou chinois	6.349024749233135
20190828_BSV_legumes_cle0ede1d	tomate	4.503360456843669
20190828_BSV_legumes_cle0ede1d	pomme de terre	4.041670808488564
20191114_BSV_legumes_cle021d18	laitue à couper	7.060468309323758
2019_BSV_Normandie_leg_22_sem35_cle43a9ca	chou de Milan	8.907102523691583
2019_BSV_Normandie_leg_22_sem35_cle43a9ca	céleri-rave	8.58973329187504
BSV_Corse_Maraichage_3_8juillet_2019_cle4de2c4	horticulture ornementale	6.573799590573088
BSV_Corse_Maraichage_3_8juillet_2019_cle4de2c4	tomate	5.539832762161225
BSV_Corse_Maraichage_4_7aout_2019_cle83ed26	horticulture ornementale	6.617048272090016
BSV_Corse_Maraichage_4_7aout_2019_cle83ed26	tomate	4.693469423497706
BSV_Legumes_102019_cle8be56a	poireau	6.879140070240002
BSV_Legumes_102019_cle8be56a	haricot vert	5.5939464162734005
BSV_Legumes_102019_cle8be56a	culture légumière	4.1044008743001354
BSV_Legumes_102019_cle8be56a	pomme de terre	3.96094992545332
BSV_Legumes_132019_cle871f9a	chou pommé	7.537645568377846
BSV_Legumes_132019_cle871f9a	Chou cabus blanc	6.968624819121173
BSV_Legumes_132019_cle871f9a	haricot vert	5.6667131989241115
BSV_Legumes_132019_cle871f9a	culture légumière	3.6361209913515293
BSV_Legumes_132019_cle871f9a	pomme de terre	3.3412240653914274
BSV_Legumes_212019_cle835ca3	haricot vert	5.69449120480119
BSV_Legumes_212019_cle835ca3	culture légumière	3.6539451138581547
BSV_Legumes_212019_cle835ca3	grande culture	1.4129488285238927
BSV_Legumes_262019_cle8bd5e8	haricot vert	5.731954962727514
BSV_Legumes_262019_cle8bd5e8	culture légumière	3.6779842264493263
BSV_Legumes_322019_2__cle44e13b	poireau	7.029585998512062
BSV_Legumes_322019_2__cle44e13b	haricot vert	5.7162853209485975
BSV_Legumes_322019_2__cle44e13b	culture légumière	3.6679295948844017
BSV_Legumes_n_08_du_17_07_19_cle838d16	pomme de terre	3.995177187716904
BSV_MARAICHAGE_2019_02_cle0c5c84	pomme de terre	3.379692105617973
BSV_MARAICHAGE_2019_02_cle0c5c84	grande culture	1.2533723709164792
BSV_MARAICHAGE_2019_15_cle04166a	pomme de terre	4.13395815494044
BSV_MARAICHAGE_2019_15_cle04166a	grande culture	1.2317625024524022
BSV_MARAICHAGE_2019_23_cle0745ab	pomme de terre	3.9891447804015425
BSV_MARAICHAGE_2019_23_cle0745ab	grande culture	1.2451803946359796
BSV_MARAICHAGE_Nord_NA_02_20190507_cle85ab9d	culture fruitière	6.617048272090016
BSV_MARAICHAGE_Nord_NA_02_20190507_cle85ab9d	culture légumière	3.6779842264493263
BSV_MARAICHAGE_Nord_NA_16__20190822_cle04e172	betterave potagère	7.069098866161476
BSV_MARAICHAGE_Nord_NA_16__20190822_cle04e172	culture fruitière	6.573799590573088
BSV_MARAICHAGE_Nord_NA_16__20190822_cle04e172	betterave sucrière	5.69449120480119
BSV_MARAICHAGE_Nord_NA_20__20190919_cle0d91fc	culture fruitière	6.617048272090016
BSV_MARAICHAGE_Nord_NA_20__20190919_cle0d91fc	tomate	4.693469423497706
BSV_NA_LEGUMES_PC__INDUSTRIE_08_20190704_cle039911	maïs doux	10.64374774299659
BSV_NA_MARAICHAGE_Sud_NA_02_20190325_cle46958b	pomme de terre	3.3852599674064705
BSV_NA_MARAICHAGE_Sud_NA_08_21092019_cle45e738	culture légumière	3.684043508535734
BSV_No8_pomme_de_terre_17_mai_2019_cle8f91d1	pomme de terre	4.085194433828485
BSV_legumes_02_du_20-03-19_cle455343	oignon	7.636988508323517
BSV_legumes_16_du_24-07-19_cle4f7928	oignon	7.440853971994181
BSV_legumes_16_du_24-07-19_cle4f7928	betterave potagère	7.349198093028017
BSV_legumes_16_du_24-07-19_cle4f7928	haricot vert	5.5939464162734005
BSV_legumes_16_du_24-07-19_cle4f7928	pomme de terre	3.771525482194667
BSV_legumes_22_du_11-09-19__cle028fcc	légume racine	8.438861001028705
BSV_legumes_22_du_11-09-19__cle028fcc	betterave potagère	7.069098866161476
BSV_legumes_22_du_11-09-19__cle028fcc	haricot vert	5.69449120480119
BSV_legumes_allium_pomme_de_terre_AURA_2019-12_cle449f16	culture légumière de plein champ	4.9921841701943
BSV_legumes_allium_pomme_de_terre_AURA_2019-12_cle449f16	culture légumière	4.559379408485827
BSV_legumes_allium_pomme_de_terre_AURA_2019-12_cle449f16	chou frisé	4.125066240119462
BSV_legumes_allium_pomme_de_terre_AURA_2019-12_cle449f16	pomme de terre	3.0993254905214593
BSV_legumes_allium_pomme_de_terre_AURA_2019-12_cle449f16	chou-fleur	2.90457573835586
BSV_legumes_allium_pomme_de_terre_AURA_2019-12_cle449f16	tomate	2.279256716842336
BSV_legumes_allium_pomme_de_terre_AURA_2019-12_cle449f16	grande culture	0.6086664548859579
BSV_legumes_allium_pomme_de_terre_AURA_2019-14_cle48f73b	culture légumière de plein champ	5.00210292217543
BSV_legumes_allium_pomme_de_terre_AURA_2019-14_cle48f73b	chou-fleur	5.00210292217543
BSV_legumes_allium_pomme_de_terre_AURA_2019-14_cle48f73b	chou cabus rouge	4.695123590026038
BSV_legumes_allium_pomme_de_terre_AURA_2019-14_cle48f73b	culture légumière	4.488387530582228
BSV_legumes_allium_pomme_de_terre_AURA_2019-14_cle48f73b	chou de Bruxelles	3.424789743123055
BSV_legumes_allium_pomme_de_terre_AURA_2019-14_cle48f73b	radis	3.0740398040798245
BSV_legumes_allium_pomme_de_terre_AURA_2019-14_cle48f73b	céleri-rave	2.841978954747693
BSV_legumes_allium_pomme_de_terre_AURA_2019-14_cle48f73b	chou chinois	2.6678815314527387
BSV_legumes_allium_pomme_de_terre_AURA_2019-14_cle48f73b	betterave potagère	2.528249771319467
BSV_legumes_allium_pomme_de_terre_AURA_2019-14_cle48f73b	pomme de terre	2.525078536584046
BSV_legumes_allium_pomme_de_terre_AURA_2019-14_cle48f73b	tomate	1.8923271946197646
BSV_legumes_allium_pomme_de_terre_AURA_2019-8_cle03ef71	culture légumière de plein champ	4.792613767724973
BSV_legumes_allium_pomme_de_terre_AURA_2019-8_cle03ef71	culture légumière	4.554322281121057
BSV_legumes_allium_pomme_de_terre_AURA_2019-8_cle03ef71	laitue à couper	3.1911424153086534
BSV_legumes_allium_pomme_de_terre_AURA_2019-8_cle03ef71	pomme de terre potagère	3.1911424153086534
BSV_legumes_allium_pomme_de_terre_AURA_2019-8_cle03ef71	betterave potagère	2.838868693335634
BSV_legumes_allium_pomme_de_terre_AURA_2019-8_cle03ef71	pomme de terre	2.7081088302740595
BSV_legumes_allium_pomme_de_terre_AURA_2019-8_cle03ef71	tomate	2.1248171329014185
BSV_legumes_allium_pomme_de_terre_AURA_2019-8_cle03ef71	grande culture	0.5674239773024717
BSV_legumes_allium_pomme_de_terre_AURA_2019_-2_cle45e5c6	moutarde blanche	6.8526089331661675
BSV_legumes_allium_pomme_de_terre_AURA_2019_-2_cle45e5c6	culture légumière de plein champ	6.466856237856913
BSV_legumes_allium_pomme_de_terre_AURA_2019_-2_cle45e5c6	chou-fleur	4.825115644964447
BSV_legumes_allium_pomme_de_terre_AURA_2019_-2_cle45e5c6	culture légumière	4.590245110532721
BSV_legumes_allium_pomme_de_terre_AURA_2019_-2_cle45e5c6	pomme de terre	3.367691013737877
BSV_no14_legumes_05_juillet_2019_cle0e639d	chou-fleur	5.9909865311722195
BSV_no15_legumes_12_juillet_2019_cle032af3	chou-fleur	5.9909865311722195
BSV_no19_legumes_9_aout_2019_cle82c98c	chou-fleur	5.9909865311722195
B_V_NA_MARAICHAGE_Sud_NA_09_20191028_cle4d1138	culture légumière	4.161689348041918
bsv_maraichage_lr_n02_23012019_cle055ce8	culture légumière de plein champ	5.9909865311722195
bsv_maraichage_lr_n08_17042019_cle0913a2	asperge	8.471158446084582
bsv_maraichage_lr_n08_17042019_cle0913a2	melon	7.029585998512062
bsv_maraichage_lr_n08_17042019_cle0913a2	culture légumière	3.6679295948844017
bsv_maraichage_lr_n13_26-06-2019_cle03aab1	melon	7.897489429532287
bsv_maraichage_lr_n13_26-06-2019_cle03aab1	culture fruitière	6.502961232916051
bsv_maraichage_lr_n13_26-06-2019_cle03aab1	pomme de terre	3.7865837841813166
bsv_maraichage_lr_n13_26-06-2019_cle03aab1	culture légumière	3.614570705303649
bsv_maraichage_lr_n22_11122019_cle073bba	culture légumière de plein champ	5.9909865311722195
bsv_maraichage_n04_10052019_cle0fbc6b	laitue beurre pommée	8.494379823403893
bsv_maraichage_n04_10052019_cle0fbc6b	pomme de terre	3.379692105617973
bsv_maraichage_n19_10102019_cle038cd4	poireau	7.060468309323758
bsv_maraichage_no13_du_18_juillet_2018-2_cle0745d8	engrais vert	9.549305884677166
bsv_maraichage_no13_du_18_juillet_2018-2_cle0745d8	melon	6.968624819121173
bsv_maraichage_no13_du_18_juillet_2018-2_cle0745d8	culture légumière	3.6361209913515293
bsv_maraichage_no13_du_18_juillet_2018-2_cle0745d8	pomme de terre	3.3412240653914274
bsv_maraichage_no17_du_09_Septembre_2019_cle0c1c44	tomate	5.791558165605918
bsv_maraichage_no17_du_09_Septembre_2019_cle0c1c44	culture légumière	3.5894292290227776
bsv_maraichage_no17_du_24_octobre_2018_cle82d6cc	céleri à cotes	8.494379823403893
bsv_maraichage_no17_du_24_octobre_2018_cle82d6cc	culture légumière	3.6779842264493263
bsv_maraichage_no18_du_20_Septembre_2019_cle01c961	tomate	5.740938994407064
bsv_maraichage_no18_du_20_Septembre_2019_cle01c961	culture légumière	3.614570705303649
bsv_maraichage_no2_du_25_Janvier_2019_cle0d6ef7	tomate	5.310724707481275
bsv_maraichage_no9_du_03_Mai_2019_cle842127	courgette	8.223858172977017
bsv_maraichage_no9_du_03_Mai_2019_cle842127	tomate	5.827131232907303
BSV_Viticulture_2_17_mai_2019_cle8f88af	horticulture ornementale	6.627949504828221
BSV_Viticulture_5_18_juillet_2019_cle8b576d	horticulture ornementale	6.627949504828221
alsace_vigne_no8_du_25-06-19_cle818164	petits pois	7.060468309323758
bsv_raisin_n12_18062019_cle8578dc	culture légumière	3.684043508535734
bsv_viti_14_04_07_2019-1_cle888dd3	petits pois	7.975876421388686
bsv_viti_lr_n17_30072019_cle8cc4c8	culture légumière	3.684043508535734
bsv_viti_mp_aveyron_n16_30072019_cle0dd53b	topinambour	7.459515481021131
bsv_viti_mp_aveyron_n16_30072019_cle0dd53b	tournesol	5.94204056278029
bsv_viti_mp_aveyron_n16_30072019_cle0dd53b	céréale à paille	3.0356268808485756
bsv_viti_mp_cahors_n17_30072019_cle434e53	topinambour	7.459515481021131
bsv_viti_mp_cahors_n17_30072019_cle434e53	tournesol	5.94204056278029
bsv_viti_mp_cahors_n17_30072019_cle434e53	céréale à paille	3.0356268808485756
bsv_viti_mp_fronton_tarnetgaronne_n13_25062019_cle48ca82	petits pois	7.975876421388686
bsv_viti_mp_fronton_tarnetgaronne_n18_30072019_cle4d7faa	topinambour	7.459515481021131
bsv_viti_mp_fronton_tarnetgaronne_n18_30072019_cle4d7faa	tournesol	5.94204056278029
bsv_viti_mp_fronton_tarnetgaronne_n18_30072019_cle4d7faa	céréale à paille	3.0356268808485756
bsv_viti_mp_gaillac_n18_30072019_cle0fe8aa	topinambour	7.459515481021131
bsv_viti_mp_gaillac_n18_30072019_cle0fe8aa	tournesol	5.94204056278029
bsv_viti_mp_gaillac_n18_30072019_cle0fe8aa	céréale à paille	3.0356268808485756
