"bsv"	"context before"	"html tags"	"segment (type)"	"segment (form)"	" concepts"	"nb concepts"	"context after"	"location"	"features"
"20190227_BSV_grandes_cultures_Auvergne_N02_cle0189db"	"ion 26 février 2019"	"H2 H1 P P SMALL P"	"A_RETENIR"	"À retenir cette semaine
 Colza
Le développement du colza évolue, avec désormais 30% des parcelles au stade début montaison.
De nouvelles captures sont enregistrées cette semaine. Les femelles issues des premières arrivées sont désormais aptes à la ponte. Le risque est particulièrement élevé sur les parcelles en phase de montaison. Sur les autres parcelles, surveillez très attentivement l'évolution des stades.
Crédit photo : Réseau des Chambres d'Agriculture"	"colza,
colza"	"2"	"Colza Réseau 2018-"	"203-664"	"type=A_RETENIR, form=À retenir cette semaine
 Colza
Le développement du colza évolue, avec désormais 30% des parcelles au stade début montaison.
De nouvelles captures sont enregistrées cette semaine. Les femelles issues des premières arrivées sont désormais aptes à la ponte. Le risque est particulièrement élevé sur les parcelles en phase de montaison. Sur les autres parcelles, surveillez très attentivement l'évolution des stades.
Crédit photo : Réseau des Chambres d'Agriculture"
"20190228_BSV_grandes_cultures_Rhone-Alpes_N_02_cle46d5a8"	"19 Grandes cultures"	"H2 H3 P P SMALL P"	"A_RETENIR"	"À retenir cette semaine
 Colza
Evolution rapide des stades de développement. La montaison a débuté sur plus de la moitié des parcelles du réseau.
Les captures de charançons de la tige du colza restent conséquentes pour la deuxième semaine consécutive. Les parcelles sont majoritairement entrées en phase de sensibilité. Le risque est donc élevé.
Crédit photo : Réseau des Chambres d'Agriculture"	"colza,
colza"	"2"	"BSV n°02, Grande Cu"	"140-534"	"type=A_RETENIR, form=À retenir cette semaine
 Colza
Evolution rapide des stades de développement. La montaison a débuté sur plus de la moitié des parcelles du réseau.
Les captures de charançons de la tige du colza restent conséquentes pour la deuxième semaine consécutive. Les parcelles sont majoritairement entrées en phase de sensibilité. Le risque est donc élevé.
Crédit photo : Réseau des Chambres d'Agriculture"
"20190516_BSV_grandes_cultures_Rhone-Alpes_N_13_cle4cc4d2"	"19 Grandes cultures"	"H2 H3 P P P SMALL P"	"A_RETENIR"	"À retenir cette semaine
 Colza
Pucerons cendrés : le risque est faible à modérer. Surveiller la progression de colonies des bordures vers le centre de la parcelle.
Charançon des siliques : aucune observation de l'insecte cette semaine. En revanche quelques dégâts de cécidomyies sont signalés.
Maladies : vigilance sur l'oïdium en particulier.
Crédit photo : Réseau des Chambres d'Agriculture"	"colza"	"1"	"Céréales La majori"	"135-527"	"type=A_RETENIR, form=À retenir cette semaine
 Colza
Pucerons cendrés : le risque est faible à modérer. Surveiller la progression de colonies des bordures vers le centre de la parcelle.
Charançon des siliques : aucune observation de l'insecte cette semaine. En revanche quelques dégâts de cécidomyies sont signalés.
Maladies : vigilance sur l'oïdium en particulier.
Crédit photo : Réseau des Chambres d'Agriculture"
"20190522_BSV_grandes_cultures_Auvergne_N14_cle02c8cf"	"rvation 20 mai 2019"	"H2 H3 P H3 P SMALL P"	"A_RETENIR"	"À retenir cette semaine
Blé
- La moitié des parcelles sont au stade épiaison.
Orge
- la pression maladie reste faible, quelques dégâts de gel sur épis.
Crédit photo : Réseau des Chambres d'Agriculture"	"blé"	"1"	"Maïs Les maïs pours"	"195-395"	"type=A_RETENIR, form=À retenir cette semaine
Blé
- La moitié des parcelles sont au stade épiaison.
Orge
- la pression maladie reste faible, quelques dégâts de gel sur épis.
Crédit photo : Réseau des Chambres d'Agriculture"
"20190710_BSV_grandes_cultures_Auvergne_N21_cle0abf82"	"tion 8 juillet 2019"	"H2 H3 H3 SMALL P"	"A_RETENIR"	"À retenir cette semaine
Maïs
- Les captures de pyrales se poursuivent dans l'Allier, premières captures dans le Puy-de-Dôme.
Crédit photo : Réseau des Chambres d'Agriculture"	"maïs"	"1"	"BSV n°21, Grandes"	"202-375"	"type=A_RETENIR, form=À retenir cette semaine
Maïs
- Les captures de pyrales se poursuivent dans l'Allier, premières captures dans le Puy-de-Dôme.
Crédit photo : Réseau des Chambres d'Agriculture"
"20190919_BSV_grandes_cultures_Rhone-Alpes_N24_cle03fa8f"	"19 Grandes cultures"	"H2 H3 P SMALL P"	"A_RETENIR"	"À retenir cette semaine
 Colza
Les parcelles de colza poursuivent leur développement dans un contexte relativement stressant d'un point de vue hydrique. Les stades varient de cotylédons à 4 feuilles avec des régularités de levée variables selon les situations. De plus en plus de signalements de morsures de grosses altises à surveiller.
Crédit photo : Réseau des Chambres d'Agriculture"	"colza,
colza"	"2"	"BSV n°24, Grande Cu"	"141-527"	"type=A_RETENIR, form=À retenir cette semaine
 Colza
Les parcelles de colza poursuivent leur développement dans un contexte relativement stressant d'un point de vue hydrique. Les stades varient de cotylédons à 4 feuilles avec des régularités de levée variables selon les situations. De plus en plus de signalements de morsures de grosses altises à surveiller.
Crédit photo : Réseau des Chambres d'Agriculture"
"20191002_BSV_grandes_cultures_Auvergne_N27_cle0fb714"	"n 30 septembre 2019"	"H2 H3 P P SMALL P"	"A_RETENIR"	"À retenir cette semaine
Colza
Les parcelles de colza poursuivent leur développement dans un contexte légèrement moins stressant d'un point de vue hydrique au vu des récentes pluies. Les stades varient de cotylédons à 7 feuilles avec des régularités de levée variables selon les situations.
Des signalements de morsures de grosses altises constants à surveiller pour les parcelles encore en phase de sensibilité.
Crédit photo : Réseau des Chambres d'Agriculture"	"colza,
colza"	"2"	"BSV n°27, Grandes"	"204-664"	"type=A_RETENIR, form=À retenir cette semaine
Colza
Les parcelles de colza poursuivent leur développement dans un contexte légèrement moins stressant d'un point de vue hydrique au vu des récentes pluies. Les stades varient de cotylédons à 7 feuilles avec des régularités de levée variables selon les situations.
Des signalements de morsures de grosses altises constants à surveiller pour les parcelles encore en phase de sensibilité.
Crédit photo : Réseau des Chambres d'Agriculture"
"20191114_BSV_grandes_cultures_Rhone-Alpes_N32_cle05361b"	"19 Grandes cultures"	"H2 H3 SMALL P P BR BR BR BR"	"A_RETENIR"	"À retenir cette semaine
 Colza
Crédit photo : Réseau des Chambres d'Agriculture
Les parcelles de colza poursuivent leur développement dans un contexte légèrement moins stressant d'un point de vue hydrique. Les stades des colzas sont actuellement compris entre 6 feuilles vraies (BBCH 16) et 10 feuilles vraies(BBCH 19) avec une majorité des parcelles au stade >10 feuilles.- Charançon du bourgeon terminal : diminution des captures significatives cette semaine. Rester vigilant dans les jours à venir.- Larves de grosses altises : un signalement cette semaine, maintenir une vigilance accrue dans les semaines à venir.- Pucerons verts du pécher : quelques signalements cette semaine. Rester vigilant pour les parcelles encore en phase de sensibilité."	"colza,
colza,
colza"	"3"	"Céréales Des cultu"	"140-890"	"type=A_RETENIR, form=À retenir cette semaine
 Colza
Crédit photo : Réseau des Chambres d'Agriculture
Les parcelles de colza poursuivent leur développement dans un contexte légèrement moins stressant d'un point de vue hydrique. Les stades des colzas sont actuellement compris entre 6 feuilles vraies (BBCH 16) et 10 feuilles vraies(BBCH 19) avec une majorité des parcelles au stade >10 feuilles.- Charançon du bourgeon terminal : diminution des captures significatives cette semaine. Rester vigilant dans les jours à venir.- Larves de grosses altises : un signalement cette semaine, maintenir une vigilance accrue dans les semaines à venir.- Pucerons verts du pécher : quelques signalements cette semaine. Rester vigilant pour les parcelles encore en phase de sensibilité."
"BSV_Betterave_n19_cle0c8c47"	"°19 du 28 aout 2019"	"H1 P P H1 P"	"A_RETENIR"	"A retenir
Maladies du feuillage: l'évolution des maladies est toujours très disparate en fonction des secteurs et des conditions agro-climatiques de chaque parcelle . Le seuil T2 est atteint sur différentes parcelles dans les départements de Seine-Maritime de l'Eure (sud de la Seine) et du Calvados (Nord de Caen).
Pégomyies : pas de risque à ce jour. Des pontes au Nord de Caen.
Le réseau d'observation
Cette semaine, les observations ont été réalisées sur 22 parcelles fixes."	""	"0"	"Maladies du feuilla"	"27-505"	"type=A_RETENIR, form=A retenir
Maladies du feuillage: l'évolution des maladies est toujours très disparate en fonction des secteurs et des conditions agro-climatiques de chaque parcelle . Le seuil T2 est atteint sur différentes parcelles dans les départements de Seine-Maritime de l'Eure (sud de la Seine) et du Calvados (Nord de Caen).
Pégomyies : pas de risque à ce jour. Des pontes au Nord de Caen.
Le réseau d'observation
Cette semaine, les observations ont été réalisées sur 22 parcelles fixes."
"BSV_Betterave_no2-1_cle861f11"	"°2 du 30 avril 2019"	"H2 P"	"A_RETENIR"	"A retenir
 Pucerons : dans les départements du Calvados, Orne, Eure (Sud de la Seine), la fréquence de betteraves avec pucerons verts aptères est en évolution depuis la semaine dernière. Le seuil de risque pour le puceron vert est dépassé dans plusieurs parcelles, il convient de renforcer la surveillance."	"betterave"	"1"	"Altises : dégâts im"	"27-333"	"type=A_RETENIR, form=A retenir
 Pucerons : dans les départements du Calvados, Orne, Eure (Sud de la Seine), la fréquence de betteraves avec pucerons verts aptères est en évolution depuis la semaine dernière. Le seuil de risque pour le puceron vert est dépassé dans plusieurs parcelles, il convient de renforcer la surveillance."
"BSV_GC_NA_Limousin_02_20190305_cle077475"	""	"H1 H2 H1 H2"	"EDITION"	"N°2
Edition
Limousin
5/03/2019"	""	"0"	"Bulletin disponible"	"2-32"	"type=EDITION, form=N°2
Edition
Limousin
5/03/2019"
"BSV_GC_NA_Limousin_02_20190305_cle077475"	"s N°X du JJ/MM/AA """	"H1 H3 P BR P SMALL P"	"A_RETENIR"	"Ce qu'il faut retenir
Colza
Stade phénologique : "" entre nœuds visibles (C2 BBCH31) à ""Boutons accolés encore cachés par les feuilles terminales ""(D1 BBCH50).
Charançon de la tige du colza : le risque est élevé car les colzas sont dans le stade de sensibilité. Surveillez vos parcelles, même si les conditions climatiques (baisse des températures, pluies) sont moins favorables dans les jours prochains.
Méligèthe : le risque est moyen mais soyez très vigilants car les colzas vont atteindre les stades sensibles D1/D2 (BBCH5051)."	"colza,
colza,
colza,
colza"	"4"	"Céréales à paille S"	"1202-1732"	"type=A_RETENIR, form=Ce qu'il faut retenir
Colza
Stade phénologique : "" entre nœuds visibles (C2 BBCH31) à ""Boutons accolés encore cachés par les feuilles terminales ""(D1 BBCH50).
Charançon de la tige du colza : le risque est élevé car les colzas sont dans le stade de sensibilité. Surveillez vos parcelles, même si les conditions climatiques (baisse des températures, pluies) sont moins favorables dans les jours prochains.
Méligèthe : le risque est moyen mais soyez très vigilants car les colzas vont atteindre les stades sensibles D1/D2 (BBCH5051)."
"BSV_GC_NA_Limousin_13_20190521_cle0cb17e"	""	"H1 H2 H1 H2"	"EDITION"	"N°13
Edition
Limousin
21/05/2019"	""	"0"	"Bulletin disponible"	"2-34"	"type=EDITION, form=N°13
Edition
Limousin
21/05/2019"
"BSV_GC_NA_Limousin_13_20190521_cle0cb17e"	"près de chez vous !"	"H1 SMALL P H2 H2 SMALL P"	"A_RETENIR"	"Ce qu'il faut retenir
Animateurs filières
Céréales à paille Philippe PENICHOU FREDON Limousin
Maïs
ppenichou@fredon-limousin.fr"	"céréale à paille,
maïs"	"2"	"valerie.lacorre@hau"	"337-464"	"type=A_RETENIR, form=Ce qu'il faut retenir
Animateurs filières
Céréales à paille Philippe PENICHOU FREDON Limousin
Maïs
ppenichou@fredon-limousin.fr"
"BSV_GC_NA_Limousin_17_20190730_cle0fa494"	""	"H1 H2 H1 H2"	"EDITION"	"N°17
Edition
Limousin
30/07/2019"	""	"0"	"Bulletin disponible"	"2-34"	"type=EDITION, form=N°17
Edition
Limousin
30/07/2019"
"BSV_GC_NA_Limousin_17_20190730_cle0fa494"	"près de chez vous !"	"H1 FIGCAPTION FIGURE FIGCAPTION FIGURE SMALL P"	"A_RETENIR"	"Ce qu'il faut retenir
Animateurs filières
Céréales à paille Philippe PENICHOU FREDON Limousin
ppenichou@fredon-limousin.fr"	"céréale à paille"	"1"	"valerie.lacorre@hau"	"337-459"	"type=A_RETENIR, form=Ce qu'il faut retenir
Animateurs filières
Céréales à paille Philippe PENICHOU FREDON Limousin
ppenichou@fredon-limousin.fr"
"BSV_GC_NA_Limousin_31_20191126_cle074695"	""	"H1 H2 H1 H2"	"EDITION"	"N°31
Edition
Limousin
26/11/2019"	""	"0"	"Bulletin disponible"	"2-34"	"type=EDITION, form=N°31
Edition
Limousin
26/11/2019"
"BSV_GC_NA_Limousin_31_20191126_cle074695"	"Animateurs filières"	"H1 H2 SMALL P SMALL P"	"A_RETENIR"	"Ce qu'il faut retenir
Céréales à paille Philippe PENICHOU FREDON Limousin
ppenichou@fredon-limousin.fr
valerie.lacorre@haute-vienne.chambagri.fr"	"céréale à paille"	"1"	"Suppléance : CDA 87"	"357-501"	"type=A_RETENIR, form=Ce qu'il faut retenir
Céréales à paille Philippe PENICHOU FREDON Limousin
ppenichou@fredon-limousin.fr
valerie.lacorre@haute-vienne.chambagri.fr"
"BSV_GC_n_01_du_28_aout_2018_cle098cfb"	"Campagne 2018-2019"	"H3 FIGCAPTION FIGURE P P"	"A_RETENIR"	"A retenir cette semaine :
Colza
Les levées (et les semis) du colza sont retardées du fait de la sécheresse. Hétérogénéité des stades selon la localisation des quelques orages.
Mise en place des pièges dans les parcelles semées pour surveiller l'arrivée des ravageurs."	"colza,
colza"	"2"	"Présence de petites"	"79-346"	"type=A_RETENIR, form=A retenir cette semaine :
Colza
Les levées (et les semis) du colza sont retardées du fait de la sécheresse. Hétérogénéité des stades selon la localisation des quelques orages.
Mise en place des pièges dans les parcelles semées pour surveiller l'arrivée des ravageurs."
"BSV_GC_n_19_du_26_03_19_cle8bda1e"	"Campagne 2018-2019"	"H3 H3 P H3 P"	"A_RETENIR"	"A retenir cette semaine :
Colza :
Majorité de parcelles entre les stades D2 et E.
Sommaire
Forte présence des méligèthes dans les boutons, avec dépassement des seuils."	"colza"	"1"	"Blé tendre : La pre"	"99-266"	"type=A_RETENIR, form=A retenir cette semaine :
Colza :
Majorité de parcelles entre les stades D2 et E.
Sommaire
Forte présence des méligèthes dans les boutons, avec dépassement des seuils."
"BSV_GC_n_19_du_26_03_19_cle8bda1e"	"es au piétin verse."	"H3 FIGCAPTION FIGURE P"	"A_RETENIR"	"A retenir :
Risque élevé
Le risque climatique comme la pression de piétin verse observée au champ sont modérés."	""	"0"	"Risque faible 9 Gr"	"10896-11007"	"type=A_RETENIR, form=A retenir :
Risque élevé
Le risque climatique comme la pression de piétin verse observée au champ sont modérés."
"BSV_GC_n_19_du_26_03_19_cle8bda1e"	"19 du 26 mars 2019"	"H3 FIGCAPTION FIGURE P"	"A_RETENIR"	"A retenir :
Risque élevé
La pression des maladies reste modérée mais sur cette espèce attention au caractère explosif de la rhynchosporiose et de l'helminthosporiose teres après le stade épi 1 cm."	""	"0"	"Risque faible La ve"	"15446-15642"	"type=A_RETENIR, form=A retenir :
Risque élevé
La pression des maladies reste modérée mais sur cette espèce attention au caractère explosif de la rhynchosporiose et de l'helminthosporiose teres après le stade épi 1 cm."
"BSV_GC_n_1_du_27_08_19_cle0c116a"	"Campagne 2019-2020"	"H3 FIGCAPTION FIGURE P P P"	"A_RETENIR"	"A retenir cette semaine :
Colza
 Semis et levées de colza perturbés une fois de plus par la sécheresse en Bour-
gogne. Semis plutôt dans le frais en Franche-Comté.
 Mise en place des pièges dans les parcelles semées pour surveiller l'arrivée"	"colza,
colza"	"2"	"des ravageurs. Pré"	"79-320"	"type=A_RETENIR, form=A retenir cette semaine :
Colza
 Semis et levées de colza perturbés une fois de plus par la sécheresse en Bour-
gogne. Semis plutôt dans le frais en Franche-Comté.
 Mise en place des pièges dans les parcelles semées pour surveiller l'arrivée"
"BSV_GRANDES_CULTURES_2019_No36_cle02e122"	"N° 36"	"H1 H2"	"EDITION"	"N° 36
22/10/19"	""	"0"	"Le Bulletin de Sant"	"8-22"	"type=EDITION, form=N° 36
22/10/19"
"BSV_LIN_Olea_n12_NR_25032019_cle86164b"	"UEST LIN OLEAGINEUX"	"H1 H2"	"EDITION"	"N° 12
du 20/03/2018 au 26/03/2018"	""	"0"	"DESCRIPTION DU RESE"	"43-76"	"type=EDITION, form=N° 12
du 20/03/2018 au 26/03/2018"
"BSV_LIN_Olea_n17_NR_30042019_cle8fe95e"	"UEST LIN OLEAGINEUX"	"H1 H4"	"EDITION"	"N° 17
du 25/04/2019 au 30/04/2019"	""	"0"	"DESCRIPTION DU RESE"	"43-76"	"type=EDITION, form=N° 17
du 25/04/2019 au 30/04/2019"
"BSV_NA_GC_AQUITAINE_N01_20190207_cle01cb7e"	"s N°X du JJ/MM/AA """	"H2 H3 P"	"A_RETENIR"	"Ce qu'il faut retenir
Colza
Charançon de la tige du colza : risque très faible à ce jour. Il est temps de remettre la cuvette jaune en place"	"colza,
colza"	"2"	"Bulletin de Santé d"	"1179-1319"	"type=A_RETENIR, form=Ce qu'il faut retenir
Colza
Charançon de la tige du colza : risque très faible à ce jour. Il est temps de remettre la cuvette jaune en place"
"BSV_NA_GC_AQUITAINE_N19_20190613_cle0c6817"	""	"H1 H2 H1 H2"	"EDITION"	"N°19
Edition
Aquitaine
13/06/2019"	""	"0"	"Bulletin di"	"2-35"	"type=EDITION, form=N°19
Edition
Aquitaine
13/06/2019"
"BSV_NA_GC_AQUITAINE_N19_20190613_cle0c6817"	"N°X du JJ/MM/2019 """	"H1 SMALL P P P SMALL P"	"A_RETENIR"	"Ce qu'il faut retenir
Maïs
Situation des semis : environ 70 % des surfaces ont atteint le stade 6/8 feuilles.
Vers gris : risque moyen. Une situation présente des attaques à 9 feuilles.
Sésamie : période de risque en cours. Prévisions Nona de vol de 1ère génération."	"maïs"	"1"	"Pyrale : début de l"	"1272-1538"	"type=A_RETENIR, form=Ce qu'il faut retenir
Maïs
Situation des semis : environ 70 % des surfaces ont atteint le stade 6/8 feuilles.
Vers gris : risque moyen. Une situation présente des attaques à 9 feuilles.
Sésamie : période de risque en cours. Prévisions Nona de vol de 1ère génération."
"BSV_NA_GC_AQUITAINE_N25_20190801_cle0eefb1"	""	"H1 H2 H1 H2"	"EDITION"	"N°25
Edition
Aquitaine
1/08/2019"	""	"0"	"Bulletin disponible"	"2-34"	"type=EDITION, form=N°25
Edition
Aquitaine
1/08/2019"
"BSV_NA_GC_AQUITAINE_N25_20190801_cle0eefb1"	"N°X du JJ/MM/2019 """	"H1 SMALL P SMALL P P"	"A_RETENIR"	"Ce qu'il faut retenir
Maïs
Stades : de 16 feuilles à grain laiteux.
Sésamie : prévision de vol de seconde génération. Peu de captures sur le début de cycle de seconde génération pour le moment."	"maïs"	"1"	"Pyrale : poursuite"	"1179-1372"	"type=A_RETENIR, form=Ce qu'il faut retenir
Maïs
Stades : de 16 feuilles à grain laiteux.
Sésamie : prévision de vol de seconde génération. Peu de captures sur le début de cycle de seconde génération pour le moment."
"BSV_NA_GC_AQUITAINE_N35_20191024_cle0eeb7e"	""	"H1 H2 H1 H2"	"EDITION"	"N°35
Edition
Aquitaine
24/10/2019"	""	"0"	"Bulletin disponible"	"2-35"	"type=EDITION, form=N°35
Edition
Aquitaine
24/10/2019"
"BSV_NA_GC_AQUITAINE_N35_20191024_cle0eeb7e"	"N°X du JJ/MM/2019 """	"H1 H2 P H2 P P"	"A_RETENIR"	"Ce qu'il faut retenir
Prairie
Cirphis : quelques chenilles encore, à la marge et en faible densité. Quelques papillons au pays basque.
Colza
Grosse altise : risque fort dans les parcelles n'ayant pas dépassé le stade 3 feuilles. Cela concerne une minorité de parcelles aujourd'hui.
Charançon du bourgeon terminal : risque faible l'ensemble du territoire. Vigilance la semaine prochaine."	"prairie,
colza"	"2"	"sur Tenthrède : ris"	"1180-1566"	"type=A_RETENIR, form=Ce qu'il faut retenir
Prairie
Cirphis : quelques chenilles encore, à la marge et en faible densité. Quelques papillons au pays basque.
Colza
Grosse altise : risque fort dans les parcelles n'ayant pas dépassé le stade 3 feuilles. Cela concerne une minorité de parcelles aujourd'hui.
Charançon du bourgeon terminal : risque faible l'ensemble du territoire. Vigilance la semaine prochaine."
"BSV_NA_GC_Poitou-Charentes_10_20190416_cle8376ad"	"N°10"	"H1 H2 H1 H2"	"EDITION"	"N°10
Edition
Poitou-Charentes
16/04/2019"	""	"0"	"Bulletin disponible"	"7-47"	"type=EDITION, form=N°10
Edition
Poitou-Charentes
16/04/2019"
"BSV_NA_GC_Poitou-Charentes_19_20190618_cle869d2b"	"on Poitou-Charentes"	"H2 FIGCAPTION FIGURE P H3"	"EDITION"	"N°19
Bulletin disponible sur bsv.na.chambagri.fr et sur le site de la DRAAF
draaf.nouvelle-aquitaine.agriculture.gouv.fr/Bulletin-de-sante-du-vegetal
18/06/2019"	""	"0"	"Recevez le Bulletin"	"27-187"	"type=EDITION, form=N°19
Bulletin disponible sur bsv.na.chambagri.fr et sur le site de la DRAAF
draaf.nouvelle-aquitaine.agriculture.gouv.fr/Bulletin-de-sante-du-vegetal
18/06/2019"
"BSV_NA_GC_Poitou-Charentes_19_20190618_cle869d2b"	"près de chez vous !"	"H3 FIGCAPTION FIGURE FIGCAPTION FIGURE SMALL P"	"A_RETENIR"	"Ce qu'il faut retenir
Maïs
Stade : majorité à 10 12 feuilles (19).
Pyrale : le pic de vol dans les Charentes est en cours en dép. 79 et 86."	"maïs"	"1"	"Animateur filières"	"345-484"	"type=A_RETENIR, form=Ce qu'il faut retenir
Maïs
Stade : majorité à 10 12 feuilles (19).
Pyrale : le pic de vol dans les Charentes est en cours en dép. 79 et 86."
"BSV_NA_GC_Poitou_Charentes_04_20190306_cle854b15"	"N°04"	"H1 H2 H1 H2"	"EDITION"	"N°04
Edition
Poitou-Charentes
06/03/2019"	""	"0"	"Bulletin disponible"	"7-47"	"type=EDITION, form=N°04
Edition
Poitou-Charentes
06/03/2019"
"BSV_NA_GC_Poitou_Charentes_04_20190306_cle854b15"	"d'abonnement au BSV"	"H1 SMALL P SMALL P SMALL P"	"A_RETENIR"	"Ce qu'il faut retenir
Animateur filières
Khalid KOUBAÏTI FREDON Poitou-Charentes
khalid.koubaiti@fredonpc.fr"	""	"0"	"Animateurs délégués"	"288-396"	"type=A_RETENIR, form=Ce qu'il faut retenir
Animateur filières
Khalid KOUBAÏTI FREDON Poitou-Charentes
khalid.koubaiti@fredonpc.fr"
"BSV_cereales_paille_02_du_29-10-19_cle8cbcac"	""	"H1 H2 H3"	"EDITION"	"N° 02
CEREALES A PAILLE
du 29/10/2019"	"céréale à paille"	"1"	"Rédacteurs ARVALIS"	"2-39"	"type=EDITION, form=N° 02
CEREALES A PAILLE
du 29/10/2019"
"BSV_cereales_paille_02_du_29-10-19_cle8cbcac"	"t du plan Ecophyto."	"H1 H4 H4 H4 H4 H4 H4"	"SOMMAIRE"	"SOMMAIRE
Céréales à paille ..............................................................................
Stades ..................................................................................................................
Cicadelles .............................................................................................................
Pucerons ..............................................................................................................
Limaces ................................................................................................................
Annexes .........................................................................................."	"céréale à paille"	"1"	"Cartographies des r"	"1149-1837"	"type=SOMMAIRE, form=SOMMAIRE
Céréales à paille ..............................................................................
Stades ..................................................................................................................
Cicadelles .............................................................................................................
Pucerons ..............................................................................................................
Limaces ................................................................................................................
Annexes .........................................................................................."
"BSV_cereales_paille_06_du_26-11-19_cle81855b"	""	"H1 H2 H4"	"EDITION"	"N° 06
CEREALES A PAILLE
du 26/11/2019"	"céréale à paille"	"1"	"Rédacteurs ARVALIS"	"2-39"	"type=EDITION, form=N° 06
CEREALES A PAILLE
du 26/11/2019"
"BSV_cereales_paille_06_du_26-11-19_cle81855b"	"t du plan Ecophyto."	"H1 H5 H5 H5 H5 H5 H5"	"SOMMAIRE"	"SOMMAIRE
Céréales à paille ..............................................................................
Stades ..................................................................................................................
Cicadelles .............................................................................................................
Pucerons ..............................................................................................................
Limaces ................................................................................................................
Annexes .........................................................................................."	"céréale à paille"	"1"	"Cartographies des r"	"1148-1836"	"type=SOMMAIRE, form=SOMMAIRE
Céréales à paille ..............................................................................
Stades ..................................................................................................................
Cicadelles .............................................................................................................
Pucerons ..............................................................................................................
Limaces ................................................................................................................
Annexes .........................................................................................."
"BSV_cereales_paille_15_du_16-04-19_cle81e145"	"CENTRE-VAL DE LOIRE"	"H1 H2 H3"	"EDITION"	"N°15
CEREALES A PAILLE
du 16/04/2019"	"céréale à paille"	"1"	"SOMMAIRE Rédacteurs"	"42-78"	"type=EDITION, form=N°15
CEREALES A PAILLE
du 16/04/2019"
"BSV_cereales_paille_15_du_16-04-19_cle81e145"	"AILLE du 16/04/2019"	"H1 H2 FIGCAPTION FIGURE H2 H2"	"SOMMAIRE"	"SOMMAIRE
Rédacteurs
ARVALIS Institut du Végétal avec la participation de la Chambre d'agriculture du Loiret
Blé tendre
1"	"blé tendre"	"1"	"Stades"	"79-199"	"type=SOMMAIRE, form=SOMMAIRE
Rédacteurs
ARVALIS Institut du Végétal avec la participation de la Chambre d'agriculture du Loiret
Blé tendre
1"
"bsv_grandes_cultures_n02_27092018_cle87a58c"	"ION OUEST OCCITANIE"	"H2 H3"	"EDITION"	"N°02 N°20
27 Septembre 2018"	""	"0"	"COLZA Altise des cr"	"554-581"	"type=EDITION, form=N°02 N°20
27 Septembre 2018"
"bsv_grandes_cultures_n05_18102018_cle81e819-1"	"ION OUEST OCCITANIE"	"H2 H3"	"EDITION"	"N°05 N°20
18 Octobre 2018"	""	"0"	"COLZA Grosse altise"	"554-579"	"type=EDITION, form=N°05 N°20
18 Octobre 2018"
"bsv_grandes_cultures_n10_22112018_cle815c16"	"ION OUEST OCCITANIE"	"H2 H3"	"EDITION"	"N°10 N°20
22 novembre 2018"	""	"0"	"COLZA Charançon du"	"554-580"	"type=EDITION, form=N°10 N°20
22 novembre 2018"
"bsv_grandes_cultures_n35_09082018-2_cle06f22b"	"ION OUEST OCCITANIE"	"H2 H3"	"EDITION"	"N°35 N°20
09 août 2018"	""	"0"	"SOJA Acarien : Pas"	"778-800"	"type=EDITION, form=N°35 N°20
09 août 2018"
"BSV_Corse_Maraichage_3_8juillet_2019_cle4de2c4"	"°3 - 8 juillet 2019"	"H2 P H2 P SMALL P BR"	"A_RETENIR"	"A retenir :
Tuta Absoluta : Période à risque, renouveler la confusion sexuelle tous les 3 mois sous abris.
SOMMAIRE
Tomate Concombre Aubergine Courgette Melon Oignon Choux Basilic Prévision météo Liens utiles
ANIMATEUR FILIERE : Océane CABAU, FREDON CORSERédacteur : Océane CABAU animateur"	"tomate,
concombre,
aubergine,
courgette,
melon,
oignon,
chou,
basilic"	"8"	"Structures partenai"	"104-393"	"type=A_RETENIR, form=A retenir :
Tuta Absoluta : Période à risque, renouveler la confusion sexuelle tous les 3 mois sous abris.
SOMMAIRE
Tomate Concombre Aubergine Courgette Melon Oignon Choux Basilic Prévision météo Liens utiles
ANIMATEUR FILIERE : Océane CABAU, FREDON CORSERédacteur : Océane CABAU animateur"
"BSV_Corse_Maraichage_4_7aout_2019_cle83ed26"	"E n°4 - 7 août 2019"	"H2 P H2 P SMALL P BR"	"A_RETENIR"	"A retenir :
Forte pression mildiou depuis ces dernières semaines sur cucurbitacées ! Recrudescence cladospiose observée. Vigilance punaises, thrips et acariens !
SOMMAIRE
Tomate Concombre Aubergine Courgette Melon Autres Prévision météo Liens utiles
ANIMATEUR FILIERE : Océane CABAU, FREDON CORSERédacteur : Océane CABAU animateur"	"tomate,
concombre,
aubergine,
courgette,
melon"	"5"	"Structures partenai"	"101-431"	"type=A_RETENIR, form=A retenir :
Forte pression mildiou depuis ces dernières semaines sur cucurbitacées ! Recrudescence cladospiose observée. Vigilance punaises, thrips et acariens !
SOMMAIRE
Tomate Concombre Aubergine Courgette Melon Autres Prévision météo Liens utiles
ANIMATEUR FILIERE : Océane CABAU, FREDON CORSERédacteur : Océane CABAU animateur"
"BSV_Corse_Maraichage_5_3sept_2019_cle8b6a1e"	"- 3 septembre 2019"	"H2 P H2 P SMALL P BR"	"A_RETENIR"	"A retenir :
Pression mildiou maintenue sur cucurbitacées. Présence toujours importante d'oidium et d'acariens tétranyques.
SOMMAIRE
Tomate Concombre Aubergine Courgette Melon Autres Prévision météo Liens utiles
ANIMATEUR FILIERE : Océane CABAU, FREDON CORSERédacteur : Océane CABAU"	"tomate,
concombre,
aubergine,
courgette,
melon"	"5"	"Structures partenai"	"106-387"	"type=A_RETENIR, form=A retenir :
Pression mildiou maintenue sur cucurbitacées. Présence toujours importante d'oidium et d'acariens tétranyques.
SOMMAIRE
Tomate Concombre Aubergine Courgette Melon Autres Prévision météo Liens utiles
ANIMATEUR FILIERE : Océane CABAU, FREDON CORSERédacteur : Océane CABAU"
"BSV_MARAICHAGE_2019_15_cle04166a"	"ns, surveillez-les."	"H4 P"	"A_RETENIR"	"A retenir :
Stade : dès la levée"	""	"0"	"Coccinelles (FREDON"	"4970-5002"	"type=A_RETENIR, form=A retenir :
Stade : dès la levée"
"BSV_MARAICHAGE_2019_15_cle04166a"	"es Quelques adultes"	"H4 P P H4 H3 P"	"A_RETENIR"	"A retenir :
Stade : dès la levée
Seuil indicatif de risque : 2 foyers pour 1000 m² observés dans la de parcelle (1 foyer = 1 ou 2 plantes avec au moins 20 larves au total).
Le risque reste encore faible.
 MINEUSE DE LA TOMATE, TUTA ABSOLUTA
Une seule mineuse de la tomate a été capturée cette semaine à Rouvray Saint Denis (28)."	"tomate,
tomate"	"2"	"OIGNON 4 parcelles"	"5830-6158"	"type=A_RETENIR, form=A retenir :
Stade : dès la levée
Seuil indicatif de risque : 2 foyers pour 1000 m² observés dans la de parcelle (1 foyer = 1 ou 2 plantes avec au moins 20 larves au total).
Le risque reste encore faible.
 MINEUSE DE LA TOMATE, TUTA ABSOLUTA
Une seule mineuse de la tomate a été capturée cette semaine à Rouvray Saint Denis (28)."
"BSV_MARAICHAGE_2019_23_cle0745ab"	"rvée cette semaine."	"H4 P P H2 P P BR BR BR"	"A_RETENIR"	"A retenir :
Stade de sensibilité : dès le stade 2 feuilles
Risque : D'après les observations, le risque mildiou est faible.
 BOTRYTIS SQUAMOSA
Des symptômes de botrytis sont présents sur toutes les parcelles du réseau d'épidémiosurveillance d'Ile de France, mais les niveaux d'infection restent encore relativement faibles.
Les conditions favorables à son développement (Source CTIFL) :- Infection favorisée par des périodes humides et fraîches (pluies, rosées, températures avoisinant les 18°C).- Optimum de la germination autour de 14°C- Optimum de la croissance mycélienne à 24°C."	""	"0"	"Le risque est modér"	"2722-3305"	"type=A_RETENIR, form=A retenir :
Stade de sensibilité : dès le stade 2 feuilles
Risque : D'après les observations, le risque mildiou est faible.
 BOTRYTIS SQUAMOSA
Des symptômes de botrytis sont présents sur toutes les parcelles du réseau d'épidémiosurveillance d'Ile de France, mais les niveaux d'infection restent encore relativement faibles.
Les conditions favorables à son développement (Source CTIFL) :- Infection favorisée par des périodes humides et fraîches (pluies, rosées, températures avoisinant les 18°C).- Optimum de la germination autour de 14°C- Optimum de la croissance mycélienne à 24°C."
"BSV_MARAICHAGE_2019_32_cle0b4427"	"N° 32"	"H1 H1"	"EDITION"	"N° 32
12/12/19"	""	"0"	"A RETENIR (CTRL CLI"	"8-22"	"type=EDITION, form=N° 32
12/12/19"
"BSV_MARAICHAGE_Nord_NA_02_20190507_cle85ab9d"	""	"H1 H2 H1 H2 H3"	"EDITION"	"N°2
Edition
Nord Nouvelle-Aquitaine
07/05/2019
Départements 16/17/79/86/87"	""	"0"	"Bulletin di"	"2-76"	"type=EDITION, form=N°2
Edition
Nord Nouvelle-Aquitaine
07/05/2019
Départements 16/17/79/86/87"
"BSV_MARAICHAGE_Nord_NA_02_20190507_cle85ab9d"	"N°X du JJ/MM/2018 """	"H1 H2 P H2 P P"	"A_RETENIR"	"Ce qu'il faut retenir
Situation générale
Malgré les récentes pluies, le déficit de pluviométrie reste important. Cette situation peut être bénéfique sur certains aspects (sols réchauffés, stades avancés de certaines cultures, limitation de certaines maladies ), mais augmente les problématiques de ravageurs et questionne sur un contexte plus général de manque d'eau. Les nuits froides des 5 et 6 mai ont occasionné quelques gelées en plein champ.
Tomate en sol, sous abris froid
Tuta absoluta : présence sur tout le secteur littoral, observation de mines sur feuillage. Pas de capture sur le continent en Charente-Maritime.
Botrytis : symptômes précoces observés depuis un mois sur un site de l'île de Ré, lié à un contexte particulier de production de plants et à une variété sensible."	"tomate"	"1"	"Carotte et céleri-r"	"1242-2029"	"type=A_RETENIR, form=Ce qu'il faut retenir
Situation générale
Malgré les récentes pluies, le déficit de pluviométrie reste important. Cette situation peut être bénéfique sur certains aspects (sols réchauffés, stades avancés de certaines cultures, limitation de certaines maladies ), mais augmente les problématiques de ravageurs et questionne sur un contexte plus général de manque d'eau. Les nuits froides des 5 et 6 mai ont occasionné quelques gelées en plein champ.
Tomate en sol, sous abris froid
Tuta absoluta : présence sur tout le secteur littoral, observation de mines sur feuillage. Pas de capture sur le continent en Charente-Maritime.
Botrytis : symptômes précoces observés depuis un mois sur un site de l'île de Ré, lié à un contexte particulier de production de plants et à une variété sensible."
"BSV_MARAICHAGE_Nord_NA_16__20190822_cle04e172"	"N°16"	"H1 H2 H1 H2"	"EDITION"	"N°16
Edition
Nord Nouvelle-Aquitaine
22/08/2019"	""	"0"	"Départements 16/17/"	"7-54"	"type=EDITION, form=N°16
Edition
Nord Nouvelle-Aquitaine
22/08/2019"
"BSV_MARAICHAGE_Nord_NA_16__20190822_cle04e172"	"près de chez vous !"	"H1 SMALL P SMALL P SMALL P"	"A_RETENIR"	"Ce qu'il faut retenir
Animateur filière
Jean-Michel LHOTE ACPEL acpel@orange.fr
Animateurs délégués"	""	"0"	"Poireau : Sylvie SI"	"385-484"	"type=A_RETENIR, form=Ce qu'il faut retenir
Animateur filière
Jean-Michel LHOTE ACPEL acpel@orange.fr
Animateurs délégués"
"BSV_MARAICHAGE_Nord_NA_20__20190919_cle0d91fc"	"N°20"	"H1 H2 H1 H2 H3"	"EDITION"	"N°20
Edition
Nord Nouvelle-Aquitaine
19/09/2019
Départements 16/17/79/86/87"	""	"0"	"Bulletin disponible"	"7-82"	"type=EDITION, form=N°20
Edition
Nord Nouvelle-Aquitaine
19/09/2019
Départements 16/17/79/86/87"
"BSV_MARAICHAGE_Nord_NA_20__20190919_cle0d91fc"	"°X du JJ/MM/ 2018 """	"H1 H2 P H2 P P"	"A_RETENIR"	"Ce qu'il faut retenir
Tomate en sol, sous abris froids
Tuta absoluta : le fait marquant de l'année est l'extension importante de l'insecte en Vienne (l'hypothèse d'un transport avec les plants est privilégiée). Durant cette campagne estivale, certaines cultures de tomate de la Charente-Maritime et de la Vienne sont durement impactées.
Carotte et céleri-rave
Mouche de la carotte : sur le secteur de Jarnac-Champagne (17), le vol d'automne semble se poursuivre. Sur les autres secteurs, les piégeages sont nuls ou faibles.
Septoriose sur céleri : risque annoncé pour les trois secteurs de Mansle (16), Trizay (17) et Mirebeau (86)."	"tomate,
tomate,
carotte,
céleri,
carotte,
céleri"	"6"	"Alliacées Mouche mi"	"1219-1851"	"type=A_RETENIR, form=Ce qu'il faut retenir
Tomate en sol, sous abris froids
Tuta absoluta : le fait marquant de l'année est l'extension importante de l'insecte en Vienne (l'hypothèse d'un transport avec les plants est privilégiée). Durant cette campagne estivale, certaines cultures de tomate de la Charente-Maritime et de la Vienne sont durement impactées.
Carotte et céleri-rave
Mouche de la carotte : sur le secteur de Jarnac-Champagne (17), le vol d'automne semble se poursuivre. Sur les autres secteurs, les piégeages sont nuls ou faibles.
Septoriose sur céleri : risque annoncé pour les trois secteurs de Mansle (16), Trizay (17) et Mirebeau (86)."
"BSV_MARAICHAGE_Nord_NA_26_20191113_cle877a14"	""	"H1 H2 H1 H2"	"EDITION"	"N°26
Edition
Nord Nouvelle-Aquitaine
13/11/2019"	""	"0"	"Départements 16/17/"	"2-49"	"type=EDITION, form=N°26
Edition
Nord Nouvelle-Aquitaine
13/11/2019"
"BSV_MARAICHAGE_Nord_NA_26_20191113_cle877a14"	"°X du JJ/MM/ 2018 """	"H1 H2 P P P P"	"A_RETENIR"	"Ce qu'il faut retenir
Alliacées
Mouche mineuse : les premiers dégâts (larves dans les fûts) sont notés dans le nord des Deux-Sèvres et en Charente-Maritime. Cela correspond bien avec l'activité de la mouche sur ces secteurs durant les semaines 33 à 40.
Teigne du poireau : le vol est terminé.
Rouille du poireau : des foyers parfois significatifs sont notés. Les conditions douces et humides sont favorables à ce champignon.
Alternaria : des taches caractéristiques sont parfois notées lors de tour de plaine. Les conditions humides actuelles sont également favorables à ce champignon."	"poireau,
poireau,
champignon,
champignon"	"4"	"Lien la liste des p"	"1214-1799"	"type=A_RETENIR, form=Ce qu'il faut retenir
Alliacées
Mouche mineuse : les premiers dégâts (larves dans les fûts) sont notés dans le nord des Deux-Sèvres et en Charente-Maritime. Cela correspond bien avec l'activité de la mouche sur ces secteurs durant les semaines 33 à 40.
Teigne du poireau : le vol est terminé.
Rouille du poireau : des foyers parfois significatifs sont notés. Les conditions douces et humides sont favorables à ce champignon.
Alternaria : des taches caractéristiques sont parfois notées lors de tour de plaine. Les conditions humides actuelles sont également favorables à ce champignon."
"BSV_NA_LEGUMES_PC__INDUSTRIE_08_20190704_cle039911"	""	"H1 H2 H1 H2"	"EDITION"	"N°08
Edition
Sud Nouvelle-Aquitaine
04/07/2019"	""	"0"	"Bulletin disponible"	"2-48"	"type=EDITION, form=N°08
Edition
Sud Nouvelle-Aquitaine
04/07/2019"
"BSV_NA_LEGUMES_PC__INDUSTRIE_08_20190704_cle039911"	"près de chez vous !"	"H1 H2 SMALL P SMALL P"	"A_RETENIR"	"Ce qu'il faut retenir
Asperge
Animateur filière
Aurore TAILLEUR FREDON Aquitaine a.tailleur@fredon-aquitaine.org"	"asperge"	"1"	"Directeur de public"	"351-463"	"type=A_RETENIR, form=Ce qu'il faut retenir
Asperge
Animateur filière
Aurore TAILLEUR FREDON Aquitaine a.tailleur@fredon-aquitaine.org"
"BSV_NA_MARAICHAGE_Sud_NA_02_20190325_cle46958b"	""	"H1 H2 H1 H2 H3"	"EDITION"	"N°02
Edition
Sud Nouvelle-Aquitaine
25/03/2019
Départements 19/24/33/40/47/64"	""	"0"	"Bulletin disponible"	"2-79"	"type=EDITION, form=N°02
Edition
Sud Nouvelle-Aquitaine
25/03/2019
Départements 19/24/33/40/47/64"
"BSV_NA_MARAICHAGE_Sud_NA_02_20190325_cle46958b"	"N°XX du XX/XX/XXXX"	"H1 H2 H3 P P P"	"A_RETENIR"	"Ce qu'il faut retenir
Tomate hors sol
Nouveau virus détecté en Europe : Tomato Brown Rugose Fruit Virus (TBRFV).
Tuta absoluta : stable.
Aleurodes : en progression.
Oïdium : soyez vigilant."	"tomate"	"1"	"Concombre Pucerons"	"908-1097"	"type=A_RETENIR, form=Ce qu'il faut retenir
Tomate hors sol
Nouveau virus détecté en Europe : Tomato Brown Rugose Fruit Virus (TBRFV).
Tuta absoluta : stable.
Aleurodes : en progression.
Oïdium : soyez vigilant."
"BSV_NA_MARAICHAGE_Sud_NA_08_21092019_cle45e738"	"N°08"	"H1 H2 H1 H2 H5"	"EDITION"	"N°08
Edition
Sud Nouvelle-Aquitaine
20/09/2019
Départements 19/24/33/40/47/64"	""	"0"	"Bulletin disponible"	"7-84"	"type=EDITION, form=N°08
Edition
Sud Nouvelle-Aquitaine
20/09/2019
Départements 19/24/33/40/47/64"
"BSV_NA_MARAICHAGE_Sud_NA_08_21092019_cle45e738"	"N°08 du 20/09/19 """	"H1 H2 P P P P P"	"A_RETENIR"	"Ce qu'il faut retenir
Toutes cultures légumières
Punaises : nouveau cycle de Nezara.
Tuta absoluta : variable selon les situations.
Acariens : forte pression en aubergine et concombre.
Pucerons : en progression en aubergine et poivron.
Aleurodes : en progression en aubergine."	"aubergine,
concombre,
aubergine,
poivron,
aubergine"	"5"	"Mildiou : sur cucur"	"975-1251"	"type=A_RETENIR, form=Ce qu'il faut retenir
Toutes cultures légumières
Punaises : nouveau cycle de Nezara.
Tuta absoluta : variable selon les situations.
Acariens : forte pression en aubergine et concombre.
Pucerons : en progression en aubergine et poivron.
Aleurodes : en progression en aubergine."
"BSV_legumes_02_du_20-03-19_cle455343"	"AL DE LOIRE LEGUMES"	"H1 H4"	"EDITION"	"N°2
du 20/03/2019"	""	"0"	"Rédacteurs CA41 / C"	"50-67"	"type=EDITION, form=N°2
du 20/03/2019"
"BSV_legumes_02_du_20-03-19_cle455343"	"CENTRE-VAL de LOIRE"	"H1 H2"	"SOMMAIRE"	"SOMMAIRE
Observateurs"	""	"0"	"Chambres d'Agricult"	"120-141"	"type=SOMMAIRE, form=SOMMAIRE
Observateurs"
"BSV_legumes_16_du_24-07-19_cle4f7928"	"AL DE LOIRE LEGUMES"	"H1 H2"	"EDITION"	"N°16
du 24/07/2019"	""	"0"	"Rédacteurs CA41 / C"	"50-68"	"type=EDITION, form=N°16
du 24/07/2019"
"BSV_legumes_16_du_24-07-19_cle4f7928"	"t du plan Ecophyto."	"H1 H2"	"SOMMAIRE"	"SOMMAIRE
Ravageurs communs à plusieurs cultures"	""	"0"	"1"	"1269-1316"	"type=SOMMAIRE, form=SOMMAIRE
Ravageurs communs à plusieurs cultures"
"BSV_legumes_22_du_11-09-19__cle028fcc"	"AL DE LOIRE LEGUMES"	"H1 H2 H3 SMALL P H5"	"EDITION"	"N°22
SOMMAIRE
Ravageurs communs à plusieurs cultures
1
du 11/09/2019"	""	"0"	"Asperge"	"50-118"	"type=EDITION, form=N°22
SOMMAIRE
Ravageurs communs à plusieurs cultures
1
du 11/09/2019"
"BSV_legumes_22_du_11-09-19__cle028fcc"	"LOIRE LEGUMES N°22"	"H2 H3 SMALL P H5"	"SOMMAIRE"	"SOMMAIRE
Ravageurs communs à plusieurs cultures
1
du 11/09/2019"	""	"0"	"Asperge"	"55-118"	"type=SOMMAIRE, form=SOMMAIRE
Ravageurs communs à plusieurs cultures
1
du 11/09/2019"
"BSV_legumes_27_du_06-11-19__cle059f89"	"AL DE LOIRE LEGUMES"	"H1 H2"	"EDITION"	"N°27
du 06/11/2019"	""	"0"	"Rédacteurs SOMMAIRE"	"50-68"	"type=EDITION, form=N°27
du 06/11/2019"
"BSV_legumes_27_du_06-11-19__cle059f89"	"/11/2019 Rédacteurs"	"H1 P H2"	"SOMMAIRE"	"SOMMAIRE
CA41 / CA45 / FREDON CENTRE-VAL de LOIRE
Observateurs"	""	"0"	"Chambres d'Agricult"	"80-142"	"type=SOMMAIRE, form=SOMMAIRE
CA41 / CA45 / FREDON CENTRE-VAL de LOIRE
Observateurs"
"B_V_NA_MARAICHAGE_Sud_NA_09_20191028_cle4d1138"	"N°09"	"H1 H2 H1 H2 H5"	"EDITION"	"N°09
Edition
Sud Nouvelle-Aquitaine
28/10/2019
Départements 19/24/33/40/47/64"	""	"0"	"Bulletin disponible"	"7-84"	"type=EDITION, form=N°09
Edition
Sud Nouvelle-Aquitaine
28/10/2019
Départements 19/24/33/40/47/64"
"B_V_NA_MARAICHAGE_Sud_NA_09_20191028_cle4d1138"	"près de chez vous !"	"H1 SMALL P SMALL P SMALL P"	"A_RETENIR"	"Ce qu'il faut retenir
Animateur filière
Olivier Bray FREDON AQUITAINE o.bray@fredon-aquitaine.org
Directeur de publication"	"olivier"	"1"	"Dominique GRACIET P"	"387-509"	"type=A_RETENIR, form=Ce qu'il faut retenir
Animateur filière
Olivier Bray FREDON AQUITAINE o.bray@fredon-aquitaine.org
Directeur de publication"
"bsv_maraichage_n15_23082018_cle0775f5"	"ITION MIDI-PYRÉNÉES"	"H2 BR H3"	"EDITION"	"N°15 N°20
23 août 2018"	""	"0"	"SALADE OIGNON Mildi"	"660-682"	"type=EDITION, form=N°15 N°20
23 août 2018"
"bsv_maraichage_no13_du_18_juillet_2018-2_cle0745d8"	"ANGUEDOC-ROUSSILLON"	"H1 H2"	"EDITION"	"N°13
18 juillet 2018"	""	"0"	"Asperge Puceron : v"	"135-155"	"type=EDITION, form=N°13
18 juillet 2018"
"bsv_maraichage_no17_du_24_octobre_2018_cle82d6cc"	"ANGUEDOC-ROUSSILLON"	"H1 H2"	"EDITION"	"N°17
24 octobre 2018"	""	"0"	"Artichaut plein cha"	"135-155"	"type=EDITION, form=N°17
24 octobre 2018"
"bsv_maraichage_no2_du_25_Janvier_2019_cle0d6ef7"	"ris 13000 Marseille"	"H4 H2 H4 P"	"A_RETENIR"	"A retenir : Aleurodes en développement.
Salade sous abri
A retenir : Le Mildiou est présent dans les parcelles.
Le BSV PACA change de forme. Pour plus de facilité de lecture, il est désormais possible de cliquer pour naviguer entre les différentes rubriques du BSV. Bonne année 2019 !"	"salade"	"1"	"Tomate sous abri S"	"524-808"	"type=A_RETENIR, form=A retenir : Aleurodes en développement.
Salade sous abri
A retenir : Le Mildiou est présent dans les parcelles.
Le BSV PACA change de forme. Pour plus de facilité de lecture, il est désormais possible de cliquer pour naviguer entre les différentes rubriques du BSV. Bonne année 2019 !"
"BSV-viti-RA-03_16-04-2019_cle0bbc57"	"04 2019 Viticulture"	"H2 FIGCAPTION FIGURE SMALL P BR BR"	"A_RETENIR"	"À retenir cette semaine
Les stades phénologiques vont de début gonflement à bourgeon dans le coton (02-03) à inflorescences encore agglomérées (15)
Manges bourgeons : qui restent des ravageurs secondaires mais qui peuvent impacter certaines parcelles(rares). Là aussi, il faut observer les parcelles sensibles et juger au cas par cas. Seuil indicatif de 15% de ceps attaqués, c'est-à-dire au moins un bourgeon atteint sur le cep.Méthode de comptage : observation sur 100 ceps (20 stations de 5 ceps consécutifs répartis dans la parcelle). Notation du nombre de pieds avec au moins un bourgeon évidé. Dès qu'un bourgeon est mangé sur le cep, le pied est considéré comme attaqué. Il est inutile de dénombrer tous les bourgeons mangés sur un même cep."	""	"0"	"Crédit photo : Rése"	"158-906"	"type=A_RETENIR, form=À retenir cette semaine
Les stades phénologiques vont de début gonflement à bourgeon dans le coton (02-03) à inflorescences encore agglomérées (15)
Manges bourgeons : qui restent des ravageurs secondaires mais qui peuvent impacter certaines parcelles(rares). Là aussi, il faut observer les parcelles sensibles et juger au cas par cas. Seuil indicatif de 15% de ceps attaqués, c'est-à-dire au moins un bourgeon atteint sur le cep.Méthode de comptage : observation sur 100 ceps (20 stations de 5 ceps consécutifs répartis dans la parcelle). Notation du nombre de pieds avec au moins un bourgeon évidé. Dès qu'un bourgeon est mangé sur le cep, le pied est considéré comme attaqué. Il est inutile de dénombrer tous les bourgeons mangés sur un même cep."
"BSV-viti-RA-15_09-07-2019_cle01ba24"	"07 2019 Viticulture"	"H2 FIGCAPTION FIGURE SMALL P SMALL P"	"A_RETENIR"	"À retenir cette semaine
Les stades phénologiques dans la région Rhône-Alpes vont du stade baies de la taille d'un grain de plomb (29) à fermeture de la grappe (33). La fermeture sera bientôt atteinte partout car les stades s'enchaînent vite.
Mildiou : il reste discret et la pression est assez faible de façon générale. Les 1ers symptômes de rot gris sur grappe sont visibles mais rares, et les taches sur feuilles également. À partir de la fermeture des grappes, les stomates des baies se ferment empêchant ainsi le mildiou de pénétrer dans la baie, la rendant résistante à toute infection du mildiou. Le risque devient ainsi quasiment nul pour les grappes. Le feuillage jeune reste sensible. Dans le Diois et en Savoie, on observe parfois des "" décrochages "" foliaires remarquables.
Crédit photo : Réseau des Chambres d'Agriculture"	"arbuste  à baies,
arbuste  à baies"	"2"	"Black-rot : les dif"	"159-992"	"type=A_RETENIR, form=À retenir cette semaine
Les stades phénologiques dans la région Rhône-Alpes vont du stade baies de la taille d'un grain de plomb (29) à fermeture de la grappe (33). La fermeture sera bientôt atteinte partout car les stades s'enchaînent vite.
Mildiou : il reste discret et la pression est assez faible de façon générale. Les 1ers symptômes de rot gris sur grappe sont visibles mais rares, et les taches sur feuilles également. À partir de la fermeture des grappes, les stomates des baies se ferment empêchant ainsi le mildiou de pénétrer dans la baie, la rendant résistante à toute infection du mildiou. Le risque devient ainsi quasiment nul pour les grappes. Le feuillage jeune reste sensible. Dans le Diois et en Savoie, on observe parfois des "" décrochages "" foliaires remarquables.
Crédit photo : Réseau des Chambres d'Agriculture"
"BSV-viti-RA-16_16-07-2019_cle0bfb92"	"07 2019 Viticulture"	"H2 FIGCAPTION FIGURE FIGCAPTION FIGURE SMALL P"	"A_RETENIR"	"À retenir cette semaine
Les stades phénologiques dans la région Rhône-Alpes vont du stade. Baie à taille d'un pois (31) à tout début véraison (35), avec une grande majorité des parcelles à la fermeture de la grappe (33)
Mildiou : les symptômes restent assez discrets, notamment sur grappe. Globalement le risque est en baisse partout compte tenu du stade des vignes et de la météo prévue dans les jours qui viennent.
Black-rot : très discret également. Très peu de symptômes sur grappes et la météo à venir ne lui sera pas non plus favorable. Le risque de contamination décroit vite après le stade fermeture. Néanmoins, au contraire du mildiou, les baies peuvent être contaminées tant qu'elles ne changent pas de couleur"	"arbuste  à baies,
pois,
vigne,
arbuste  à baies"	"4"	"Crédit photo : Rése"	"159-879"	"type=A_RETENIR, form=À retenir cette semaine
Les stades phénologiques dans la région Rhône-Alpes vont du stade. Baie à taille d'un pois (31) à tout début véraison (35), avec une grande majorité des parcelles à la fermeture de la grappe (33)
Mildiou : les symptômes restent assez discrets, notamment sur grappe. Globalement le risque est en baisse partout compte tenu du stade des vignes et de la météo prévue dans les jours qui viennent.
Black-rot : très discret également. Très peu de symptômes sur grappes et la météo à venir ne lui sera pas non plus favorable. Le risque de contamination décroit vite après le stade fermeture. Néanmoins, au contraire du mildiou, les baies peuvent être contaminées tant qu'elles ne changent pas de couleur"
"BSVViti_20190730_N22_cle019b19"	", protégeons les !"	"H2 P P H2"	"METEO"	"METEOROLOGIE
Canicule et sécheresse : surveillez les bordures des parcelles situées à proximité de bois car des dégâts dus à des criquets sont signalés. Ne trouvant plus de nourriture dans les bois, les criquets se rabattent sur les feuilles de vigne. Un prédateur des criquets : le Rollier.
Orages de grêle : le 27 juillet dans la Drôme à La Laupie (20 à 30% de dégâts), dans le Var à Le Plan de la Tour, La Garde Freinet, La Motte, La Roquebrussanne, St Maximin, Tourves et Grimaud (jusqu'à 75% de dégâts).
PHENOLOGIE"	"sylviculture,
sylviculture,
vigne"	"3"	"Photos : CA84 Stade"	"671-1190"	"type=METEO, form=METEOROLOGIE
Canicule et sécheresse : surveillez les bordures des parcelles situées à proximité de bois car des dégâts dus à des criquets sont signalés. Ne trouvant plus de nourriture dans les bois, les criquets se rabattent sur les feuilles de vigne. Un prédateur des criquets : le Rollier.
Orages de grêle : le 27 juillet dans la Drôme à La Laupie (20 à 30% de dégâts), dans le Var à Le Plan de la Tour, La Garde Freinet, La Motte, La Roquebrussanne, St Maximin, Tourves et Grimaud (jusqu'à 75% de dégâts).
PHENOLOGIE"
"BSV_19-04-16_2_cle84b397"	"vergnat Viticulture"	"H2 SMALL P P P P P"	"A_RETENIR"	"À retenir cette semaine
Réseau des Chambres d'Agri-
Épisode de gel les 13, 14 et 15 avril. Dégâts à estimer dans les jours à venir
Le débourrement se poursuit mais est au ralenti. Stade "" pousse verte "" majoritaire
Quelques dégâts de mange-bourgeons, pour l'instant sans conséquence
BSV réalisé en fonction des observations de la situation sanitaire des vignobles à partir des données des vignobles suivis dans le cadre du réseau de parcelles en Auvergne-Rhône-Alpes. Observations effectuées par les membres du réseau BSV en application du protocole harmonisé national d'observations. Cette année, le réseau comprend 22 parcelles observées par 14 observateurs sur 5 cépages différents."	""	"0"	"Crédit photo : Donn"	"141-826"	"type=A_RETENIR, form=À retenir cette semaine
Réseau des Chambres d'Agri-
Épisode de gel les 13, 14 et 15 avril. Dégâts à estimer dans les jours à venir
Le débourrement se poursuit mais est au ralenti. Stade "" pousse verte "" majoritaire
Quelques dégâts de mange-bourgeons, pour l'instant sans conséquence
BSV réalisé en fonction des observations de la situation sanitaire des vignobles à partir des données des vignobles suivis dans le cadre du réseau de parcelles en Auvergne-Rhône-Alpes. Observations effectuées par les membres du réseau BSV en application du protocole harmonisé national d'observations. Cette année, le réseau comprend 22 parcelles observées par 14 observateurs sur 5 cépages différents."
"BSV_19-06-25_12_cle0b3618"	"in 2019 Viticulture"	"H2 P SMALL P P H1 P"	"A_RETENIR"	"À retenir cette semaine
Toujours pas de symptôme de mildiou signalé L'oïdium est présent sur les parcelles à historique Les glomérules sont plus fréquents mais restent peu nombreux Les larves de cicadelles vertes sont plus observées mais restent très peu nombreuses
Crédit photo : Réseau des Chambres d'Agriculture
BSV réalisé à partir des observations parcellaires des 2 vignobles suivis dans le cadre du réseau de parcelles en Auvergne-Rhône-Alpes. Observations effectuées par les membres du réseau BSV en application du protocole harmonisé national d'observations. Cette année, le réseau comprend 22 parcelles observées par 14 observateurs sur 5 cépages différents.
Données du réseau
17 parcelles renseignées, 13 dans le vignoble de Saint Pourçain, 4 dans le vignoble des Côtes d'Auvergne."	""	"0"	"Stades phénologique"	"141-933"	"type=A_RETENIR, form=À retenir cette semaine
Toujours pas de symptôme de mildiou signalé L'oïdium est présent sur les parcelles à historique Les glomérules sont plus fréquents mais restent peu nombreux Les larves de cicadelles vertes sont plus observées mais restent très peu nombreuses
Crédit photo : Réseau des Chambres d'Agriculture
BSV réalisé à partir des observations parcellaires des 2 vignobles suivis dans le cadre du réseau de parcelles en Auvergne-Rhône-Alpes. Observations effectuées par les membres du réseau BSV en application du protocole harmonisé national d'observations. Cette année, le réseau comprend 22 parcelles observées par 14 observateurs sur 5 cépages différents.
Données du réseau
17 parcelles renseignées, 13 dans le vignoble de Saint Pourçain, 4 dans le vignoble des Côtes d'Auvergne."
"BSV_19-07-30_17_cle08d978"	"et 2019 Viticulture"	"H2 P SMALL P P"	"A_RETENIR"	"À retenir cette semaine
Stade pré-véraison à tout début véraison Risque oïdium variable selon les parcelles Risque mildiou nul sur grappe, faible sur le feuillage Botrytis absent Cicadelles vertes très peu nombreuses, quasi absence de grillure Pas de perforation de chenille de tordeuses observée
Crédit photo : Réseau des Chambres d'Agriculture
BSV réalisé à partir des observations parcellaires des 2 vignobles suivis dans le cadre du réseau de parcelles en Auvergne-Rhône-Alpes. Observations effectuées par les membres du réseau BSV en application du protocole harmonisé national d'observations. Cette année, le réseau comprend 22 parcelles observées par 14 observateurs sur 5 cépages différents."	""	"0"	"Données du réseau 1"	"144-843"	"type=A_RETENIR, form=À retenir cette semaine
Stade pré-véraison à tout début véraison Risque oïdium variable selon les parcelles Risque mildiou nul sur grappe, faible sur le feuillage Botrytis absent Cicadelles vertes très peu nombreuses, quasi absence de grillure Pas de perforation de chenille de tordeuses observée
Crédit photo : Réseau des Chambres d'Agriculture
BSV réalisé à partir des observations parcellaires des 2 vignobles suivis dans le cadre du réseau de parcelles en Auvergne-Rhône-Alpes. Observations effectuées par les membres du réseau BSV en application du protocole harmonisé national d'observations. Cette année, le réseau comprend 22 parcelles observées par 14 observateurs sur 5 cépages différents."
"BSV_NA_VIGNE_CHARENTES_02_20190409_cle8ac81e"	"N°02"	"H1 H2 H1 H2"	"EDITION"	"N°02
Edition
Charentes
09/04/2019"	""	"0"	"Bulletin disponible"	"7-40"	"type=EDITION, form=N°02
Edition
Charentes
09/04/2019"
"BSV_NA_VIGNE_CHARENTES_02_20190409_cle8ac81e"	"d'abonnement au BSV"	"H1 SMALL P SMALL P SMALL P"	"A_RETENIR"	"Ce qu'il faut retenir
Animateur filière
Magdalena GIRARD Chambre d'agriculture de la Charente-Maritime magdalena.girard@charente-maritime.chambagri.fr
Directeur de publication"	""	"0"	"Dominique GRACIET P"	"280-455"	"type=A_RETENIR, form=Ce qu'il faut retenir
Animateur filière
Magdalena GIRARD Chambre d'agriculture de la Charente-Maritime magdalena.girard@charente-maritime.chambagri.fr
Directeur de publication"
"BSV_NA_VIGNE_CHARENTES_07_20190514_cle841735"	"N°07"	"H1 H2 H1 H2"	"EDITION"	"N°07
Edition
Charentes
14/05/2019"	""	"0"	"Bulletin disponible"	"7-40"	"type=EDITION, form=N°07
Edition
Charentes
14/05/2019"
"BSV_NA_VIGNE_CHARENTES_07_20190514_cle841735"	"près de chez vous !"	"H1 SMALL P SMALL P"	"A_RETENIR"	"Ce qu'il faut retenir
Animateur filière
Magdalena GIRARD Chambre d'agriculture de la Charente-Maritime"	""	"0"	"magdalena.girard@ch"	"343-445"	"type=A_RETENIR, form=Ce qu'il faut retenir
Animateur filière
Magdalena GIRARD Chambre d'agriculture de la Charente-Maritime"
"BSV_NA_VIGNE_CHARENTES_18_20190730_cle8d5827"	"N°18"	"H1 H2 H1 H2"	"EDITION"	"N°18
Edition
Charentes
30/07/2019"	""	"0"	"Bulletin disponible"	"7-40"	"type=EDITION, form=N°18
Edition
Charentes
30/07/2019"
"BSV_NA_VIGNE_CHARENTES_18_20190730_cle8d5827"	"°18 du 30/07/2019 """	"H1 H2 P H2 P H2 P"	"A_RETENIR"	"Ce qu'il faut retenir
Phénologie
Stade moyen (Ugni blanc) : Fermeture de la grappe presque atteinte
Mildiou
Risque de contaminations sur feuilles en cas de pluie
Oïdium
Risque potentiel élevé, mais fin de sensibilité des grappes"	""	"0"	"Black rot Risque fo"	"973-1201"	"type=A_RETENIR, form=Ce qu'il faut retenir
Phénologie
Stade moyen (Ugni blanc) : Fermeture de la grappe presque atteinte
Mildiou
Risque de contaminations sur feuilles en cas de pluie
Oïdium
Risque potentiel élevé, mais fin de sensibilité des grappes"
"BSV_NA_VIGNE_CHARENTES_19_20190806_cle88b155"	"N°19"	"H1 H2 H1 H2"	"EDITION"	"N°19
Edition
Charentes
06/08/2019"	""	"0"	"Bulletin disponible"	"7-40"	"type=EDITION, form=N°19
Edition
Charentes
06/08/2019"
"BSV_NA_VIGNE_CHARENTES_22_20190903_cle8f1178"	"N°22"	"H1 H2 H1 H2"	"EDITION"	"N°22
Edition
Charentes
03/09/2019"	""	"0"	"Bulletin disponible"	"7-40"	"type=EDITION, form=N°22
Edition
Charentes
03/09/2019"
"BSV_NA_VIGNE_CHARENTES_22_20190903_cle8f1178"	"°22 du 03/09/2019 """	"H1 H2 P H2 P H2 P"	"A_RETENIR"	"Ce qu'il faut retenir
Phénologie
Stade moyen (Ugni blanc) : 37 fin véraison.
ESCA/BDA
Nombreux symptômes.
Eudémis
Début du vol de troisième génération."	""	"0"	"Flavescence dorée R"	"973-1124"	"type=A_RETENIR, form=Ce qu'il faut retenir
Phénologie
Stade moyen (Ugni blanc) : 37 fin véraison.
ESCA/BDA
Nombreux symptômes.
Eudémis
Début du vol de troisième génération."
"BSV_NA_VIGNE_Haut-Poitou_03_20190430_cle4165b7"	""	"H1 H2 H1 H2"	"EDITION"	"N°03
Edition
Haut-Poitou
30/04/2019"	""	"0"	"Bulletin disponible"	"2-37"	"type=EDITION, form=N°03
Edition
Haut-Poitou
30/04/2019"
"BSV_NA_VIGNE_Haut-Poitou_03_20190430_cle4165b7"	"près de chez vous !"	"H1 SMALL P SMALL P SMALL P"	"A_RETENIR"	"Ce qu'il faut retenir
Animateur filière
Corinne BORDEAU FREDON Poitou-Charentes
corinne.bordeau@fredonpc.fr"	""	"0"	"Suppléance : Stépha"	"340-447"	"type=A_RETENIR, form=Ce qu'il faut retenir
Animateur filière
Corinne BORDEAU FREDON Poitou-Charentes
corinne.bordeau@fredonpc.fr"
"BSV_NA_VIGNE_Haut-Poitou_13_20190709_cle44ed93"	""	"H1 H2 H1 H2"	"EDITION"	"N°13
Edition
Haut-Poitou
09/07/2019"	""	"0"	"Bulletin disponible"	"2-37"	"type=EDITION, form=N°13
Edition
Haut-Poitou
09/07/2019"
"BSV_NA_VIGNE_Haut-Poitou_13_20190709_cle44ed93"	"près de chez vous !"	"H1 SMALL P SMALL P SMALL P"	"A_RETENIR"	"Ce qu'il faut retenir
Animateur filière
Corinne BORDEAU FREDON Poitou-Charentes
corinne.bordeau@fredonpc.fr"	""	"0"	"Suppléance : Stépha"	"340-447"	"type=A_RETENIR, form=Ce qu'il faut retenir
Animateur filière
Corinne BORDEAU FREDON Poitou-Charentes
corinne.bordeau@fredonpc.fr"
"BSV_NA_VIGNE_Haut-Poitou_15_20190806_cle4c661d"	""	"H1 H2 H1 H2"	"EDITION"	"N°15
Edition
Haut-Poitou
06/08/2019"	""	"0"	"Bulletin disponible"	"2-37"	"type=EDITION, form=N°15
Edition
Haut-Poitou
06/08/2019"
"BSV_NA_VIGNE_Haut-Poitou_15_20190806_cle4c661d"	"ou N°X du JJ/MM/AA"""	"H1 H3 SMALL P"	"A_RETENIR"	"Ce qu'il faut retenir
Données climatiques
Des températures de saison et peut-être un peu de pluie en fin de semaine"	""	"0"	"Phénologie Chardon"	"1020-1135"	"type=A_RETENIR, form=Ce qu'il faut retenir
Données climatiques
Des températures de saison et peut-être un peu de pluie en fin de semaine"
"BSV_NA_VIGNE_Limousin_02_20190409_cle81e534"	""	"H1 H2 H1 H2"	"EDITION"	"N°02
Edition
Limousin
09/04/2019"	""	"0"	"Bulletin disponible"	"2-34"	"type=EDITION, form=N°02
Edition
Limousin
09/04/2019"
"BSV_NA_VIGNE_Limousin_02_20190409_cle81e534"	"d'abonnement au BSV"	"H1 SMALL P SMALL P SMALL P"	"A_RETENIR"	"Ce qu'il faut retenir
Animatrice filière
Céline VACHON Chambre d'agriculture de Nouvelle-Aquitaine
celine.vachon@na.chambagri.fr"	""	"0"	"Suppléance : Karine"	"275-403"	"type=A_RETENIR, form=Ce qu'il faut retenir
Animatrice filière
Céline VACHON Chambre d'agriculture de Nouvelle-Aquitaine
celine.vachon@na.chambagri.fr"
"BSV_NA_VIGNE_Limousin_07_20190522_cle81f925"	""	"H1 H2 H1 H2"	"EDITION"	"N°07
Edition
Limousin
22/05/2019"	""	"0"	"Bulletin disponible"	"2-34"	"type=EDITION, form=N°07
Edition
Limousin
22/05/2019"
"BSV_NA_VIGNE_Limousin_07_20190522_cle81f925"	"N°7 du 21/05/2019 """	"H1 H2 P H2 P H2 P"	"A_RETENIR"	"Ce qu'il faut retenir
Gel
Reprise de végétation hétérogène.
Phénologie
Stade moyen : 15 (boutons floraux agglomérés) à 17 (boutons floraux séparés) sur vignes non gelées.
Mildiou
Surveillez l'évolution des prévisions météo (hauteur de pluie) pour anticiper les 1 ères contaminations de masse."	"vigne"	"1"	"Oïdium La période d"	"1186-1478"	"type=A_RETENIR, form=Ce qu'il faut retenir
Gel
Reprise de végétation hétérogène.
Phénologie
Stade moyen : 15 (boutons floraux agglomérés) à 17 (boutons floraux séparés) sur vignes non gelées.
Mildiou
Surveillez l'évolution des prévisions météo (hauteur de pluie) pour anticiper les 1 ères contaminations de masse."
"BSV_NA_VIGNE_Limousin_14_20190709_cle8d4f42"	""	"H1 H2 H1 H2"	"EDITION"	"N°14
Edition
Limousin
09/07/2019"	""	"0"	"Bulletin disponible"	"2-34"	"type=EDITION, form=N°14
Edition
Limousin
09/07/2019"
"BSV_NA_VIGNE_Limousin_14_20190709_cle8d4f42"	"°14 du 09/07/2019 """	"H1 H2 P H2 P P P"	"A_RETENIR"	"Ce qu'il faut retenir
Phénologie
Stade moyen : "" grains de la taille d'un pois "" à "" fermeture de grappe "".
Mildiou
Taches sur feuille, dont de rares fraîches, mais niveau d'attaque relativement faible, sauf exceptions.
Attention aux repiquages.
Soyez vigilants à l'approche de toute dégradation pluvieuse, des contaminations sont possibles dès 3 mm de pluie."	"pois"	"1"	"Oïdium Premiers sym"	"1186-1545"	"type=A_RETENIR, form=Ce qu'il faut retenir
Phénologie
Stade moyen : "" grains de la taille d'un pois "" à "" fermeture de grappe "".
Mildiou
Taches sur feuille, dont de rares fraîches, mais niveau d'attaque relativement faible, sauf exceptions.
Attention aux repiquages.
Soyez vigilants à l'approche de toute dégradation pluvieuse, des contaminations sont possibles dès 3 mm de pluie."
"BSV_NA_VIGNE_Limousin_17_20190730_cle835848"	""	"H1 H2 H1 H2"	"EDITION"	"N°17
Edition
Limousin
30/07/2019"	""	"0"	"Bulletin disponible"	"2-34"	"type=EDITION, form=N°17
Edition
Limousin
30/07/2019"
"BSV_NA_VIGNE_Limousin_17_20190730_cle835848"	"°17 du 30/07/2019 """	"H1 H2 P H2 P H2 P"	"A_RETENIR"	"Ce qu'il faut retenir
Phénologie
Stade moyen : "" fermeture de grappe "".
Aléas climatiques
1 ers signes de stress hydrique.
Mildiou
Pas de progression de la maladie."	""	"0"	"Surveillez les sort"	"1186-1350"	"type=A_RETENIR, form=Ce qu'il faut retenir
Phénologie
Stade moyen : "" fermeture de grappe "".
Aléas climatiques
1 ers signes de stress hydrique.
Mildiou
Pas de progression de la maladie."
"BSV_NA_VIGNE_Nord_Aquitaine_04_20190416_cle876cf5"	""	"H1 H3 H1 H3 H5"	"EDITION"	"N°4
Edition
Nord Aquitaine
16/04/2019
(Départements 24/33/47)"	""	"0"	"Bulletin disponible"	"2-63"	"type=EDITION, form=N°4
Edition
Nord Aquitaine
16/04/2019
(Départements 24/33/47)"
"BSV_NA_VIGNE_Nord_Aquitaine_04_20190416_cle876cf5"	"e N°4 du 16/04/19 """	"H1 H2 P H2 P H2 P"	"A_RETENIR"	"Ce qu'il faut retenir
Phénologie
Stade moyen : entre "" E07-1 ère feuille étalée "" et "" E09-2 à 3 Feuilles étalées ""
Prévisions météorologiques
Temps instable pour jeudi et vendredi (prévisions météo incertaines qui vont perdurer, à surveiller)
Mildiou
Risque faible cette semaine et risque potentiellement favorable semaine prochaine"	""	"0"	"Black rot Contamina"	"1035-1368"	"type=A_RETENIR, form=Ce qu'il faut retenir
Phénologie
Stade moyen : entre "" E07-1 ère feuille étalée "" et "" E09-2 à 3 Feuilles étalées ""
Prévisions météorologiques
Temps instable pour jeudi et vendredi (prévisions météo incertaines qui vont perdurer, à surveiller)
Mildiou
Risque faible cette semaine et risque potentiellement favorable semaine prochaine"
"BSV_NA_VIGNE_Nord_Aquitaine_07_20190507_cle8b2385"	""	"H1 H2 H1 H2"	"EDITION"	"N°07
Edition
Nord Aquitaine
07/05/2019"	""	"0"	"(Départements 24/33"	"2-40"	"type=EDITION, form=N°07
Edition
Nord Aquitaine
07/05/2019"
"BSV_NA_VIGNE_Nord_Aquitaine_07_20190507_cle8b2385"	"près de chez vous !"	"H1 FIGCAPTION FIGURE FIGCAPTION FIGURE SMALL P"	"A_RETENIR"	"Ce qu'il faut retenir
Animateur filière
Marie-Hélène MARTIGNE Chambre d'agriculture de Gironde
mh.martigne@gironde.chambagri.fr"	""	"0"	"Suppléance : Franço"	"367-494"	"type=A_RETENIR, form=Ce qu'il faut retenir
Animateur filière
Marie-Hélène MARTIGNE Chambre d'agriculture de Gironde
mh.martigne@gironde.chambagri.fr"
"BSV_NA_VIGNE_Nord_Aquitaine_17_20190716_cle8d5da5"	""	"H1 H3 H1 H3"	"EDITION"	"N°17
Edition
Nord Aquitaine
16/07/2019"	""	"0"	"(Départements 24/33"	"2-40"	"type=EDITION, form=N°17
Edition
Nord Aquitaine
16/07/2019"
"BSV_NA_VIGNE_Nord_Aquitaine_17_20190716_cle8d5da5"	"près de chez vous !"	"H1 FIGCAPTION FIGURE FIGCAPTION FIGURE SMALL P"	"A_RETENIR"	"Ce qu'il faut retenir
Animateur filière
Marie-Hélène MARTIGNE Chambre d'agriculture de Gironde
mh.martigne@gironde.chambagri.fr"	""	"0"	"Suppléance : Franço"	"367-494"	"type=A_RETENIR, form=Ce qu'il faut retenir
Animateur filière
Marie-Hélène MARTIGNE Chambre d'agriculture de Gironde
mh.martigne@gironde.chambagri.fr"
"BSV_NA_VIGNE_Nord_Aquitaine_19_20190730_cle819684"	""	"H1 H3 H1 H3"	"EDITION"	"N°19
Edition
Nord Aquitaine
30/07/2019"	""	"0"	"(Départements 24/33"	"2-40"	"type=EDITION, form=N°19
Edition
Nord Aquitaine
30/07/2019"
"BSV_NA_VIGNE_Nord_Aquitaine_19_20190730_cle819684"	"près de chez vous !"	"H1 FIGCAPTION FIGURE FIGCAPTION FIGURE SMALL P"	"A_RETENIR"	"Ce qu'il faut retenir
Animateur filière
Marie-Hélène MARTIGNE Chambre d'agriculture de Gironde
mh.martigne@gironde.chambagri.fr"	""	"0"	"Suppléance : Franço"	"367-494"	"type=A_RETENIR, form=Ce qu'il faut retenir
Animateur filière
Marie-Hélène MARTIGNE Chambre d'agriculture de Gironde
mh.martigne@gironde.chambagri.fr"
"BSV_NA_VIGNE_Nord_Aquitaine_20_20190806_cle891ea2"	""	"H1 H3 H1 H3"	"EDITION"	"N°20
Edition
Nord Aquitaine
06/08/2019"	""	"0"	"(Départements 24/33"	"2-40"	"type=EDITION, form=N°20
Edition
Nord Aquitaine
06/08/2019"
"BSV_NA_VIGNE_Nord_Aquitaine_20_20190806_cle891ea2"	"près de chez vous !"	"H1 FIGCAPTION FIGURE FIGCAPTION FIGURE SMALL P"	"A_RETENIR"	"Ce qu'il faut retenir
Animateur filière
Marie-Hélène MARTIGNE Chambre d'agriculture de Gironde
mh.martigne@gironde.chambagri.fr"	""	"0"	"Suppléance : Franço"	"367-494"	"type=A_RETENIR, form=Ce qu'il faut retenir
Animateur filière
Marie-Hélène MARTIGNE Chambre d'agriculture de Gironde
mh.martigne@gironde.chambagri.fr"
"BSV_NA_VIGNE_Sud_Aquitaine_02_20190401_01_cle4bdf4a"	""	"H1 H3 H1 H3"	"EDITION"	"N°02
Edition
Sud Aquitaine
02/04/2019"	""	"0"	"(Départements 40/64"	"2-39"	"type=EDITION, form=N°02
Edition
Sud Aquitaine
02/04/2019"
"BSV_NA_VIGNE_Sud_Aquitaine_02_20190401_01_cle4bdf4a"	"d'abonnement au BSV"	"H1 SMALL P SMALL P SMALL P"	"A_RETENIR"	"Ce qu'il faut retenir
Animateur filière
Marie-Hélène MARTIGNE Chambre d'agriculture de Gironde
mh.martigne@gironde.chambagri.fr"	""	"0"	"Suppléance : Jean-J"	"301-428"	"type=A_RETENIR, form=Ce qu'il faut retenir
Animateur filière
Marie-Hélène MARTIGNE Chambre d'agriculture de Gironde
mh.martigne@gironde.chambagri.fr"
"BSV_NA_VIGNE_Sud_Aquitaine_08_20190514_cle8e63bb"	""	"H1 H2 H1 H2"	"EDITION"	"N°08
Edition
Sud Aquitaine
14/05/2019"	""	"0"	"(Départements 40/64"	"2-39"	"type=EDITION, form=N°08
Edition
Sud Aquitaine
14/05/2019"
"BSV_NA_VIGNE_Sud_Aquitaine_08_20190514_cle8e63bb"	"près de chez vous !"	"H1 SMALL P SMALL P SMALL P"	"A_RETENIR"	"Ce qu'il faut retenir
Animateur filière
Marie-Hélène MARTIGNE Chambre d'agriculture de Gironde
mh.martigne@gironde.chambagri.fr"	""	"0"	"Suppléance : Jean-J"	"363-490"	"type=A_RETENIR, form=Ce qu'il faut retenir
Animateur filière
Marie-Hélène MARTIGNE Chambre d'agriculture de Gironde
mh.martigne@gironde.chambagri.fr"
"BSV_NA_VIGNE_Sud_Aquitaine_17_20190716_cle841a78"	""	"H1 H3 H1 H3"	"EDITION"	"N°17
Edition
Sud Aquitaine
16/07/2019"	""	"0"	"(Départements 40/64"	"2-39"	"type=EDITION, form=N°17
Edition
Sud Aquitaine
16/07/2019"
"BSV_NA_VIGNE_Sud_Aquitaine_17_20190716_cle841a78"	"près de chez vous !"	"H1 FIGCAPTION FIGURE FIGCAPTION FIGURE SMALL P"	"A_RETENIR"	"Ce qu'il faut retenir
Animateur filière
Marie-Hélène MARTIGNE Chambre d'agriculture de Gironde
mh.martigne@gironde.chambagri.fr"	""	"0"	"Suppléance : Jean-J"	"363-490"	"type=A_RETENIR, form=Ce qu'il faut retenir
Animateur filière
Marie-Hélène MARTIGNE Chambre d'agriculture de Gironde
mh.martigne@gironde.chambagri.fr"
"BSV_NA_VIGNE_Sud_Aquitaine_18_20190723_cle84e39a"	""	"H1 H3 H1 H3"	"EDITION"	"N°18
Edition
Sud Aquitaine
23/07/2019"	""	"0"	"(Départements 40/64"	"2-39"	"type=EDITION, form=N°18
Edition
Sud Aquitaine
23/07/2019"
"BSV_NA_VIGNE_Sud_Aquitaine_18_20190723_cle84e39a"	"près de chez vous !"	"H1 FIGCAPTION FIGURE FIGCAPTION FIGURE SMALL P"	"A_RETENIR"	"Ce qu'il faut retenir
Animateur filière
Marie-Hélène MARTIGNE Chambre d'agriculture de Gironde
mh.martigne@gironde.chambagri.fr"	""	"0"	"Suppléance : Jean-J"	"363-490"	"type=A_RETENIR, form=Ce qu'il faut retenir
Animateur filière
Marie-Hélène MARTIGNE Chambre d'agriculture de Gironde
mh.martigne@gironde.chambagri.fr"
"BSV_NA_VIGNE_Sud_Aquitaine_20_20190806_cle831e2b"	""	"H1 H3 H1 H3"	"EDITION"	"N°20
Edition
Sud Aquitaine
06/08/2019"	""	"0"	"(Départements 40/64"	"2-39"	"type=EDITION, form=N°20
Edition
Sud Aquitaine
06/08/2019"
"BSV_Viticulture_2_17_mai_2019_cle8f88af"	"cher les glomérules"	"H2 H3"	"SOMMAIRE"	"SOMMAIRE
STADES PHENOLOGIQUES"	""	"0"	"La vigne accuse enc"	"930-959"	"type=SOMMAIRE, form=SOMMAIRE
STADES PHENOLOGIQUES"
"BSV_viti_01_du_16-04-19_cle878624"	"E LOIRE VITICULTURE"	"H1 H2 H3"	"EDITION"	"N° 01
EN BREF
du 16/04/2019"	""	"0"	"Rédacteurs Michel B"	"54-81"	"type=EDITION, form=N° 01
EN BREF
du 16/04/2019"
"BSV_viti_12_du_02-07-19-1_cle05965f"	"CENTRE-VAL DE LOIRE"	"H1 H2 H3"	"EDITION"	"N° 12
EN BREF
du 02/07/2019"	""	"0"	"Actualité Climatolo"	"46-73"	"type=EDITION, form=N° 12
EN BREF
du 02/07/2019"
"BSV_viti_13_du_09-07-19_cle86811a"	"CENTRE-VAL DE LOIRE"	"H1 H2 H3"	"EDITION"	"N° 13
EN BREF
du 09/07/2019"	""	"0"	"Actualité Climatolo"	"46-73"	"type=EDITION, form=N° 13
EN BREF
du 09/07/2019"
"BSV_viti_16_du_16-09-19_cle87b836"	"CENTRE-VAL DE LOIRE"	"H1 H2 H3"	"EDITION"	"N° 16
EN BREF
du 16/09/2019"	""	"0"	"Actualité Climatolo"	"46-73"	"type=EDITION, form=N° 16
EN BREF
du 16/09/2019"
"bsv_viti_lr_n06_06052019-1_cle4a8957-1"	"N°05 du 07/05/19 """	"H2 H5 P P P P P"	"A_RETENIR"	"Ce qu'il faut retenir
Stades phénologiques : de Cf2 à Gf selon les variétés et les secteurs géographiques.
Anthracnoses : le risque de contamination est élevé lors des épisodes pluvieux dès que les variétés ont atteint le stade de sensibilité Df.
Bactériose : risque de contamination élevé lors des épisodes pluvieux pour les variétés ayant atteint le stade de début de sensibilité Cf.
Carpocapse : pas de risque actuellement. Début du vol en secteurs précoces.
Cochenilles : période propice pour repérer les colonies. Risque en cours avec la migration des jeunes larves en secteurs précoces.
Zeuzère : reprise d'activité des larves dans le bois."	"sylviculture"	"1"	"Bulletin de Santé d"	"928-1574"	"type=A_RETENIR, form=Ce qu'il faut retenir
Stades phénologiques : de Cf2 à Gf selon les variétés et les secteurs géographiques.
Anthracnoses : le risque de contamination est élevé lors des épisodes pluvieux dès que les variétés ont atteint le stade de sensibilité Df.
Bactériose : risque de contamination élevé lors des épisodes pluvieux pour les variétés ayant atteint le stade de début de sensibilité Cf.
Carpocapse : pas de risque actuellement. Début du vol en secteurs précoces.
Cochenilles : période propice pour repérer les colonies. Risque en cours avec la migration des jeunes larves en secteurs précoces.
Zeuzère : reprise d'activité des larves dans le bois."
"bsv_viti_mp_aveyron_n02_19042019-2_cle8676eb"	"2019 Page 1 sur 5"	"H1 H2 TABLE TBODY TR TD TR TD TR TD TR TD TR TD TR TD TR TD TR TD TR TD TR TD TR TD TR TD TR TD TR TD P H1"	"METEO"	"METEO
 Prévisions du 20 au 25 avril 2019

  
    Sam 20
  
  
    Dim 21
  
  
    Lun 22
  
  
    Températures
  
  
    7-20
  
  
    7-17
  
  
    8-18
  
  
    Tendances
  
  
    Mar 23
  
  
    Mer 24
  
  
    Jeu 25
  
  
    8-18
  
  
    8-17
  
  
    9-18
  

La semaine prochaine s'annonce incertaine. Le gel initialement prévu durant le week-end du 14 avril ne semble pas avoir engendré de dégâts significatifs sur le vignoble. Seuls quelques plants au ras du sol ont été affectés.
STADES PHENOLOGIQUES"	""	"0"	"Marcillac : on obse"	"2448-2970"	"type=METEO, form=METEO
 Prévisions du 20 au 25 avril 2019

  
    Sam 20
  
  
    Dim 21
  
  
    Lun 22
  
  
    Températures
  
  
    7-20
  
  
    7-17
  
  
    8-18
  
  
    Tendances
  
  
    Mar 23
  
  
    Mer 24
  
  
    Jeu 25
  
  
    8-18
  
  
    8-17
  
  
    9-18
  

La semaine prochaine s'annonce incertaine. Le gel initialement prévu durant le week-end du 14 avril ne semble pas avoir engendré de dégâts significatifs sur le vignoble. Seuls quelques plants au ras du sol ont été affectés.
STADES PHENOLOGIQUES"
"bsv_viti_mp_aveyron_n11_25062019_cle084a76"	"in au 7 juillet"	"H1 H2 TABLE TBODY TR TD TR TD TR TD TR TD TR TD TR TD TR TD TR TD TR TD TR TD TR TD TR TD TR TD TR TD H1"	"METEO"	"METEO
 Prévisions du 26 au 1er juillet 2019

  
    Mer 26
  
  
    Jeu 27
  
  
    Ven28
  
  
    Sam 29
  
  
    Dim 30
  
  
    Lun 1er
  
  
    Températures
  
  
    21-38
  
  
    20-40
  
  
    20-40
  
  
    20-39
  
  
    18-34
  
  
    21-35
  
  
    Tendances
  

STADES PHENOLOGIQUES"	""	"0"	"Marcillac : Le stad"	"1306-1613"	"type=METEO, form=METEO
 Prévisions du 26 au 1er juillet 2019

  
    Mer 26
  
  
    Jeu 27
  
  
    Ven28
  
  
    Sam 29
  
  
    Dim 30
  
  
    Lun 1er
  
  
    Températures
  
  
    21-38
  
  
    20-40
  
  
    20-40
  
  
    20-39
  
  
    18-34
  
  
    21-35
  
  
    Tendances
  

STADES PHENOLOGIQUES"
"bsv_viti_mp_aveyron_n14_17072019_cle05cdbe"	"ue) 10j après le T2"	"H1 H2 TABLE TBODY TR TD TR TD TR TD TR TD TR TD TR TD TR TD TR TD TR TD TR TD TR TD TR TD TR TD TR TD H1"	"METEO"	"METEO
 Prévisions du 17 au 22 juillet 2019

  
    Mer 17
  
  
    Jeu 18
  
  
    Ven 19
  
  
    Sam 20
  
  
    Dim 21
  
  
    Lun 22
  
  
    Températures
  
  
    12-32
  
  
    13-28
  
  
    15-30
  
  
    18-32
  
  
    19-32
  
  
    20-34
  
  
    Tendances
  

STADES PHENOLOGIQUES"	""	"0"	"Marcillac : Le stad"	"1349-1655"	"type=METEO, form=METEO
 Prévisions du 17 au 22 juillet 2019

  
    Mer 17
  
  
    Jeu 18
  
  
    Ven 19
  
  
    Sam 20
  
  
    Dim 21
  
  
    Lun 22
  
  
    Températures
  
  
    12-32
  
  
    13-28
  
  
    15-30
  
  
    18-32
  
  
    19-32
  
  
    20-34
  
  
    Tendances
  

STADES PHENOLOGIQUES"
"bsv_viti_mp_aveyron_n16_30072019_cle0dd53b"	"sur les ambroisies"	"H1 H2 TABLE TBODY TR TD TR TD TR TD TR TD TR TD TR TD TR TD TR TD TR TD TR TD TR TD TR TD TR TD TR TD H1"	"METEO"	"METEO
 Prévisions du 31 juillet au 5 août 2019

  
    Mer 31
  
  
    Jeu 1er
  
  
    Ven 2
  
  
    Sam 3
  
  
    Dim 4
  
  
    Lun 5
  
  
    Températures
  
  
    12-24
  
  
    13-24
  
  
    15-29
  
  
    15-31
  
  
    17-32
  
  
    17-27
  
  
    Tendances
  

STADES PHENOLOGIQUES"	""	"0"	"Sur tous les vignob"	"1277-1584"	"type=METEO, form=METEO
 Prévisions du 31 juillet au 5 août 2019

  
    Mer 31
  
  
    Jeu 1er
  
  
    Ven 2
  
  
    Sam 3
  
  
    Dim 4
  
  
    Lun 5
  
  
    Températures
  
  
    12-24
  
  
    13-24
  
  
    15-29
  
  
    15-31
  
  
    17-32
  
  
    17-27
  
  
    Tendances
  

STADES PHENOLOGIQUES"
"bsv_viti_mp_cahors_n12_25062019_cle4cf277"	"ours après T1 en AB"	"H1 H2 TABLE TBODY TR TD TR TD TR TD TR TD TR TD TR TD TR TD TR TD TR TD TR TD TR TD TR TD TR TD TR TD H1"	"METEO"	"METEO
 Prévisions du 26 juin au 1er juillet 2019

  
    Mer 26
  
  
    Jeu 27
  
  
    Ven 28
  
  
    Sam 29
  
  
    Dim30
  
  
    Lun 1er
  
  
    Températures
  
  
    18-40
  
  
    19-42
  
  
    19-41
  
  
    18-39
  
  
    18-35
  
  
    19-37
  
  
    Tendances
  

STADES PHENOLOGIQUES"	""	"0"	"Action pilotée par"	"1271-1583"	"type=METEO, form=METEO
 Prévisions du 26 juin au 1er juillet 2019

  
    Mer 26
  
  
    Jeu 27
  
  
    Ven 28
  
  
    Sam 29
  
  
    Dim30
  
  
    Lun 1er
  
  
    Températures
  
  
    18-40
  
  
    19-42
  
  
    19-41
  
  
    18-39
  
  
    18-35
  
  
    19-37
  
  
    Tendances
  

STADES PHENOLOGIQUES"
"bsv_viti_mp_cahors_n17_30072019_cle434e53"	"les ambroisies"	"H1 H2 TABLE TBODY TR TD TR TD TR TD TR TD TR TD TR TD TR TD TR TD TR TD TR TD TR TD TR TD TR TD TR TD H1"	"METEO"	"METEO
 Prévisions du 31 juillet au 5 août 2019

  
    Mer 31
  
  
    Jeu 1er
  
  
    Ven 2
  
  
    Sam 3
  
  
    Dim 4
  
  
    Lun 5
  
  
    Températures
  
  
    13-25
  
  
    14-25
  
  
    16-29
  
  
    16-30
  
  
    17-30
  
  
    17-27
  
  
    Tendances
  

STADES PHENOLOGIQUES"	""	"0"	"En situatio"	"1374-1681"	"type=METEO, form=METEO
 Prévisions du 31 juillet au 5 août 2019

  
    Mer 31
  
  
    Jeu 1er
  
  
    Ven 2
  
  
    Sam 3
  
  
    Dim 4
  
  
    Lun 5
  
  
    Températures
  
  
    13-25
  
  
    14-25
  
  
    16-29
  
  
    16-30
  
  
    17-30
  
  
    17-27
  
  
    Tendances
  

STADES PHENOLOGIQUES"
"bsv_viti_mp_cahors_n19_20082019_cle4e16b4"	"au respect des DAR"	"H1 H2 TABLE TBODY TR TD TR TD TR TD TR TD TR TD TR TD TR TD TR TD TR TD TR TD TR TD TR TD TR TD TR TD H1"	"METEO"	"METEO
 Prévisions du 21 au 26 août 2019

  
    Mer 21
  
  
    Jeu 22
  
  
    Ven 23
  
  
    Sam 24
  
  
    Dim 25
  
  
    Lun 26
  
  
    Températures
  
  
    11-29
  
  
    11-31
  
  
    14-31
  
  
    16-33
  
  
    17-31
  
  
    17-29
  
  
    Tendances
  

STADES PHENOLOGIQUES"	""	"0"	"En situatio"	"1429-1732"	"type=METEO, form=METEO
 Prévisions du 21 au 26 août 2019

  
    Mer 21
  
  
    Jeu 22
  
  
    Ven 23
  
  
    Sam 24
  
  
    Dim 25
  
  
    Lun 26
  
  
    Températures
  
  
    11-29
  
  
    11-31
  
  
    14-31
  
  
    16-33
  
  
    17-31
  
  
    17-29
  
  
    Tendances
  

STADES PHENOLOGIQUES"
"bsv_viti_mp_fronton_tarnetgaronne_n13_25062019_cle48ca82"	"urs après T1 en AB."	"H1 H3 TABLE TBODY TR TD TR TD TR TD TR TD TR TD TR TD TR TD TR TD TR TD TR TD TR TD TR TD TR TD TR TD H1"	"METEO"	"METEO
 Prévisions du 26 juinau 1er juillet 2019

  
    Mer 26
  
  
    Jeu 27
  
  
    Ven28
  
  
    Sam 29
  
  
    Dim 30
  
  
    Lun 1er
  
  
    Températures
  
  
    18-37
  
  
    19-40
  
  
    19-39
  
  
    20-38
  
  
    18-34
  
  
    20-36
  
  
    Tendances
  

STADES PHENOLOGIQUES"	""	"0"	"Cépages"	"1337-1648"	"type=METEO, form=METEO
 Prévisions du 26 juinau 1er juillet 2019

  
    Mer 26
  
  
    Jeu 27
  
  
    Ven28
  
  
    Sam 29
  
  
    Dim 30
  
  
    Lun 1er
  
  
    Températures
  
  
    18-37
  
  
    19-40
  
  
    19-39
  
  
    20-38
  
  
    18-34
  
  
    20-36
  
  
    Tendances
  

STADES PHENOLOGIQUES"
"bsv_viti_mp_fronton_tarnetgaronne_n18_30072019_cle4d7faa"	"les ambroisies"	"H1 H2 TABLE TBODY TR TD TR TD TR TD TR TD TR TD TR TD TR TD TR TD TR TD TR TD TR TD TR TD TR TD TR TD H1"	"METEO"	"METEO
 Prévisions du 31 juillet au 5 août 2019

  
    Mer 31
  
  
    Jeu 1er
  
  
    Ven 2
  
  
    Sam 3
  
  
    Dim 4
  
  
    Lun 5
  
  
    Températures
  
  
    15-25
  
  
    16-26
  
  
    15-30
  
  
    16-32
  
  
    17-31
  
  
    17-29
  
  
    Tendances
  

STADES PHENOLOGIQUES"	""	"0"	"Fronton"	"1466-1773"	"type=METEO, form=METEO
 Prévisions du 31 juillet au 5 août 2019

  
    Mer 31
  
  
    Jeu 1er
  
  
    Ven 2
  
  
    Sam 3
  
  
    Dim 4
  
  
    Lun 5
  
  
    Températures
  
  
    15-25
  
  
    16-26
  
  
    15-30
  
  
    16-32
  
  
    17-31
  
  
    17-29
  
  
    Tendances
  

STADES PHENOLOGIQUES"
"bsv_viti_mp_gaillac_n02_09042019_cle0bbe75"	"2019 Page 1 sur 7"	"H1 H2 TABLE TBODY TR TD TR TD TR TD TR TD TR TD TR TD TR TD TR TD TR TD TR TD TR TD TR TD TR TD TR TD TR TD TD H1"	"METEO"	"METEO
 Prévisions du 10 au 15 avril 2019

  
    Mer 10
  
  
    Jeu 11
  
  
    Ven 12
  
  
    Sam 13
  
  
    Dim 14
  
  
    Lun 15
  
  
    Températures
  
  
    6-15
  
  
    8-14
  
  
    6-17
  
  
    4-14
  
  
    2-12
  
  
    4-16
  
  
    Tendances
  
  
    Un épisode de grêle a eu lieu dimanche 7 avril. Il a impacté des parcelles situées sur les
    secteurs de Bernac, Castanet
  

STADES PHENOLOGIQUES"	""	"0"	"Cépages"	"2694-3126"	"type=METEO, form=METEO
 Prévisions du 10 au 15 avril 2019

  
    Mer 10
  
  
    Jeu 11
  
  
    Ven 12
  
  
    Sam 13
  
  
    Dim 14
  
  
    Lun 15
  
  
    Températures
  
  
    6-15
  
  
    8-14
  
  
    6-17
  
  
    4-14
  
  
    2-12
  
  
    4-16
  
  
    Tendances
  
  
    Un épisode de grêle a eu lieu dimanche 7 avril. Il a impacté des parcelles situées sur les
    secteurs de Bernac, Castanet
  

STADES PHENOLOGIQUES"
"bsv_viti_mp_gaillac_n13_25062019_cle0e5f7f"	"après le T1 en AB."	"H1 H2 TABLE TBODY TR TD TR TD TR TD TR TD TR TD TR TD TR TD TR TD TR TD TR TD TR TD TR TD TR TD TR TD H1"	"METEO"	"METEO
 Prévisions du 26 juinau 1er juillet 2019

  
    Mer 26
  
  
    Jeu 27
  
  
    Ven28
  
  
    Sam 29
  
  
    Dim 30
  
  
    Lun 1er
  
  
    Températures
  
  
    19-38
  
  
    20-40
  
  
    19-40
  
  
    20-38
  
  
    18-34
  
  
    20-36
  
  
    Tendances
  

STADES PHENOLOGIQUES"	""	"0"	"Cépages"	"1320-1631"	"type=METEO, form=METEO
 Prévisions du 26 juinau 1er juillet 2019

  
    Mer 26
  
  
    Jeu 27
  
  
    Ven28
  
  
    Sam 29
  
  
    Dim 30
  
  
    Lun 1er
  
  
    Températures
  
  
    19-38
  
  
    20-40
  
  
    19-40
  
  
    20-38
  
  
    18-34
  
  
    20-36
  
  
    Tendances
  

STADES PHENOLOGIQUES"
"bsv_viti_mp_gaillac_n18_30072019_cle0fe8aa"	"sur les ambroisies"	"H1 H2 TABLE TBODY TR TD TR TD TR TD TR TD TR TD TR TD TR TD TR TD TR TD TR TD TR TD TR TD TR TD TR TD TR TD H1"	"METEO"	"METEO
 Prévisions du 31 juillet au 5 août 2019

  
    Mer 31
  
  
    Jeu 1er
  
  
    Ven 2
  
  
    Sam 3
  
  
    Dim 4
  
  
    Lun 5
  
  
    Températures
  
  
    13-25
  
  
    13-27
  
  
    14-30
  
  
    14-31
  
  
    16-31
  
  
    17-28
  
  
    Tendances
  
  
    Selon les sources météorologiques, une dégradation serait possible dimanche en fin de journée.
  

STADES PHENOLOGIQUES"	""	"0"	"Cépages"	"1003-1415"	"type=METEO, form=METEO
 Prévisions du 31 juillet au 5 août 2019

  
    Mer 31
  
  
    Jeu 1er
  
  
    Ven 2
  
  
    Sam 3
  
  
    Dim 4
  
  
    Lun 5
  
  
    Températures
  
  
    13-25
  
  
    13-27
  
  
    14-30
  
  
    14-31
  
  
    16-31
  
  
    17-28
  
  
    Tendances
  
  
    Selon les sources météorologiques, une dégradation serait possible dimanche en fin de journée.
  

STADES PHENOLOGIQUES"
