01_TB_Als_cle8c6253	miscanthus	7.779025111040923
01_TB_Als_cle8c6253	tabac	5.887643097399917
01_TB_Als_cle8c6253	céréale à paille	3.3281179524440607
05_GC_Als_cle8c3f61	orge	3.6915806219897873
05_GC_Als_cle8c3f61	céréale à paille	3.6915806219897873
05_GC_Als_cle8c3f61	poireau	3.5786672255820444
05_GC_Als_cle8c3f61	maïs	3.142845617245442
05_GC_Als_cle8c3f61	céréale	2.7627901766119933
05_GC_Als_cle8c3f61	blé	2.6541494039442988
05_GC_Als_cle8c3f61	colza	2.065011008343581
05bsv_jevi_20190502_cle8f22b6	jardins familiaux	5.31972753554445
05bsv_jevi_20190502_cle8f22b6	rosier	5.254044640060895
05bsv_jevi_20190502_cle8f22b6	poirée	4.71203192044592
05bsv_jevi_20190502_cle8f22b6	fève	4.555584852753636
05bsv_jevi_20190502_cle8f22b6	épinard	4.125541899819274
05bsv_jevi_20190502_cle8f22b6	jardin	4.009592915544088
05bsv_jevi_20190502_cle8f22b6	Chou cabus blanc	3.603792478199637
05bsv_jevi_20190502_cle8f22b6	chou de Bruxelles	3.603792478199637
05bsv_jevi_20190502_cle8f22b6	figuier	3.603792478199637
05bsv_jevi_20190502_cle8f22b6	noisetier	3.603792478199637
05bsv_jevi_20190502_cle8f22b6	laitue	3.5327767525047196
05bsv_jevi_20190502_cle8f22b6	zone non agricole	3.0819330637768263
05bsv_jevi_20190502_cle8f22b6	betterave	2.923316108886099
05bsv_jevi_20190502_cle8f22b6	asperge	2.890086295154461
05bsv_jevi_20190502_cle8f22b6	haricot	2.736600268253464
05bsv_jevi_20190502_cle8f22b6	laurier	2.736600268253464
05bsv_jevi_20190502_cle8f22b6	légume à graines ou à gousses	2.736600268253464
05bsv_jevi_20190502_cle8f22b6	abricotier	2.604207215452472
05bsv_jevi_20190502_cle8f22b6	tomate	2.5592658618122957
05bsv_jevi_20190502_cle8f22b6	chou	2.552899223062583
05bsv_jevi_20190502_cle8f22b6	soja	2.4875987109150635
05bsv_jevi_20190502_cle8f22b6	concombre	2.288677692620633
05bsv_jevi_20190502_cle8f22b6	poivron	2.202105845755829
05bsv_jevi_20190502_cle8f22b6	pommier	1.958451393902329
05bsv_jevi_20190502_cle8f22b6	rosier ornemental	1.9130591426212213
05bsv_jevi_20190502_cle8f22b6	vigne	1.891902821117439
05bsv_jevi_20190502_cle8f22b6	prunier	1.8513580850048084
05bsv_jevi_20190502_cle8f22b6	tournesol	1.8513580850048084
05bsv_jevi_20190502_cle8f22b6	poirier	1.8366741235322344
05bsv_jevi_20190502_cle8f22b6	cerisier	1.7928551866615148
05bsv_jevi_20190502_cle8f22b6	pois	1.7928551866615148
05bsv_jevi_20190502_cle8f22b6	arboriculture fruitière	1.7681080575724502
05bsv_jevi_20190502_cle8f22b6	pêcher	1.7371886477924374
05bsv_jevi_20190502_cle8f22b6	poireau	1.684053719828304
05bsv_jevi_20190502_cle8f22b6	pomme de terre	1.5374252343242443
05bsv_jevi_20190502_cle8f22b6	arboriculture	1.4859303490068705
05bsv_jevi_20190502_cle8f22b6	culture légumière	1.448444792100424
05bsv_jevi_20190502_cle8f22b6	maïs	1.4061430890083095
05bsv_jevi_20190502_cle8f22b6	colza	0.8856304492059822
119_BSV_Charentes_2015-07-28_cle88a1b6	arbuste à baies	4.447601482991956
119_BSV_Charentes_2015-07-28_cle88a1b6	rosier ornemental	3.5937656437829975
119_BSV_Charentes_2015-07-28_cle88a1b6	vigne	3.1885748875649584
13_HORTI_Als_cle02386b	poinsettia	9.515917672981463
13_HORTI_Als_cle02386b	géranium	7.095677411765388
13_HORTI_Als_cle02386b	chrysanthème	6.80961713901674
13_HORTI_Als_cle02386b	culture légumière	2.7369374182539126
19bsv_jevi_20181108_cle871314	ciboule	7.459677183512913
19bsv_jevi_20181108_cle871314	jardins familiaux	5.806526249377257
19bsv_jevi_20181108_cle871314	ail	5.437968531715145
19bsv_jevi_20181108_cle871314	mâche	4.842373751344248
19bsv_jevi_20181108_cle871314	jardin	4.252722923826224
19bsv_jevi_20181108_cle871314	zone non agricole	4.0621458957230105
19bsv_jevi_20181108_cle871314	poireau	3.4859102419485466
19bsv_jevi_20181108_cle871314	maraîchage	2.979908181458572
19bsv_jevi_20181108_cle871314	arboriculture fruitière	1.8332124546379556
2015-05-28_BSV_Grandes_Cultures_01_cle8ba414	pois protéagineux de printemps	6.401303743922165
2015-05-28_BSV_Grandes_Cultures_01_cle8ba414	féverole	4.894590270104042
2015-05-28_BSV_Grandes_Cultures_01_cle8ba414	légume à graines ou à gousses	4.894590270104042
2015-05-28_BSV_Grandes_Cultures_01_cle8ba414	féverole de printemps	4.602899146543734
2015-05-28_BSV_Grandes_Cultures_01_cle8ba414	betterave	4.589371911009064
2015-05-28_BSV_Grandes_Cultures_01_cle8ba414	orge de printemps	4.449234543903255
2015-05-28_BSV_Grandes_Cultures_01_cle8ba414	pois	3.95120492580812
2015-05-28_BSV_Grandes_Cultures_01_cle8ba414	tournesol	3.8562849156436663
2015-05-28_BSV_Grandes_Cultures_01_cle8ba414	laurier	3.8159685991252696
2015-05-28_BSV_Grandes_Cultures_01_cle8ba414	prunier	3.655717912715612
2015-05-28_BSV_Grandes_Cultures_01_cle8ba414	pomme de terre	3.524674466699498
2015-05-28_BSV_Grandes_Cultures_01_cle8ba414	maïs	3.028621914413066
2015-05-28_BSV_Grandes_Cultures_01_cle8ba414	rosier ornemental	2.667606848248671
2015-05-28_BSV_Grandes_Cultures_01_cle8ba414	blé	2.601588939821468
2015-05-28_BSV_Grandes_Cultures_01_cle8ba414	céréale	2.0807004693871995
2015-05-28_BSV_Grandes_Cultures_01_cle8ba414	colza	1.7487784364526513
20160718-BSV_30_20_Cereales_Normandie_cle095921	amandier	5.33713085992966
20160718-BSV_30_20_Cereales_Normandie_cle095921	triticale	4.13891697019091
20160718-BSV_30_20_Cereales_Normandie_cle095921	céréale à paille	3.556593373584811
20160718-BSV_30_20_Cereales_Normandie_cle095921	maïs	3.4347188503935
20160718-BSV_30_20_Cereales_Normandie_cle095921	rosier ornemental	3.3223585459769764
20160718-BSV_30_20_Cereales_Normandie_cle095921	blé	2.557097121580482
20160718-BSV_30_20_Cereales_Normandie_cle095921	colza	1.5380506676157184
2017_BSV_manche_10_sem21_cle8d2aee	laitue à couper	6.51681511224872
2017_BSV_manche_10_sem21_cle8d2aee	persil	5.459159410817678
2017_BSV_manche_10_sem21_cle8d2aee	céleri	4.93028665651458
2017_BSV_manche_10_sem21_cle8d2aee	céleri à cotes	4.738762506805537
2017_BSV_manche_10_sem21_cle8d2aee	oignon	4.448705502521054
2017_BSV_manche_10_sem21_cle8d2aee	laitue	4.448705502521054
2017_BSV_manche_10_sem21_cle8d2aee	laitue batavia	4.3509676148403
2017_BSV_manche_10_sem21_cle8d2aee	légume racine	4.205825713544089
2017_BSV_manche_10_sem21_cle8d2aee	carotte	4.051603247050256
2017_BSV_manche_10_sem21_cle8d2aee	navet potager	3.5865859751258453
2017_BSV_manche_10_sem21_cle8d2aee	céleri-rave	3.5865859751258453
2017_BSV_manche_10_sem21_cle8d2aee	horticulture ornementale	3.503331135774554
2017_BSV_manche_10_sem21_cle8d2aee	salade	3.2420584273892876
2017_BSV_manche_10_sem21_cle8d2aee	chou	3.0698909959476115
2017_BSV_manche_10_sem21_cle8d2aee	poireau	3.0453104049704964
2017_BSV_manche_10_sem21_cle8d2aee	radis	2.9031656752256874
2017_BSV_manche_10_sem21_cle8d2aee	tomate	2.8504911534782527
2017_BSV_manche_33_sem44_cle8f1de5	phacélie	7.005214081127544
2017_BSV_manche_33_sem44_cle8f1de5	persil	5.65406242952791
2017_BSV_manche_33_sem44_cle8f1de5	céleri-rave	5.301975471453432
2017_BSV_manche_33_sem44_cle8f1de5	céleri	4.9406660399272315
2017_BSV_manche_33_sem44_cle8f1de5	chêne	4.492866389345509
2017_BSV_manche_33_sem44_cle8f1de5	laitue	4.327893698619577
2017_BSV_manche_33_sem44_cle8f1de5	carotte	4.279645775057928
2017_BSV_manche_33_sem44_cle8f1de5	salade	4.104688866747057
2017_BSV_manche_33_sem44_cle8f1de5	poireau	3.656293097603436
20190403_LOR_BSV_Grandes_Cultures_cle8ff1e5	orge de printemps	5.353504890006114
20190403_LOR_BSV_Grandes_Cultures_cle8ff1e5	blé tendre d'hiver	4.800418374652213
20190403_LOR_BSV_Grandes_Cultures_cle8ff1e5	orge d'hiver	4.124925090302527
20190403_LOR_BSV_Grandes_Cultures_cle8ff1e5	céréale	3.0055684002492473
20190403_LOR_BSV_Grandes_Cultures_cle8ff1e5	blé	2.515767306776415
20190403_LOR_BSV_Grandes_Cultures_cle8ff1e5	colza	2.1542336719384756
20190403_LOR_BSV_Grandes_Cultures_cle8ff1e5	floriculture	0.8700386668885148
55_02_note_commune_resistance_fongicides_maladies_cereales_2006_cle86a116	orge à six rangs	6.644680502227882
55_02_note_commune_resistance_fongicides_maladies_cereales_2006_cle86a116	orge	3.8762188794749974
55_02_note_commune_resistance_fongicides_maladies_cereales_2006_cle86a116	céréale à paille	3.682718127546324
55_02_note_commune_resistance_fongicides_maladies_cereales_2006_cle86a116	blé	3.01751634360515
55_02_note_commune_resistance_fongicides_maladies_cereales_2006_cle86a116	céréale	2.7512526066049303
BSV-18-17_cle8f1356-1	arbuste à baies	4.476472614865086
BSV-18-17_cle8f1356-1	vigne	2.998831873859548
BSV05_GC_LOR_S13_2020_cle4419d7	colza de printemps	7.0971261522686415
BSV05_GC_LOR_S13_2020_cle4419d7	blé tendre d'hiver	4.897774476893959
BSV05_GC_LOR_S13_2020_cle4419d7	blé tendre	4.525518682172577
BSV05_GC_LOR_S13_2020_cle4419d7	orge d'hiver	3.579436536039509
BSV05_GC_LOR_S13_2020_cle4419d7	orge	3.5700734799804446
BSV05_GC_LOR_S13_2020_cle4419d7	blé	2.726533403149341
BSV05_GC_LOR_S13_2020_cle4419d7	chou	2.4577550400037405
BSV05_GC_LOR_S13_2020_cle4419d7	colza	2.1428886960586726
BSV05_GC_LOR_S13_2020_cle4419d7	floriculture	0.8308274672725565
BSV971_BanCas_N04_cle08e5ae	bananier	8.059381407787049
BSV971_BanCas_N04_cle08e5ae	bananier plantain	4.30264357802156
BSV971_BanCas_N04_cle08e5ae	jardin	4.167109128997348
BSV971_BanCas_N04_cle08e5ae	arbuste à baies	3.9319062253718604
BSV971_BanCas_N04_cle08e5ae	pêcher	2.8701646838565495
BSV971_BanCas_N04_cle08e5ae	culture légumière	2.3931051438112423
BSV971_CulturesVivrieres-Bilan2018_cle81e161	pomme de terre potagère	7.000240083805533
BSV971_CulturesVivrieres-Bilan2018_cle81e161	culture légumière	2.729261682641143
BSV_01-42_cereales_Normandie_2020_cle83b764	blé tendre d'hiver	5.131149863365151
BSV_01-42_cereales_Normandie_2020_cle83b764	céréale	3.3657754730320457
BSV_01-42_cereales_Normandie_2020_cle83b764	céréale à paille	3.290989767042752
BSV_01-42_cereales_Normandie_2020_cle83b764	blé	2.886057022764224
BSV_17-VF_cle81c713	myrtille	6.803516408299951
BSV_17-VF_cle81c713	prunier	4.399004014495495
BSV_17-VF_cle81c713	cerisier	4.172794288663384
BSV_17-VF_cle81c713	framboisier	4.156937592653349
BSV_17-VF_cle81c713	pommier	2.756516922038282
BSV_17-VF_cle81c713	poirier	2.6429758541580077
BSV_17-VF_cle81c713	arboriculture fruitière	1.9949097325149343
BSV_17-VF_cle81c713	arboriculture	1.9651781342680148
BSV_2019_n14bis_cle0ca71b	vigne	3.07212893371863
BSV_5_VF_cle84611d	prunier	4.239411148425284
BSV_5_VF_cle84611d	cerisier	3.893649428744472
BSV_5_VF_cle84611d	poirier	2.9614022665227777
BSV_5_VF_cle84611d	pommier	2.678374988213438
BSV_5_VF_cle84611d	arboriculture fruitière	1.9485063548973725
BSV_5_VF_cle84611d	arboriculture	1.5575834397386723
BSV_5_VF_cle84611d	colza	0.9466445702589237
BSV_5_VF_cle84611d	floriculture	0.9142776813501295
BSV_AF_5_15_mars_2019_cle452e6e	poirier	2.973081621599177
BSV_AF_5_15_mars_2019_cle452e6e	pommier	2.7184724682449963
BSV_AF_5_15_mars_2019_cle452e6e	arboriculture	2.2411676699133145
BSV_AF_n19_du_11052017-1_cle84e61b	prunier	4.179480732492492
BSV_AF_n19_du_11052017-1_cle84e61b	oranger	3.631808017219258
BSV_AF_n19_du_11052017-1_cle84e61b	poirier	2.850727925304389
BSV_AF_n19_du_11052017-1_cle84e61b	pommier	2.6922762290465347
BSV_AF_n19_du_11052017-1_cle84e61b	arboriculture	2.476052729518227
BSV_AF_n19_du_11052017-1_cle84e61b	arboriculture fruitière	2.08914009452225
BSV_AF_n19_du_11052017-1_cle84e61b	floriculture	0.6196480989174475
BSV_AF_n30_du_25052018_cle0ca846	poirier	2.464981378629686
BSV_AF_n30_du_25052018_cle0ca846	pommier	2.2538849804389276
BSV_AF_n30_du_25052018_cle0ca846	arboriculture	1.9942517800591002
BSV_AF_n34_du_16072019_cle0a1d81	prunier	4.12106610135762
BSV_AF_n34_du_16072019_cle0a1d81	cerisier	4.038962781721599
BSV_AF_n34_du_16072019_cle0a1d81	pommier	2.6187809675128975
BSV_AF_n34_du_16072019_cle0a1d81	arboriculture	2.4638947763989445
BSV_AF_n34_du_16072019_cle0a1d81	poirier	2.1669591927926235
BSV_AF_n34_du_16072019_cle0a1d81	arboriculture fruitière	2.096266216856857
BSV_AF_n34_du_16072019_cle0a1d81	vigne	1.6852218906786645
BSV_ARBO_2017_35_cle4d79ba	noyer	5.656377388429772
BSV_ARBO_2017_35_cle4d79ba	jardin	3.072172217026356
BSV_ARBO_2017_35_cle4d79ba	culture légumière	2.9420533330764296
BSV_ARBO_2017_35_cle4d79ba	poirier	2.940442337916053
BSV_ARBO_2017_35_cle4d79ba	maraîchage	2.8857339335199645
BSV_ARBO_2017_35_cle4d79ba	horticulture ornementale	2.7985778811444355
BSV_ARBO_2017_35_cle4d79ba	pommier	2.688628351813344
BSV_ARBO_2017_35_cle4d79ba	pomme de terre	2.634476630229874
BSV_ARBO_2017_35_cle4d79ba	arboriculture fruitière	2.1204495843442666
BSV_ARBO_2017_35_cle4d79ba	arboriculture	2.114349882409329
BSV_ARBO_2017_35_cle4d79ba	floriculture	0.6927571534772035
BSV_ARBO_2018_11_cle44752f	zone non agricole	3.4884592839222157
BSV_ARBO_2018_11_cle44752f	maraîchage	3.1732126168036974
BSV_ARBO_2018_11_cle44752f	culture légumière	3.108986878551474
BSV_ARBO_2018_11_cle44752f	horticulture ornementale	3.0773740220474983
BSV_ARBO_2018_11_cle44752f	pomme de terre	2.8969248982434257
BSV_ARBO_2018_11_cle44752f	pommier	2.6480139206176396
BSV_ARBO_2018_11_cle44752f	poirier	2.4244048663002586
BSV_ARBO_2018_11_cle44752f	arboriculture	2.234319129151792
BSV_Arbo_06_20_cle882ae6	poirier	2.770180088574114
BSV_Arbo_06_20_cle882ae6	pommier	2.7184724682449963
BSV_Arbo_06_20_cle882ae6	arboriculture	2.2411676699133145
BSV_Arbo_06_20_cle882ae6	arboriculture fruitière	1.906771392087397
BSV_Arboriculture-Fruits_transformes__Bretagne-Normandie-Pays_de_la_Loire_no15_du_17-06-2020_cle0d4baf	bananier plantain	4.335555023530314
BSV_Arboriculture-Fruits_transformes__Bretagne-Normandie-Pays_de_la_Loire_no15_du_17-06-2020_cle0d4baf	poirier	2.91765973249802
BSV_Arboriculture-Fruits_transformes__Bretagne-Normandie-Pays_de_la_Loire_no15_du_17-06-2020_cle0d4baf	pommier	2.667796806142392
BSV_Arboriculture-Fruits_transformes__Bretagne-Normandie-Pays_de_la_Loire_no15_du_17-06-2020_cle0d4baf	arboriculture	2.4231537921847948
BSV_Arboriculture-Fruits_transformes__Bretagne-Normandie-Pays_de_la_Loire_no15_du_17-06-2020_cle0d4baf	vigne	2.2064688344204617
BSV_Arboriculture-Fruits_transformes__Bretagne-Normandie-Pays_de_la_Loire_no15_du_17-06-2020_cle0d4baf	arboriculture fruitière	2.132371389148691
BSV_Arboriculture-Fruits_transformes__Bretagne-Normandie-Pays_de_la_Loire_no15_du_17-06-2020_cle0d4baf	floriculture	0.807158375349669
BSV_Arboriculture-Fruits_transformes__Bretagne-Normandie-Pays_de_la_Loire_no_17_du_26-06-2018_cle861251	bananier plantain	4.368025411981703
BSV_Arboriculture-Fruits_transformes__Bretagne-Normandie-Pays_de_la_Loire_no_17_du_26-06-2018_cle861251	cerisier	3.007148190387011
BSV_Arboriculture-Fruits_transformes__Bretagne-Normandie-Pays_de_la_Loire_no_17_du_26-06-2018_cle861251	poirier	2.86017347188297
BSV_Arboriculture-Fruits_transformes__Bretagne-Normandie-Pays_de_la_Loire_no_17_du_26-06-2018_cle861251	pommier	2.615233561444013
BSV_Arboriculture-Fruits_transformes__Bretagne-Normandie-Pays_de_la_Loire_no_17_du_26-06-2018_cle861251	arboriculture	2.4007546552143406
BSV_Arboriculture-Fruits_transformes__Bretagne-Normandie-Pays_de_la_Loire_no_17_du_26-06-2018_cle861251	vigne	2.2229938006060324
BSV_Arboriculture-Fruits_transformes__Bretagne-Normandie-Pays_de_la_Loire_no_17_du_26-06-2018_cle861251	arboriculture fruitière	2.1387987958622374
BSV_Arboriculture-Fruits_transformes__Bretagne-Normandie-Pays_de_la_Loire_no_17_du_26-06-2018_cle861251	floriculture	0.8107723088677598
BSV_Arboriculture-Fruits_transformes__Bretagne-Normandie-Pays_de_la_Loire_no_1_du_13-03-2018_cle0bf736	poirier	2.955844088266703
BSV_Arboriculture-Fruits_transformes__Bretagne-Normandie-Pays_de_la_Loire_no_1_du_13-03-2018_cle0bf736	pommier	2.796950073223185
BSV_Arboriculture-Fruits_transformes__Bretagne-Normandie-Pays_de_la_Loire_no_1_du_13-03-2018_cle0bf736	arboriculture	2.391376010264214
BSV_Arboriculture-Fruits_transformes__Bretagne-Normandie-Pays_de_la_Loire_no_1_du_13-03-2018_cle0bf736	arboriculture fruitière	1.6462844718472773
BSV_Arboriculture_3_24_fevrier_2020-2-2_cle83ae58	amandier	6.315677143047609
BSV_Arboriculture_3_24_fevrier_2020-2-2_cle83ae58	abricotier	5.867529563171988
BSV_Arboriculture_3_24_fevrier_2020-2-2_cle83ae58	prunier	4.171287995565975
BSV_Arboriculture_3_24_fevrier_2020-2-2_cle83ae58	pêcher	3.792257459702976
BSV_Arboriculture_3_24_fevrier_2020-2-2_cle83ae58	arboriculture	2.3914352633616964
BSV_Arboriculture_3_24_fevrier_2020-2-2_cle83ae58	arboriculture fruitière	1.995410661612241
BSV_Arboriculture_3_24_fevrier_2020-2-2_cle83ae58	floriculture	0.9411038387759691
BSV_Arboriculture_4_14mars2017_cle063599	abricotier	5.580062875795537
BSV_Arboriculture_4_14mars2017_cle063599	prunier	3.966924927724819
BSV_Arboriculture_4_14mars2017_cle063599	pêcher	3.722292843780404
BSV_Arboriculture_4_14mars2017_cle063599	arboriculture	2.3991334309417356
BSV_Arboriculture_4_14mars2017_cle063599	arboriculture fruitière	1.8976499112532386
BSV_Arboriculture_4_14mars2017_cle063599	floriculture	0.7594549719412477
BSV_Betteraves_du_22_juillet_2020_cle8647db	betterave	4.858430397159199
BSV_Betteraves_du_29_mai_2019_cle8fbfd9	betterave	4.813369969692721
BSV_Bilan_Fruits_a_noyau_2018_cle888e1e	abricotier	5.85920029621653
BSV_Bilan_Fruits_a_noyau_2018_cle888e1e	pêcher	3.935302971109337
BSV_Bilan_Fruits_a_noyau_2018_cle888e1e	cerisier	3.5630839914082664
BSV_Bilan_Fruits_a_noyau_2018_cle888e1e	prunier	3.221721196510287
BSV_Bilan_Fruits_a_noyau_2018_cle888e1e	chêne	2.6582600448491656
BSV_Bilan_Fruits_a_noyau_2018_cle888e1e	olivier	2.6371986895660484
BSV_Bilan_Fruits_a_noyau_2018_cle888e1e	oranger	1.9527665279814619
BSV_Bilan_Fruits_a_noyau_2018_cle888e1e	arboriculture fruitière	1.7985002810254314
BSV_Bilan_Fruits_a_noyau_2018_cle888e1e	agrume	1.4381824780636863
BSV_Bilan_Fruits_a_noyau_2018_cle888e1e	laurier	1.2806652044421254
BSV_Bilan_Fruits_a_noyau_2018_cle888e1e	luzerne	1.2187083384726902
BSV_Bilan_Fruits_a_noyau_2018_cle888e1e	pommier	1.2008864598529465
BSV_Bilan_Fruits_a_noyau_2018_cle888e1e	arboriculture	0.8203116863948231
BSV_Bilan_Fruits_a_noyau_2018_cle888e1e	horticulture ornementale	0.7642954896440857
BSV_Bilan_Fruits_a_noyau_2018_cle888e1e	floriculture	0.6806777230257486
BSV_Bilan_Fruits_a_noyau_2018_cle888e1e	vigne	0.6202301556534572
BSV_Cassis_n_05_du_10_mai_2012_cle09e263	cassissier	7.592036646044106
BSV_Cassis_n_05_du_10_mai_2012_cle09e263	arbuste à baies	3.691367817455257
BSV_Cassis_n_05_du_10_mai_2012_cle09e263	vigne	2.472882651479775
BSV_Cassis_n_05_du_10_mai_2012_cle09e263	arboriculture fruitière	1.8903108773804216
BSV_Cassis_n_05_du_10_mai_2012_cle09e263	floriculture	0.9617924434928288
BSV_Cereales_paille_14_cle09e79d	blé dur	7.491748055813404
BSV_Cereales_paille_14_cle09e79d	blé tendre	5.058376718792804
BSV_Cereales_paille_14_cle09e79d	céréale à paille	4.153924707420122
BSV_Cereales_paille_14_cle09e79d	orge d'hiver	4.064267889675272
BSV_Cereales_paille_14_cle09e79d	triticale	3.6214901690663606
BSV_Cereales_paille_14_cle09e79d	oranger	3.3420982217997013
BSV_Cereales_paille_14_cle09e79d	orge de printemps	2.718395957544159
BSV_Cereales_paille_14_cle09e79d	blé	2.684139503055948
BSV_Cereales_paille_14_cle09e79d	orge	1.898363500885335
BSV_Colza_no08-05avril18_cle866147	colza	2.1686566234869025
BSV_Colza_no08-05avril18_cle866147	floriculture	0.889191543144723
BSV_Colza_no24-20nov2019_cle8157b8	mâche	6.4114700713102595
BSV_Colza_no24-20nov2019_cle8157b8	chou	3.197899859503263
BSV_Colza_no24-20nov2019_cle8157b8	colza	2.1445984329568053
BSV_Colza_no25-14nov_cle0f148b	mâche	5.883321489038828
BSV_Colza_no25-14nov_cle0f148b	chou	3.246636234015475
BSV_Colza_no25-14nov_cle0f148b	colza	2.0755336056636926
BSV_FR_08_13082019_cle8c5d91	fraisier	4.838621293047648
BSV_FR_08_13082019_cle8c5d91	olivier	4.123219214518824
BSV_FR_08_13082019_cle8c5d91	floriculture	0.9624062664960507
BSV_GC_NA_Limousin_18_20200901_cle088995	lentille potagère	6.708621349236331
BSV_GC_NA_Limousin_18_20200901_cle088995	fourrage annuel	5.954147761684159
BSV_GC_NA_Limousin_18_20200901_cle088995	protéagineux	5.954147761684159
BSV_GC_NA_Limousin_18_20200901_cle088995	oléagineux	4.774969965519401
BSV_GC_NA_Limousin_18_20200901_cle088995	féverole	4.521381977573181
BSV_GC_NA_Limousin_18_20200901_cle088995	maïs	3.231761250195787
BSV_GC_NA_Limousin_18_20200901_cle088995	céréale à paille	2.8701646838565495
BSV_GC_NA_Limousin_18_20200901_cle088995	colza	2.1623013366454615
BSV_GC_n_15_du_10_mars_2015_cle0bc9b5	chou	2.6756542417991196
BSV_GC_n_15_du_10_mars_2015_cle0bc9b5	colza	2.114432109529115
BSV_GC_n_22_du_30_avril_2013_cle82bfbf	orge à six rangs	6.953017275203566
BSV_GC_n_22_du_30_avril_2013_cle82bfbf	féverole	5.279890297678508
BSV_GC_n_22_du_30_avril_2013_cle82bfbf	luzerne	5.024456282315306
BSV_GC_n_22_du_30_avril_2013_cle82bfbf	pois protéagineux de printemps	4.835540792575483
BSV_GC_n_22_du_30_avril_2013_cle82bfbf	tournesol	4.132823661299777
BSV_GC_n_22_du_30_avril_2013_cle82bfbf	soja	3.914133425915207
BSV_GC_n_22_du_30_avril_2013_cle82bfbf	pois	3.74113598875484
BSV_GC_n_22_du_30_avril_2013_cle82bfbf	maïs	2.934187074765156
BSV_GC_n_22_du_30_avril_2013_cle82bfbf	blé	2.8741156352436037
BSV_GC_n_22_du_30_avril_2013_cle82bfbf	céréale à paille	2.733394306569483
BSV_GC_n_22_du_30_avril_2013_cle82bfbf	chou	2.212507846284621
BSV_GC_n_22_du_30_avril_2013_cle82bfbf	colza	2.073481481645299
BSV_GC_n_22_du_30_avril_2013_cle82bfbf	floriculture	0.902479035146067
BSV_GRANDES_CULTURES_2017_No5_cle8b8eff	millet	6.223545861603234
BSV_GRANDES_CULTURES_2017_No5_cle8b8eff	orge de printemps	4.722530914306611
BSV_GRANDES_CULTURES_2017_No5_cle8b8eff	jardins familiaux	3.8128065497376564
BSV_GRANDES_CULTURES_2017_No5_cle8b8eff	blé tendre	3.375224289622204
BSV_GRANDES_CULTURES_2017_No5_cle8b8eff	pomme de terre	3.170881122586082
BSV_GRANDES_CULTURES_2017_No5_cle8b8eff	orge d'hiver	3.138846198136014
BSV_GRANDES_CULTURES_2017_No5_cle8b8eff	betterave	3.138846198136014
BSV_GRANDES_CULTURES_2017_No5_cle8b8eff	zone non agricole	2.837624172035164
BSV_GRANDES_CULTURES_2017_No5_cle8b8eff	blé	2.8196284988539277
BSV_GRANDES_CULTURES_2017_No5_cle8b8eff	culture légumière	2.7497704024152876
BSV_GRANDES_CULTURES_2017_No5_cle8b8eff	céréale à paille	2.66263373805835
BSV_GRANDES_CULTURES_2017_No5_cle8b8eff	orge	2.66263373805835
BSV_GRANDES_CULTURES_2017_No5_cle8b8eff	maraîchage	2.5811924668144997
BSV_GRANDES_CULTURES_2017_No5_cle8b8eff	horticulture ornementale	2.503234293603917
BSV_GRANDES_CULTURES_2017_No5_cle8b8eff	colza	2.1441783312220375
BSV_GRANDES_CULTURES_2017_No5_cle8b8eff	arboriculture	1.5954849400300906
BSV_GRANDES_CULTURES_2018_No38_cle0b961f	mâche	5.558530076136133
BSV_GRANDES_CULTURES_2018_No38_cle0b961f	jardins familiaux	4.26265975280171
BSV_GRANDES_CULTURES_2018_No38_cle0b961f	oignon	3.6365014423414523
BSV_GRANDES_CULTURES_2018_No38_cle0b961f	pomme de terre	3.328435527768049
BSV_GRANDES_CULTURES_2018_No38_cle0b961f	céréale	3.030852020420319
BSV_GRANDES_CULTURES_2018_No38_cle0b961f	pêcher	2.976784036539761
BSV_GRANDES_CULTURES_2018_No38_cle0b961f	culture légumière	2.9420533330764296
BSV_GRANDES_CULTURES_2018_No38_cle0b961f	maraîchage	2.8857339335199645
BSV_GRANDES_CULTURES_2018_No38_cle0b961f	horticulture ornementale	2.7985778811444355
BSV_GRANDES_CULTURES_2018_No38_cle0b961f	blé	2.7960619085426655
BSV_GRANDES_CULTURES_2018_No38_cle0b961f	chou	2.409516263976167
BSV_GRANDES_CULTURES_2018_No38_cle0b961f	colza	2.1204495843442666
BSV_GRANDES_CULTURES_2018_No38_cle0b961f	arboriculture	1.7837279052448822
BSV_Grandes_Cultures_Lin__Oleagineux_n19_NR_02052018_cle06c988	lin oléagineux de printemps	7.012732879815559
BSV_Grandes_Cultures_Lin__Oleagineux_n19_NR_02052018_cle06c988	lin oléagineux	6.765439093741648
BSV_Grandes_Cultures_Lin__Oleagineux_n19_NR_02052018_cle06c988	lin oléagineux d'hiver	6.27821175484606
BSV_Grandes_Cultures_Lin__Oleagineux_n19_NR_02052018_cle06c988	lin	5.5615834663596
BSV_Grandes_Cultures_Lin__Oleagineux_n2_NR_17102017_cle4cd66c	lin oléagineux	6.843105902774434
BSV_Grandes_Cultures_Lin__Oleagineux_n2_NR_17102017_cle4cd66c	lin oléagineux d'hiver	6.351753689184608
BSV_Grandes_Cultures_Lin__Oleagineux_n2_NR_17102017_cle4cd66c	lin	5.453423071069358
BSV_Grandes_Cultures_Lin__Oleagineux_n2_NR_17102017_cle4cd66c	colza	1.6104456103273876
BSV_Horticulture_n_14_du_21_octobre_2011_cle036c85	chrysanthème	8.353540450887909
BSV_JEVI_4_24_juillet_2019_cle4fa1b8	palmier	7.833308561190633
BSV_JEVI_4_24_juillet_2019_cle4fa1b8	chêne	5.538668459591741
BSV_JEVI_4_24_juillet_2019_cle4fa1b8	vigne de table	5.438193503038392
BSV_JEVI_4_24_juillet_2019_cle4fa1b8	goyavier	5.438193503038392
BSV_JEVI_4_24_juillet_2019_cle4fa1b8	ananas	5.438193503038392
BSV_JEVI_4_24_juillet_2019_cle4fa1b8	manguier	4.8265964030608615
BSV_JEVI_4_24_juillet_2019_cle4fa1b8	citronnier	4.8265964030608615
BSV_JEVI_4_24_juillet_2019_cle4fa1b8	figuier	4.8265964030608615
BSV_JEVI_4_24_juillet_2019_cle4fa1b8	bananier	4.4209870475345046
BSV_JEVI_4_24_juillet_2019_cle4fa1b8	courge	4.4209870475345046
BSV_JEVI_4_24_juillet_2019_cle4fa1b8	amandier	4.1159582317127485
BSV_JEVI_4_24_juillet_2019_cle4fa1b8	agrume	4.1159582317127485
BSV_JEVI_4_24_juillet_2019_cle4fa1b8	olivier	3.8373477107438045
BSV_JEVI_4_24_juillet_2019_cle4fa1b8	laurier	3.6651569398818915
BSV_JEVI_4_24_juillet_2019_cle4fa1b8	abricotier	3.48784155995781
BSV_JEVI_4_24_juillet_2019_cle4fa1b8	melon	3.48784155995781
BSV_JEVI_4_24_juillet_2019_cle4fa1b8	cerisier	3.1241953058207166
BSV_JEVI_4_24_juillet_2019_cle4fa1b8	tomate	3.1241953058207166
BSV_JEVI_4_24_juillet_2019_cle4fa1b8	pêcher	3.027191855279961
BSV_JEVI_4_24_juillet_2019_cle4fa1b8	poivron	2.9493030518766714
BSV_JEVI_4_24_juillet_2019_cle4fa1b8	vigne	2.718845944748026
BSV_JEVI_4_24_juillet_2019_cle4fa1b8	oranger	2.5621798237481026
BSV_JEVI_4_24_juillet_2019_cle4fa1b8	rosier ornemental	2.5621798237481026
BSV_JEVI_4_24_juillet_2019_cle4fa1b8	zone non agricole	2.4795429614542983
BSV_JEVI_4_24_juillet_2019_cle4fa1b8	horticulture ornementale	2.1873499086825863
BSV_JEVI_4_24_juillet_2019_cle4fa1b8	culture légumière	1.9399170362541793
BSV_JEVI_4_24_juillet_2019_cle4fa1b8	arboriculture	1.813932929131646
BSV_JEVI_4_24_juillet_2019_cle4fa1b8	poirier	1.7232295213121929
BSV_JEVI_4_24_juillet_2019_cle4fa1b8	arboriculture fruitière	1.5432827551752515
BSV_JEVI_4_24_juillet_2019_cle4fa1b8	floriculture	0.5414543960370007
BSV_KIWI_NA_N_3_2017-02-23_cle483144	actinidia	6.535764212486874
BSV_LIN_FIBRE_2020_No6_cle0365b1	lin	5.493339939756961
BSV_Legumes_082019_cle841c8f-1	chicorée endive	6.194884117071111
BSV_Legumes_082019_cle841c8f-1	navet potager	5.2827877342293466
BSV_Legumes_082019_cle841c8f-1	oignon	4.6383704231904765
BSV_Legumes_082019_cle841c8f-1	chou pommé	4.2261461106355895
BSV_Legumes_082019_cle841c8f-1	carotte	3.763752385308721
BSV_Legumes_082019_cle841c8f-1	pois	3.381994356752008
BSV_Legumes_082019_cle841c8f-1	poireau	3.2764535299213584
BSV_Legumes_082019_cle841c8f-1	chou	3.1663767231464353
BSV_Legumes_082019_cle841c8f-1	céleri	3.136092043826713
BSV_Legumes_082019_cle841c8f-1	salade	3.0819005775844563
BSV_Legumes_082019_cle841c8f-1	échalote	3.0539383889196086
BSV_Legumes_082019_cle841c8f-1	culture légumière	2.9475677943406784
BSV_Legumes_082019_cle841c8f-1	ciboule	2.7627870521737523
BSV_Legumes_082019_cle841c8f-1	haricot vert	2.7627870521737523
BSV_Legumes_082019_cle841c8f-1	ail	2.3560113919308705
BSV_Legumes_082019_cle841c8f-1	scorsonère	2.3560113919308705
BSV_Legumes_082019_cle841c8f-1	épinard	2.215636178891883
BSV_Legumes_082019_cle841c8f-1	haricot	2.0979686909949358
BSV_Legumes_082019_cle841c8f-1	ciboulette	1.996471777871051
BSV_Legumes_082019_cle841c8f-1	radis	1.9070758238980738
BSV_Legumes_082019_cle841c8f-1	concombre	1.7545763619913148
BSV_Legumes_082019_cle841c8f-1	olivier	1.6882075077779508
BSV_Legumes_082019_cle841c8f-1	tomate	1.3744623548927324
BSV_Legumes_082019_cle841c8f-1	pomme de terre	1.1786412666020663
BSV_Legumes_082019_cle841c8f-1	floriculture	0.47409503484633053
BSV_Legumes_322019_2__cle44e13b	chicorée endive	6.76508520712737
BSV_Legumes_322019_2__cle44e13b	épinard	6.369703845419267
BSV_Legumes_322019_2__cle44e13b	haricot vert	5.424625253347574
BSV_Legumes_322019_2__cle44e13b	haricot	5.137180929416639
BSV_Legumes_322019_2__cle44e13b	haricot demi-sec	4.968759759479686
BSV_Legumes_322019_2__cle44e13b	scorsonère	4.625937016675653
BSV_Legumes_322019_2__cle44e13b	carotte	3.9514240788949824
BSV_Legumes_322019_2__cle44e13b	poireau	3.880499499788233
BSV_Legumes_322019_2__cle44e13b	pois	3.840017150565155
BSV_Legumes_322019_2__cle44e13b	culture légumière	3.4080773502613373
BSV_Legumes_322019_2__cle44e13b	olivier	3.3147299833976858
BSV_Legumes_322019_2__cle44e13b	oignon	3.194430072674488
BSV_Legumes_322019_2__cle44e13b	oranger	2.8796411000321904
BSV_Legumes_322019_2__cle44e13b	salade	2.6987035407815374
BSV_Legumes_322019_2__cle44e13b	chou	2.6396297423060253
BSV_Legumes_322019_2__cle44e13b	floriculture	0.6085421164313033
BSV_Lin_09_cle07fbd6	lin oléagineux	6.849252794107131
BSV_Lin_09_cle07fbd6	lin oléagineux d'hiver	6.359586345605032
BSV_Lin_09_cle07fbd6	lin	5.457736027027522
BSV_Lin_bilan_cle8a2881	lin oléagineux	6.491428883259992
BSV_Lin_bilan_cle8a2881	lin oléagineux d'hiver	6.0467548751752425
BSV_Lin_bilan_cle8a2881	lin	5.586857992721087
BSV_Lin_bilan_cle8a2881	lin oléagineux de printemps	4.648621458283132
BSV_Lin_bilan_cle8a2881	oléagineux	4.070023914594181
BSV_Lin_bilan_cle8a2881	céréale	2.101368842181999
BSV_Lin_bilan_cle8a2881	floriculture	0.7276689079407042
BSV_MARAICHAGE_2018-17_cle04f12d	persil	4.335555023530314
BSV_MARAICHAGE_2018-17_cle04f12d	carotte	4.235955790725172
BSV_MARAICHAGE_2018-17_cle04f12d	salade	3.8341567150602023
BSV_MARAICHAGE_2018-17_cle04f12d	poireau	3.818815414618206
BSV_MARAICHAGE_2018-17_cle04f12d	laitue	3.533072775167997
BSV_MARAICHAGE_2018-17_cle04f12d	chou	3.3222761128657017
BSV_MARAICHAGE_2018-17_cle04f12d	zone non agricole	3.0821913088054527
BSV_MARAICHAGE_2018-17_cle04f12d	culture légumière	2.8918784199677394
BSV_MARAICHAGE_2018-17_cle04f12d	maraîchage	2.8036584499010146
BSV_MARAICHAGE_2018-17_cle04f12d	horticulture ornementale	2.7189812730260816
BSV_MARAICHAGE_2018-17_cle04f12d	pomme de terre	2.559547357992641
BSV_MARAICHAGE_2018-17_cle04f12d	arboriculture	1.7329954628783009
BSV_MARAICHAGE_2019_07_cle0cc493	moutarde	6.028710204662206
BSV_MARAICHAGE_2019_07_cle0cc493	panais	4.292379528712599
BSV_MARAICHAGE_2019_07_cle0cc493	fenouil	4.292379528712599
BSV_MARAICHAGE_2019_07_cle0cc493	carotte	4.015552134028129
BSV_MARAICHAGE_2019_07_cle0cc493	persil	3.8665755444366625
BSV_MARAICHAGE_2019_07_cle0cc493	cerfeuil	3.8096444310562165
BSV_MARAICHAGE_2019_07_cle0cc493	manguier	3.8096444310562165
BSV_MARAICHAGE_2019_07_cle0cc493	citronnier	3.8096444310562165
BSV_MARAICHAGE_2019_07_cle0cc493	poivron	3.7791300306761904
BSV_MARAICHAGE_2019_07_cle0cc493	pomme de terre	3.533288401838711
BSV_MARAICHAGE_2019_07_cle0cc493	bananier	3.4894959675374193
BSV_MARAICHAGE_2019_07_cle0cc493	courge	3.4894959675374193
BSV_MARAICHAGE_2019_07_cle0cc493	salade	3.3368245036083297
BSV_MARAICHAGE_2019_07_cle0cc493	tomate	3.3368245036083297
BSV_MARAICHAGE_2019_07_cle0cc493	céleri	3.2695587966033335
BSV_MARAICHAGE_2019_07_cle0cc493	agrume	3.2487359717834567
BSV_MARAICHAGE_2019_07_cle0cc493	laitue	3.1508982621689547
BSV_MARAICHAGE_2019_07_cle0cc493	épinard	3.0551706920448156
BSV_MARAICHAGE_2019_07_cle0cc493	chou	2.9361191046979447
BSV_MARAICHAGE_2019_07_cle0cc493	haricot	2.892917401611055
BSV_MARAICHAGE_2019_07_cle0cc493	melon	2.752961935427885
BSV_MARAICHAGE_2019_07_cle0cc493	culture légumière	2.4857393763125173
BSV_MARAICHAGE_2019_07_cle0cc493	concombre	2.419409075000512
BSV_MARAICHAGE_2019_07_cle0cc493	pêcher	1.8364184668765273
BSV_MARAICHAGE_2019_07_cle0cc493	maraîchage	1.7802484227805755
BSV_MARAICHAGE_2019_07_cle0cc493	horticulture ornementale	1.726480671369046
BSV_MARAICHAGE_2019_07_cle0cc493	arboriculture	1.5455363474844575
BSV_MARAICHAGE_2019_07_cle0cc493	arboriculture fruitière	1.5198690985386358
BSV_MARAICHAGE_2019_07_cle0cc493	poirier	1.3601493062762482
BSV_MARAICHAGE_2019_07_cle0cc493	colza	0.9362184779510164
BSV_MARAICHAGE_2019_07_cle0cc493	floriculture	0.6002492630914447
BSV_MARAICHAGE_Nord_NA_24_20201021_cle8b8312	ciboulette	5.404217147407827
BSV_MARAICHAGE_Nord_NA_24_20201021_cle8b8312	céleri	4.923662636161583
BSV_MARAICHAGE_Nord_NA_24_20201021_cle8b8312	carotte	4.061037930130174
BSV_MARAICHAGE_Nord_NA_24_20201021_cle8b8312	maraîchage	3.912246606435908
BSV_MARAICHAGE_Nord_NA_24_20201021_cle8b8312	poireau	3.8857190322862722
BSV_MARAICHAGE_Nord_NA_24_20201021_cle8b8312	radis	3.43435698064926
BSV_MARAICHAGE_Nord_NA_24_20201021_cle8b8312	salade	3.1861730107784427
BSV_MARAICHAGE_Nord_NA_24_20201021_cle8b8312	chou	3.1850873746733113
BSV_MARAICHAGE_Nord_NA_24_20201021_cle8b8312	culture légumière	2.846660893589333
BSV_MARAICHAGE_Nord_NA_24_20201021_cle8b8312	tomate	2.4752001593292516
BSV_MARAICHAGE_Nord_NA_24_20201021_cle8b8312	jardin	2.4752001593292516
BSV_NA_CHATAIGNIER_GSO_09_20190919_cle868eba	châtaignier	6.655696631543148
BSV_NA_CULTURES_LEGUMIERES-Nord_NA__20_20170830_cle02661b	chou-navet à chair jaune	6.933738448474625
BSV_NA_CULTURES_LEGUMIERES-Nord_NA__20_20170830_cle02661b	melon	5.483873832036745
BSV_NA_CULTURES_LEGUMIERES-Nord_NA__20_20170830_cle02661b	céleri	5.06671466059515
BSV_NA_CULTURES_LEGUMIERES-Nord_NA__20_20170830_cle02661b	ciboulette	4.447024754259917
BSV_NA_CULTURES_LEGUMIERES-Nord_NA__20_20170830_cle02661b	radis	4.247900466776907
BSV_NA_CULTURES_LEGUMIERES-Nord_NA__20_20170830_cle02661b	carotte	4.211795440196448
BSV_NA_CULTURES_LEGUMIERES-Nord_NA__20_20170830_cle02661b	maraîchage	3.8998430378600655
BSV_NA_CULTURES_LEGUMIERES-Nord_NA__20_20170830_cle02661b	tomate	3.875755244431649
BSV_NA_CULTURES_LEGUMIERES-Nord_NA__20_20170830_cle02661b	poireau	3.5462378228247116
BSV_NA_CULTURES_LEGUMIERES-Nord_NA__20_20170830_cle02661b	betterave	2.659095931030378
BSV_NA_CULTURES_LEGUMIERES-Nord_NA__20_20170830_cle02661b	culture légumière	1.8807469404886823
BSV_NA_CULTURES__LEGUMIERES-Nord_Nouvelle_Aquitaine_n_28_cle424df5	ciboulette	5.56929452909598
BSV_NA_CULTURES__LEGUMIERES-Nord_Nouvelle_Aquitaine_n_28_cle424df5	céleri	5.230292367054885
BSV_NA_CULTURES__LEGUMIERES-Nord_Nouvelle_Aquitaine_n_28_cle424df5	melon	5.199404691545286
BSV_NA_CULTURES__LEGUMIERES-Nord_Nouvelle_Aquitaine_n_28_cle424df5	carotte	4.235955790725172
BSV_NA_CULTURES__LEGUMIERES-Nord_Nouvelle_Aquitaine_n_28_cle424df5	maraîchage	3.8773116013389433
BSV_NA_CULTURES__LEGUMIERES-Nord_Nouvelle_Aquitaine_n_28_cle424df5	poireau	3.7343073473073614
BSV_NA_CULTURES__LEGUMIERES-Nord_Nouvelle_Aquitaine_n_28_cle424df5	tomate	2.9847940919870974
BSV_NA_GC_AQUITAINE_N09_20190404_cle0279a3	triticale	5.101298772201595
BSV_NA_GC_AQUITAINE_N09_20190404_cle0279a3	blé dur	4.511705154313061
BSV_NA_GC_AQUITAINE_N09_20190404_cle0279a3	blé tendre	4.307214356459168
BSV_NA_GC_AQUITAINE_N09_20190404_cle0279a3	oléagineux	3.9501491008549174
BSV_NA_GC_AQUITAINE_N09_20190404_cle0279a3	orge	3.926816090654313
BSV_NA_GC_AQUITAINE_N09_20190404_cle0279a3	prairie	3.5594116368797493
BSV_NA_GC_AQUITAINE_N09_20190404_cle0279a3	soja	3.4000319740223595
BSV_NA_GC_AQUITAINE_N09_20190404_cle0279a3	céréale à paille	3.3978584172375585
BSV_NA_GC_AQUITAINE_N09_20190404_cle0279a3	blé tendre d'hiver	3.2574014812421863
BSV_NA_GC_AQUITAINE_N09_20190404_cle0279a3	blé	2.8528854971884785
BSV_NA_GC_AQUITAINE_N09_20190404_cle0279a3	tournesol	2.5304228759893737
BSV_NA_GC_AQUITAINE_N09_20190404_cle0279a3	colza	2.0853965287072413
BSV_NA_GC_AQUITAINE_N09_20190404_cle0279a3	céréale	2.0394770194703935
BSV_NA_GC_AQUITAINE_N09_20190404_cle0279a3	maïs	1.9219062309773245
BSV_NA_GC_AQUITAINE_N09_20190404_cle0279a3	floriculture	0.9018152575611302
BSV_NA_GC_Aquitaine_N5_20180322_cle4a4445	blé dur	5.10450041114018
BSV_NA_GC_Aquitaine_N5_20180322_cle4a4445	blé tendre	4.559814144299633
BSV_NA_GC_Aquitaine_N5_20180322_cle4a4445	triticale	4.549292300522909
BSV_NA_GC_Aquitaine_N5_20180322_cle4a4445	oléagineux	4.469161219478886
BSV_NA_GC_Aquitaine_N5_20180322_cle4a4445	prairie	4.027084559482075
BSV_NA_GC_Aquitaine_N5_20180322_cle4a4445	céréale à paille	3.597128350023473
BSV_NA_GC_Aquitaine_N5_20180322_cle4a4445	orge	3.31605872654959
BSV_NA_GC_Aquitaine_N5_20180322_cle4a4445	céréale	2.848336981240614
BSV_NA_GC_Aquitaine_N5_20180322_cle4a4445	blé	2.384159034774626
BSV_NA_GC_Aquitaine_N5_20180322_cle4a4445	maïs	2.1744264774966937
BSV_NA_GC_Aquitaine_N5_20180322_cle4a4445	chou	2.1744264774966937
BSV_NA_GC_Aquitaine_N5_20180322_cle4a4445	colza	2.1483699237803084
BSV_NA_GC_Aquitaine_N5_20180322_cle4a4445	floriculture	0.8371236763789756
BSV_NA_KIWI_15_20190613_cle86b7d5	actinidia	6.535764212486874
BSV_NA_KIWI_9_20200409_cle0a82f1	actinidia	6.492347578734546
BSV_NA_PETITS_FRUITS_05_20190313-1_cle8c1a16	framboisier	6.4234424111048645
BSV_NA_PETITS_FRUITS_05_20190313-1_cle8c1a16	géranium	5.33713085992966
BSV_NA_PETITS_FRUITS_05_20190313-1_cle8c1a16	rosier	4.752580349239604
BSV_NA_PETITS_FRUITS_05_20190313-1_cle8c1a16	mâche	4.752580349239604
BSV_NA_PETITS_FRUITS_05_20190313-1_cle8c1a16	fraisier	4.696783428473064
BSV_NA_PETITS_FRUITS_05_20190313-1_cle8c1a16	melon	4.5226568823682785
BSV_NA_PETITS_FRUITS_05_20190313-1_cle8c1a16	rosier ornemental	3.916657801424585
BSV_NA_PETITS_FRUITS_05_20190313-1_cle8c1a16	olivier	3.8243382093082072
BSV_NA_PETITS_FRUITS_05_20190313-1_cle8c1a16	oranger	3.3223585459769764
BSV_NA_PETITS_FRUITS_05_20190313-1_cle8c1a16	pomme de terre	3.147612326230795
BSV_NA_PETITS_FRUITS_05_20190313-1_cle8c1a16	floriculture	0.948936481638169
BSV_NA_POMMIER_NORD_18_20170719_cle4a8443	jardin	3.0508590927506445
BSV_NA_POMMIER_NORD_18_20170719_cle4a8443	pommier	2.8504431284686076
BSV_NA_POMMIER_NORD_18_20170719_cle4a8443	arboriculture fruitière	2.1417442464731278
BSV_NA_POMMIER_POIRIER_LIMOUSIN_01_20200124_cle837b7a	poirier	3.119338257349902
BSV_NA_POMMIER_POIRIER_LIMOUSIN_01_20200124_cle837b7a	pommier	2.805650716069638
BSV_NA_POMMIER_POIRIER_LIMOUSIN_01_20200124_cle837b7a	arboriculture fruitière	1.9826193102645777
BSV_NA_POMMIER_POIRIER_LIMOUSIN_01_20200124_cle837b7a	floriculture	0.6927571534772035
BSV_NA_POMMIER_POIRIER_Sud_18_20180726_cle8d7184	châtaignier	4.005734861264186
BSV_NA_POMMIER_POIRIER_Sud_18_20180726_cle8d7184	poirier	3.072965707186919
BSV_NA_POMMIER_POIRIER_Sud_18_20180726_cle8d7184	pommier	2.849803929390339
BSV_NA_POMMIER_POIRIER_Sud_18_20180726_cle8d7184	arboriculture fruitière	2.0481057036659798
BSV_NA_POMMIER_POIRIER_Sud_8_20190404_cle0177e8	châtaignier	3.5533646915148474
BSV_NA_POMMIER_POIRIER_Sud_8_20190404_cle0177e8	poirier	3.073379449594804
BSV_NA_POMMIER_POIRIER_Sud_8_20190404_cle0177e8	pommier	2.848759167207082
BSV_NA_POMMIER_POIRIER_Sud_8_20190404_cle0177e8	arboriculture fruitière	1.8649382493212243
BSV_NA_POMMIER_POIRIER_Sud_8_20190404_cle0177e8	floriculture	0.8194752974701442
BSV_NA_VIGNE_CHARENTE_03_20170419_cle86a6e5	arbuste à baies	4.194053284738928
BSV_NA_VIGNE_CHARENTE_03_20170419_cle86a6e5	vigne	3.233332090095069
BSV_NA_VIGNE_Limousin_06_20180515_cle841333	arbuste à baies	3.7043386432765746
BSV_NA_VIGNE_Limousin_06_20180515_cle841333	vigne	3.2156555560941524
BSV_NA_VIGNE_Limousin_06_20180515_cle841333	floriculture	0.7569704198776255
BSV_NA_VIGNE_Limousin_18_20180807_cle8eb5f7	arbuste à baies	4.608120344084699
BSV_NA_VIGNE_Limousin_18_20180807_cle8eb5f7	rosier ornemental	3.527302657264672
BSV_NA_VIGNE_Limousin_18_20180807_cle8eb5f7	vigne	3.2102790953742497
BSV_NA_VIGNE_Sud_Aquitaine_17_20190716_cle841a78	arbuste à baies	4.371290265236276
BSV_NA_VIGNE_Sud_Aquitaine_17_20190716_cle841a78	vigne	3.242054532974834
BSV_Olivier_20200902_N13_cle8395b6	olivier fruit à noyaux	8.746906701483548
BSV_Olivier_20200902_N13_cle8395b6	olivier	3.896593765948614
BSV_Olivier_20200902_N13_cle8395b6	arboriculture fruitière	2.1213898228210213
BSV_Ornement_Normandie_n-09-2017_cle03389c	noisetier	6.699032990497596
BSV_Ornement_Normandie_n-09-2017_cle03389c	chêne	4.840919713313626
BSV_Ornement_Normandie_n-09-2017_cle03389c	horticulture ornementale	3.65613393051743
BSV_Ornement_Normandie_n-09-2017_cle03389c	oranger	3.5561554630900885
BSV_Ornement_Normandie_n-09-2017_cle03389c	cerisier	3.3327102254873178
BSV_Ornement_Normandie_n-09-2017_cle03389c	culture légumière	3.0849906552281463
BSV_Ornement_Normandie_n-09-2017_cle03389c	poirier	2.8803612526417615
BSV_Ornement_Normandie_n-09-2017_cle03389c	pommier	2.6336924983897876
BSV_Ornement_Normandie_n-09-2017_cle03389c	floriculture	0.7515069748946813
BSV_PETITS_FRUITS_NA_01_20200114_cle04ef97	géranium	5.666358884472318
BSV_PETITS_FRUITS_NA_01_20200114_cle04ef97	framboisier	5.045749597085448
BSV_PETITS_FRUITS_NA_01_20200114_cle04ef97	rosier	5.045749597085448
BSV_PETITS_FRUITS_NA_01_20200114_cle04ef97	melon	4.801642994971482
BSV_PETITS_FRUITS_NA_01_20200114_cle04ef97	fraisier	4.692767066320612
BSV_PETITS_FRUITS_NA_01_20200114_cle04ef97	olivier	4.060247604613936
BSV_PETITS_FRUITS_NA_01_20200114_cle04ef97	rosier ornemental	4.055551245140983
BSV_PETITS_FRUITS_NA_01_20200114_cle04ef97	oranger	3.527302657264672
BSV_PETITS_FRUITS_NA_01_20200114_cle04ef97	pomme de terre	3.259233697726503
BSV_PETITS_FRUITS_NA_01_20200114_cle04ef97	floriculture	0.9264118111409197
BSV_Presentation_du_reseau_2018_cle4a84c9	noyer	7.622546587095356
BSV_Presentation_du_reseau_2018_cle4a84c9	actinidia	5.334504493645917
BSV_Presentation_du_reseau_2018_cle4a84c9	abricotier	4.167198968068422
BSV_Presentation_du_reseau_2018_cle4a84c9	cerisier	3.7689578531773953
BSV_Presentation_du_reseau_2018_cle4a84c9	olivier	3.523764604275826
BSV_Presentation_du_reseau_2018_cle4a84c9	pêcher	3.3863333112489187
BSV_Presentation_du_reseau_2018_cle4a84c9	pommier	2.7167024698756337
BSV_Presentation_du_reseau_2018_cle4a84c9	poirier	2.508098773341865
BSV_Presentation_du_reseau_2018_cle4a84c9	arboriculture	2.188287251328492
BSV_Presentation_du_reseau_2018_cle4a84c9	arboriculture fruitière	2.110025980773618
BSV_RA_ARBO_no19du19062018_cle4af8d5-1	abricotier	4.959223080882378
BSV_RA_ARBO_no19du19062018_cle4af8d5-1	noyer	3.810511813023175
BSV_RA_ARBO_no19du19062018_cle4af8d5-1	gel	3.547603124645662
BSV_RA_ARBO_no19du19062018_cle4af8d5-1	pêcher	3.443739426306604
BSV_RA_ARBO_no19du19062018_cle4af8d5-1	cerisier	3.144065817977541
BSV_RA_ARBO_no19du19062018_cle4af8d5-1	poirier	2.5784276723439388
BSV_RA_ARBO_no19du19062018_cle4af8d5-1	pommier	2.332186743501028
BSV_RA_ARBO_no19du19062018_cle4af8d5-1	châtaignier	2.0553134648537648
BSV_RA_ARBO_no19du19062018_cle4af8d5-1	actinidia	2.0553134648537648
BSV_RA_ARBO_no19du19062018_cle4af8d5-1	céréale à paille	2.0053596068847948
BSV_RA_ARBO_no19du19062018_cle4af8d5-1	arboriculture fruitière	2.001780861071853
BSV_RA_ARBO_no19du19062018_cle4af8d5-1	prunier	1.8126746247433843
BSV_RA_ARBO_no19du19062018_cle4af8d5-1	tournesol	1.8126746247433843
BSV_RA_ARBO_no19du19062018_cle4af8d5-1	horticulture ornementale	1.5990663346192493
BSV_RA_ARBO_no19du19062018_cle4af8d5-1	zone non agricole	1.390455611847449
BSV_RA_ARBO_no19du19062018_cle4af8d5-1	jardin	1.3465172273881496
BSV_RA_ARBO_no19du19062018_cle4af8d5-1	arboriculture	1.3462269524285972
BSV_RA_ARBO_no19du19062018_cle4af8d5-1	olivier	0.9735724583919703
BSV_RA_ARBO_no19du19062018_cle4af8d5-1	oranger	0.845782093590379
BSV_RA_ARBO_no19du19062018_cle4af8d5-1	floriculture	0.3036318850823812
BSV_Tomate_d_industrie_no3_cle4bdce9-2	oranger	3.6686904766415376
BSV_ZNA-PO_20190527_N2_cle048919	palmier	7.4996088863371
BSV_ZNA-PO_20190527_N2_cle048919	agrume	6.982168596843045
BSV_ZNA-PO_20190527_N2_cle048919	laurier	6.108967482715727
BSV_ZNA-PO_20190527_N2_cle048919	rosier	5.710440991870296
BSV_ZNA-PO_20190527_N2_cle048919	rosier ornemental	4.270560165604221
BSV_ZNA-PO_20190527_N2_cle048919	horticulture ornementale	3.758212201222684
BSV_ZNA-PO_20190527_N2_cle048919	olivier	3.4649222402537525
BSV_ZNA-PO_20190527_N2_cle048919	zone non agricole	2.913035182105427
BSV_ZNA-PO_20190527_N2_cle048919	jardin	2.8209832973244726
BSV_ZNA-PO_20190527_N2_cle048919	arboriculture	2.0083610733632566
BSV_ZNA-PO_20190527_N2_cle048919	arboriculture fruitière	1.848037683640954
BSV_ZNA-PO_20190527_N2_cle048919	floriculture	0.7799992903887114
BSV_ZNA_2018_N09_cle4f1dfc	zone non agricole	4.34629451649672
BSV_ZNA_2018_N09_cle4f1dfc	céréale à paille	3.7495883100438676
BSV_ZNA_2018_N09_cle4f1dfc	vigne	2.5219072370864817
BSV_ZNA_n_04_du_29_avril_2011_cle8fd486	palmier	7.880333999521531
BSV_ZNA_n_04_du_29_avril_2011_cle8fd486	châtaignier	6.266582565376723
BSV_ZNA_n_04_du_29_avril_2011_cle8fd486	zone non agricole	4.434248727200555
BSV_ZNA_n_04_du_29_avril_2011_cle8fd486	jardin	4.105486353017373
BSV_ZNA_n_04_du_29_avril_2011_cle8fd486	horticulture ornementale	2.6563089295676043
BSV_ZNA_n_05_du_31_mai_2013_cle0dcf4b	rosier	6.1262985494445585
BSV_ZNA_n_05_du_31_mai_2013_cle0dcf4b	zone non agricole	4.470731866864172
BSV_ZNA_n_05_du_31_mai_2013_cle0dcf4b	chêne	4.462475895552147
BSV_ZNA_n_05_du_31_mai_2013_cle0dcf4b	jardin	4.255039169012295
BSV_ZNA_n_05_du_31_mai_2013_cle0dcf4b	arboriculture fruitière	1.7988756141558107
BSV_ZNA_n_05_du_31_mai_2013_cle0dcf4b	floriculture	0.6927571534772035
BSV_ZNA_n_13_du_21_septembre_2012_cle82a3a6	rosier	6.431397090542154
BSV_ZNA_n_13_du_21_septembre_2012_cle82a3a6	chêne	4.551815145289668
BSV_ZNA_n_13_du_21_septembre_2012_cle82a3a6	zone non agricole	4.443753200196567
BSV_ZNA_n_13_du_21_septembre_2012_cle82a3a6	jardin	4.173516003858233
BSV_ZNA_n_13_du_21_septembre_2012_cle82a3a6	arboriculture fruitière	1.820047456441368
BSV_ZNA_n_13_du_21_septembre_2012_cle82a3a6	floriculture	0.7066262265636579
BSV_arbo_27_cle4dff21	poirier	3.0211685395467214
BSV_arbo_27_cle4dff21	pommier	2.610372842726886
BSV_arbo_27_cle4dff21	arboriculture	2.464737721569627
BSV_arbo_27_cle4dff21	arboriculture fruitière	2.055582080531062
BSV_arboriculture_25_du_23_05_19_cle077bda	cerisier	3.736874886109014
BSV_arboriculture_25_du_23_05_19_cle077bda	poirier	2.844072359205674
BSV_arboriculture_25_du_23_05_19_cle077bda	pommier	2.686229877104813
BSV_arboriculture_25_du_23_05_19_cle077bda	arboriculture	2.276351570820846
BSV_arboriculture_25_du_23_05_19_cle077bda	arboriculture fruitière	2.0046916544555358
BSV_arboriculture_25_du_23_05_19_cle077bda	pêcher	1.7523461306087154
BSV_arboriculture_25_du_23_05_19_cle077bda	framboisier	1.7302399968548223
BSV_arboriculture_25_du_23_05_19_cle077bda	jardins familiaux	1.5728065350577132
BSV_arboriculture_25_du_23_05_19_cle077bda	fraisier	1.2947936771953619
BSV_arboriculture_25_du_23_05_19_cle077bda	floriculture	0.5087887869665213
BSV_arboriculture_31_du_20_06_19_cle016821	cassissier	5.325389994804692
BSV_arboriculture_31_du_20_06_19_cle016821	cerisier	3.6695076400716706
BSV_arboriculture_31_du_20_06_19_cle016821	poirier	2.918588974471732
BSV_arboriculture_31_du_20_06_19_cle016821	pommier	2.7062133245307303
BSV_arboriculture_31_du_20_06_19_cle016821	arboriculture	2.3148201141648026
BSV_arboriculture_31_du_20_06_19_cle016821	framboisier	2.1443511865916682
BSV_arboriculture_31_du_20_06_19_cle016821	bananier plantain	2.040610350502557
BSV_arboriculture_31_du_20_06_19_cle016821	arboriculture fruitière	2.0089242517979726
BSV_arboriculture_31_du_20_06_19_cle016821	jardins familiaux	1.9492380050518066
BSV_arboriculture_31_du_20_06_19_cle016821	fraisier	1.6046862649876823
BSV_arboriculture_31_du_20_06_19_cle016821	pêcher	1.361230056666159
BSV_arboriculture_31_du_20_06_19_cle016821	floriculture	0.31678544620919635
BSV_bilan_ble_campagne_2014_2015_cle037c1e	blé tendre	5.348021466441624
BSV_bilan_ble_campagne_2014_2015_cle037c1e	blé tendre d'hiver	4.897774476893959
BSV_bilan_ble_campagne_2014_2015_cle037c1e	céréale	3.361985891478027
BSV_bilan_ble_campagne_2014_2015_cle037c1e	oranger	3.3437783013381197
BSV_bilan_ble_campagne_2014_2015_cle037c1e	blé	2.726533403149341
BSV_bilan_ble_campagne_2014_2015_cle037c1e	colza	1.820047456441368
BSV_bilan_cereales_Normandie_R2015_V2_cle0e2acd	blé tendre	4.971745212188587
BSV_bilan_cereales_Normandie_R2015_V2_cle0e2acd	blé tendre d'hiver	4.525441171494869
BSV_bilan_cereales_Normandie_R2015_V2_cle0e2acd	orge d'hiver	4.414961133637626
BSV_bilan_cereales_Normandie_R2015_V2_cle0e2acd	orge	3.2986732214365415
BSV_bilan_cereales_Normandie_R2015_V2_cle0e2acd	maïs	2.6700649691178358
BSV_bilan_cereales_Normandie_R2015_V2_cle0e2acd	blé	2.3716593137179593
BSV_ge_legumes_no11_du_01-07-20_cle497eed	Chou cabus blanc	5.132280512431639
BSV_ge_legumes_no11_du_01-07-20_cle497eed	chou de Milan	4.7616577816978145
BSV_ge_legumes_no11_du_01-07-20_cle497eed	aubergine	4.154079163085715
BSV_ge_legumes_no11_du_01-07-20_cle497eed	asperge	4.115867842444982
BSV_ge_legumes_no11_du_01-07-20_cle497eed	carotte	3.5754100553084838
BSV_ge_legumes_no11_du_01-07-20_cle497eed	laitue	3.3851868831871093
BSV_ge_legumes_no11_du_01-07-20_cle497eed	chou	3.294004958125916
BSV_ge_legumes_no11_du_01-07-20_cle497eed	culture légumière	3.276056595096031
BSV_ge_legumes_no11_du_01-07-20_cle497eed	céleri	3.136092043826713
BSV_ge_legumes_no11_du_01-07-20_cle497eed	chou chinois	3.1128707152480835
BSV_ge_legumes_no11_du_01-07-20_cle497eed	chou frisé	3.1128707152480835
BSV_ge_legumes_no11_du_01-07-20_cle497eed	chou cabus rouge	3.1128707152480835
BSV_ge_legumes_no11_du_01-07-20_cle497eed	pomme de terre	2.9911767520726205
BSV_ge_legumes_no11_du_01-07-20_cle497eed	chou pommé	2.7627870521737523
BSV_ge_legumes_no11_du_01-07-20_cle497eed	chou de Bruxelles	2.7627870521737523
BSV_ge_legumes_no11_du_01-07-20_cle497eed	poivron	2.5823964924578964
BSV_ge_legumes_no11_du_01-07-20_cle497eed	tomate	2.102470666631619
BSV_ge_legumes_no11_du_01-07-20_cle497eed	laitue batavia	2.0979686909949358
BSV_ge_legumes_no11_du_01-07-20_cle497eed	courgette	2.0979686909949358
BSV_ge_legumes_no11_du_01-07-20_cle497eed	radis	1.9070758238980738
BSV_ge_legumes_no11_du_01-07-20_cle497eed	concombre	1.7545763619913148
BSV_ge_legumes_no11_du_01-07-20_cle497eed	colza	1.038573586302095
BSV_ge_legumes_no11_du_01-07-20_cle497eed	blé	0.9575195029856819
BSV_ge_legumes_no11_du_01-07-20_cle497eed	floriculture	0.30993335050034876
BSV_legumes_03_cle872d86	persil	5.184408054718639
BSV_legumes_03_cle872d86	radis	4.803320637702995
BSV_legumes_03_cle872d86	oignon	4.618661826056498
BSV_legumes_03_cle872d86	pomme de terre potagère	4.417854222048109
BSV_legumes_03_cle872d86	laitue batavia	4.183231853468033
BSV_legumes_03_cle872d86	navet potager	3.9362561217101733
BSV_legumes_03_cle872d86	céleri	3.8646172598712383
BSV_legumes_03_cle872d86	laitue	3.838018329483291
BSV_legumes_03_cle872d86	culture légumière de plein champ	3.105620015695448
BSV_legumes_03_cle872d86	carotte	3.0340840197490038
BSV_legumes_03_cle872d86	culture légumière	2.883537378447814
BSV_legumes_03_cle872d86	ciboulette	2.8702930705765253
BSV_legumes_03_cle872d86	pois	2.740600814997501
BSV_legumes_03_cle872d86	salade	2.2963538618855046
BSV_legumes_03_cle872d86	échalote	2.244213034533027
BSV_legumes_03_cle872d86	chêne	2.244213034533027
BSV_legumes_03_cle872d86	chou	2.1494635620377287
BSV_legumes_03_cle872d86	laitue à couper	1.877219611914265
BSV_legumes_03_cle872d86	maraîchage	1.85612254425075
BSV_legumes_03_cle872d86	culture industrielle	1.7194650011315777
BSV_legumes_03_cle872d86	ail	1.6008294187372312
BSV_legumes_03_cle872d86	poireau	1.4512575214702557
BSV_legumes_03_cle872d86	horticulture ornementale	0.8507311993382867
BSV_legumes_03_cle872d86	pommier	0.6128233867861345
BSV_legumes_03_du_03-04-19_cle4b43ee	échalote	5.4444292119549775
BSV_legumes_03_du_03-04-19_cle4b43ee	oignon	4.97206719110466
BSV_legumes_03_du_03-04-19_cle4b43ee	ciboulette	4.687364028403356
BSV_legumes_03_du_03-04-19_cle4b43ee	fraisier	4.42428132976879
BSV_legumes_03_du_03-04-19_cle4b43ee	pois	3.96146852947127
BSV_legumes_03_du_03-04-19_cle4b43ee	carotte	3.7481937278823616
BSV_legumes_03_du_03-04-19_cle4b43ee	chou	3.2551719359413562
BSV_legumes_03_du_03-04-19_cle4b43ee	salade	3.22699547878852
BSV_legumes_03_du_03-04-19_cle4b43ee	lin	3.223077787463217
BSV_legumes_03_du_03-04-19_cle4b43ee	maraîchage	3.0311615686275335
BSV_legumes_03_du_03-04-19_cle4b43ee	poireau	3.0311615686275335
BSV_legumes_03_du_03-04-19_cle4b43ee	culture légumière	2.6070844037808536
BSV_legumes_03_du_03-04-19_cle4b43ee	céréale	2.101368842181999
BSV_legumes_03_du_03-04-19_cle4b43ee	floriculture	0.5693336119369597
BSV_legumes_05_cle827cb7-1	oignon	4.404717416434195
BSV_legumes_05_cle827cb7-1	persil	3.5314219381609946
BSV_legumes_05_cle827cb7-1	pomme de terre potagère	3.401855933354613
BSV_legumes_05_cle827cb7-1	radis	3.23898623498295
BSV_legumes_05_cle827cb7-1	cerfeuil	2.9823954112986955
BSV_legumes_05_cle827cb7-1	carotte	2.7441107855156157
BSV_legumes_05_cle827cb7-1	échalote	2.66359981191641
BSV_legumes_05_cle827cb7-1	poireau	2.6374879243810607
BSV_legumes_05_cle827cb7-1	tomate	2.5195972986438058
BSV_legumes_05_cle827cb7-1	laitue	2.4979775202537846
BSV_legumes_05_cle827cb7-1	culture légumière	2.477906371296746
BSV_legumes_05_cle827cb7-1	horticulture ornementale	2.43699897180979
BSV_legumes_05_cle827cb7-1	fraisier	2.410519755118943
BSV_legumes_05_cle827cb7-1	pois	2.3343931018433097
BSV_legumes_05_cle827cb7-1	courgette	2.2647319822020524
BSV_legumes_05_cle827cb7-1	asperge	2.0494503326075635
BSV_legumes_05_cle827cb7-1	laitue batavia	1.9406086037601384
BSV_legumes_05_cle827cb7-1	betterave potagère	1.7595837511454926
BSV_legumes_05_cle827cb7-1	céleri	1.5615819380853957
BSV_legumes_05_cle827cb7-1	chou	0.9971399214942429
BSV_legumes_05_cle827cb7-1	culture industrielle	0.7438752442277756
BSV_legumes_05_cle827cb7-1	salade	0.7410689057550923
BSV_legumes_05_cle827cb7-1	maraîchage	0.6960962919207442
BSV_legumes_05_cle827cb7-1	céleri-rave	0.6925510981883845
BSV_legumes_05_cle827cb7-1	pomme de terre	0.6354880441863805
BSV_legumes_05_cle827cb7-1	ciboulette	0.5868641921691023
BSV_legumes_05_cle827cb7-1	concombre	0.5157588755785267
BSV_legumes_05_cle827cb7-1	lin	0.5157588755785267
BSV_legumes_05_cle827cb7-1	céréale	0.33626232523310057
BSV_legumes_05_cle827cb7-1	floriculture	0.2866865121270941
BSV_legumes_12_du_22-07-20__cle0bb819	aubergine	5.04437673609731
BSV_legumes_12_du_22-07-20__cle0bb819	échalote	4.907504363626741
BSV_legumes_12_du_22-07-20__cle0bb819	betterave potagère	4.6546143173973205
BSV_legumes_12_du_22-07-20__cle0bb819	concombre	4.5343650221485765
BSV_legumes_12_du_22-07-20__cle0bb819	haricot	4.497945936236569
BSV_legumes_12_du_22-07-20__cle0bb819	haricot demi-sec	4.421072196696157
BSV_legumes_12_du_22-07-20__cle0bb819	oignon	4.353540499736476
BSV_legumes_12_du_22-07-20__cle0bb819	courgette	4.144816591295528
BSV_legumes_12_du_22-07-20__cle0bb819	scorsonère	4.116037505953785
BSV_legumes_12_du_22-07-20__cle0bb819	poivron	3.8373957914814363
BSV_legumes_12_du_22-07-20__cle0bb819	fraisier	3.3659561501249606
BSV_legumes_12_du_22-07-20__cle0bb819	asperge	3.143369881150156
BSV_legumes_12_du_22-07-20__cle0bb819	tomate	3.1242344509871525
BSV_legumes_12_du_22-07-20__cle0bb819	carotte	2.7154334557627915
BSV_legumes_12_du_22-07-20__cle0bb819	chou	2.6498096250735172
BSV_legumes_12_du_22-07-20__cle0bb819	poireau	2.550644271854909
BSV_legumes_12_du_22-07-20__cle0bb819	légume racine	2.5065049548318896
BSV_legumes_12_du_22-07-20__cle0bb819	salade	2.401235674256894
BSV_legumes_12_du_22-07-20__cle0bb819	pois	2.401235674256894
BSV_legumes_12_du_22-07-20__cle0bb819	poirée	2.295867525377823
BSV_legumes_12_du_22-07-20__cle0bb819	betterave	2.227359225258668
BSV_legumes_12_du_22-07-20__cle0bb819	pomme de terre	2.059129117972162
BSV_legumes_12_du_22-07-20__cle0bb819	fève	1.9033565815083555
BSV_legumes_12_du_22-07-20__cle0bb819	maraîchage	1.8316421035671038
BSV_legumes_12_du_22-07-20__cle0bb819	luzerne	1.8112747413806498
BSV_legumes_12_du_22-07-20__cle0bb819	culture légumière	1.575384701014243
BSV_legumes_12_du_22-07-20__cle0bb819	maïs	1.5293757290177847
BSV_legumes_12_du_22-07-20__cle0bb819	rosier ornemental	1.3305683523325527
BSV_legumes_12_du_22-07-20__cle0bb819	oranger	1.3305683523325527
BSV_legumes_12_du_22-07-20__cle0bb819	pêcher	1.2082471395091923
BSV_legumes_12_du_22-07-20__cle0bb819	floriculture	0.43970899573142
BSV_legumes_12_du_26-06-19__cle047171	échalote	5.290745905516412
BSV_legumes_12_du_26-06-19__cle047171	aubergine	5.290745905516412
BSV_legumes_12_du_26-06-19__cle047171	concombre	4.828541767621981
BSV_legumes_12_du_26-06-19__cle047171	oignon	4.751397144603955
BSV_legumes_12_du_26-06-19__cle047171	fraisier	4.1605136835805565
BSV_legumes_12_du_26-06-19__cle047171	poivron	4.02645802579479
BSV_legumes_12_du_26-06-19__cle047171	betterave potagère	4.01374293373163
BSV_legumes_12_du_26-06-19__cle047171	tomate	3.642391120694746
BSV_legumes_12_du_26-06-19__cle047171	pois	3.0732797836967984
BSV_legumes_12_du_26-06-19__cle047171	salade	2.7833533923146745
BSV_legumes_12_du_26-06-19__cle047171	chou	2.6906555021235876
BSV_legumes_12_du_26-06-19__cle047171	fève	2.421202278114159
BSV_legumes_12_du_26-06-19__cle047171	légume à graines ou à gousses	2.421202278114159
BSV_legumes_12_du_26-06-19__cle047171	cerisier	2.3415585270619568
BSV_legumes_12_du_26-06-19__cle047171	luzerne	2.304067757312248
BSV_legumes_12_du_26-06-19__cle047171	maraîchage	2.199458370665861
BSV_legumes_12_du_26-06-19__cle047171	pomme de terre	2.0079542363126865
BSV_legumes_12_du_26-06-19__cle047171	culture légumière	1.891741329224019
BSV_legumes_12_du_26-06-19__cle047171	betterave	1.8118627511858756
BSV_legumes_12_du_26-06-19__cle047171	rosier ornemental	1.6925757144786677
BSV_legumes_12_du_26-06-19__cle047171	pêcher	1.536974603248682
BSV_legumes_12_du_26-06-19__cle047171	poireau	1.4899635691102189
BSV_legumes_12_du_26-06-19__cle047171	arboriculture fruitière	0.7835599835533547
BSV_legumes_12_du_26-06-19__cle047171	floriculture	0.6276301707615144
BSV_legumes_15_cle8b2b14-1	oignon	4.104097085685171
BSV_legumes_15_cle8b2b14-1	aubergine	3.5874327815386544
BSV_legumes_15_cle8b2b14-1	courgette	3.390495251742393
BSV_legumes_15_cle8b2b14-1	concombre	3.2434916555259345
BSV_legumes_15_cle8b2b14-1	persil	2.931501834562108
BSV_legumes_15_cle8b2b14-1	carotte	2.6070052836741504
BSV_legumes_15_cle8b2b14-1	culture légumière	2.5185988990971806
BSV_legumes_15_cle8b2b14-1	poireau	2.506843684458955
BSV_legumes_15_cle8b2b14-1	poivron	2.478864695723354
BSV_legumes_15_cle8b2b14-1	haricot demi-sec	2.399577243522786
BSV_legumes_15_cle8b2b14-1	tomate	2.3932530826040326
BSV_legumes_15_cle8b2b14-1	échalote	2.1465468964455083
BSV_legumes_15_cle8b2b14-1	pomme de terre potagère	2.100910313669788
BSV_legumes_15_cle8b2b14-1	laitue	2.1008137712660466
BSV_legumes_15_cle8b2b14-1	haricot	1.9893356601858618
BSV_legumes_15_cle8b2b14-1	scorsonère	1.8978798305804667
BSV_legumes_15_cle8b2b14-1	asperge	1.7848008843357333
BSV_legumes_15_cle8b2b14-1	laitue batavia	1.690014096479132
BSV_legumes_15_cle8b2b14-1	légume à graines ou à gousses	1.690014096479132
BSV_legumes_15_cle8b2b14-1	pois	1.6340455488100327
BSV_legumes_15_cle8b2b14-1	betterave potagère	1.5173669883866752
BSV_legumes_15_cle8b2b14-1	céleri-rave	1.5173669883866752
BSV_legumes_15_cle8b2b14-1	chou	1.1590291531945773
BSV_legumes_15_cle8b2b14-1	pomme de terre	1.117611102721543
BSV_legumes_15_cle8b2b14-1	céleri	1.0872741747438741
BSV_legumes_15_cle8b2b14-1	salade	0.8852095585094847
BSV_legumes_15_cle8b2b14-1	maraîchage	0.8314896043619587
BSV_legumes_15_cle8b2b14-1	échalion	0.7699133148771217
BSV_legumes_15_cle8b2b14-1	betterave	0.7217258763496167
BSV_legumes_15_cle8b2b14-1	culture industrielle	0.6259021108561829
BSV_legumes_15_cle8b2b14-1	horticulture ornementale	0.575577409728635
BSV_legumes_15_cle8b2b14-1	épinard	0.5479982791114343
BSV_legumes_15_cle8b2b14-1	maïs	0.4955599553839409
BSV_legumes_15_cle8b2b14-1	jardins familiaux	0.47168135255574456
BSV_legumes_15_cle8b2b14-1	floriculture	0.07665651262220156
BSV_legumes_allium_pomme_de_terre_AURA_2020-9_cle0d26da	tabac	6.15811848538317
BSV_legumes_allium_pomme_de_terre_AURA_2020-9_cle0d26da	culture légumière de plein champ	6.036253661592969
BSV_legumes_allium_pomme_de_terre_AURA_2020-9_cle0d26da	aubergine	5.02119635321313
BSV_legumes_allium_pomme_de_terre_AURA_2020-9_cle0d26da	courgette	4.583730469911424
BSV_legumes_allium_pomme_de_terre_AURA_2020-9_cle0d26da	oignon	4.375185170341124
BSV_legumes_allium_pomme_de_terre_AURA_2020-9_cle0d26da	ricin	4.105877808738
BSV_legumes_allium_pomme_de_terre_AURA_2020-9_cle0d26da	chicorée	4.105877808738
BSV_legumes_allium_pomme_de_terre_AURA_2020-9_cle0d26da	tomate	4.0465271452152445
BSV_legumes_allium_pomme_de_terre_AURA_2020-9_cle0d26da	salade	3.4568208980021304
BSV_legumes_allium_pomme_de_terre_AURA_2020-9_cle0d26da	carotte	3.4568208980021304
BSV_legumes_allium_pomme_de_terre_AURA_2020-9_cle0d26da	pomme de terre	3.2397338137283933
BSV_legumes_allium_pomme_de_terre_AURA_2020-9_cle0d26da	navet potager	3.1075800366132293
BSV_legumes_allium_pomme_de_terre_AURA_2020-9_cle0d26da	poireau	3.072888893577857
BSV_legumes_allium_pomme_de_terre_AURA_2020-9_cle0d26da	chou	3.0149630541658383
BSV_legumes_allium_pomme_de_terre_AURA_2020-9_cle0d26da	laitue batavia	2.7672216033863504
BSV_legumes_allium_pomme_de_terre_AURA_2020-9_cle0d26da	prairie	2.633347131436893
BSV_legumes_allium_pomme_de_terre_AURA_2020-9_cle0d26da	jardins familiaux	2.515433829798422
BSV_legumes_allium_pomme_de_terre_AURA_2020-9_cle0d26da	poivron	2.226746426948205
BSV_legumes_allium_pomme_de_terre_AURA_2020-9_cle0d26da	laitue	2.14593218334261
BSV_legumes_allium_pomme_de_terre_AURA_2020-9_cle0d26da	horticulture ornementale	1.65146595923575
BSV_legumes_allium_pomme_de_terre_AURA_2020-9_cle0d26da	céréale	1.5088591898749437
BSV_legumes_allium_pomme_de_terre_AURA_2020-9_cle0d26da	colza	1.2742845929750266
BSV_legumes_allium_pomme_de_terre_AURA_2020-9_cle0d26da	floriculture	0.737686083300854
BSV_maraichage_no20_du_23_Octobre_2020_cle81e1d1	poirée	6.590465880133012
BSV_maraichage_no20_du_23_Octobre_2020_cle81e1d1	piment	5.999691764122734
BSV_maraichage_no20_du_23_Octobre_2020_cle81e1d1	fraisier	4.6438513980131635
BSV_maraichage_no20_du_23_Octobre_2020_cle81e1d1	poivron	4.396593096649117
BSV_maraichage_no20_du_23_Octobre_2020_cle81e1d1	tomate	4.276698984711067
BSV_maraichage_no20_du_23_Octobre_2020_cle81e1d1	laitue	4.237029645127503
BSV_maraichage_no20_du_23_Octobre_2020_cle81e1d1	salade	4.208392231215848
BSV_maraichage_no20_du_23_Octobre_2020_cle81e1d1	oranger	3.8194997012248755
BSV_maraichage_no20_du_23_Octobre_2020_cle81e1d1	maraîchage	3.362281142504337
BSV_no13_du_15-05-18_cle01162f	féverole d'hiver	7.176734949383695
BSV_no13_du_15-05-18_cle01162f	féverole de printemps	6.745003680050623
BSV_no13_du_15-05-18_cle01162f	lin oléagineux	5.570379192293191
BSV_no13_du_15-05-18_cle01162f	pois protéagineux de printemps	5.319594392519285
BSV_no13_du_15-05-18_cle01162f	lin	5.283352815056293
BSV_no13_du_15-05-18_cle01162f	fève	4.736964567540236
BSV_no13_du_15-05-18_cle01162f	lin oléagineux d'hiver	4.736964567540236
BSV_no13_du_15-05-18_cle01162f	triticale	4.593487731419921
BSV_no13_du_15-05-18_cle01162f	maïs grain	4.375856015185062
BSV_no13_du_15-05-18_cle01162f	lin oléagineux de printemps	4.375856015185062
BSV_no13_du_15-05-18_cle01162f	blé tendre	3.811772397426527
BSV_no13_du_15-05-18_cle01162f	prairie	3.452236413736002
BSV_no13_du_15-05-18_cle01162f	orge	3.34827354912382
BSV_no13_du_15-05-18_cle01162f	pois	3.103373040070073
BSV_no13_du_15-05-18_cle01162f	maïs	2.9808429695259884
BSV_no13_du_15-05-18_cle01162f	céréale	2.876007984093377
BSV_no13_du_15-05-18_cle01162f	blé	2.407320645176481
BSV_no13_du_15-05-18_cle01162f	poireau	2.232445843703232
BSV_no13_du_15-05-18_cle01162f	colza	1.8096587982497165
BSV_no13_du_15-05-18_cle01162f	floriculture	0.5359270340247276
BSV_no17_pommes_de_terre_cle8966e3-1	pomme de terre potagère	6.259010911996326
BSV_no17_pommes_de_terre_cle8966e3-1	pomme de terre	3.329575775694845
BSV_no19_du_23-06-2020_cle09c329	gel	5.71270884888325
BSV_no19_du_23-06-2020_cle09c329	blé tendre	4.093459820043695
BSV_no19_du_23-06-2020_cle09c329	maïs	3.416288026426835
BSV_no19_du_23-06-2020_cle09c329	céréale à paille	3.2292325744831003
BSV_no31_du_05-11-19_cle05121a	céréale	3.542193286712027
BSV_no31_du_05-11-19_cle05121a	orge	3.203032251858367
BSV_no31_du_05-11-19_cle05121a	maïs	2.5926497220349685
BSV_no31_du_05-11-19_cle05121a	blé	2.302895971293179
BSV_no31_du_05-11-19_cle05121a	colza	2.115035078918536
BSV_no4_cle0e4cd5-1	betterave sucrière	7.672490631306004
BSV_no4_cle0e4cd5-1	betterave	4.947956651708909
BSV_no7_du_31-03-20_cle835128	luzerne	4.758492933109531
BSV_no7_du_31-03-20_cle835128	blé tendre	4.64410021405112
BSV_no7_du_31-03-20_cle835128	blé tendre d'hiver	4.354742724384458
BSV_no7_du_31-03-20_cle835128	pois	3.275963865392834
BSV_no7_du_31-03-20_cle835128	orge	3.1742481377627847
BSV_no7_du_31-03-20_cle835128	blé	2.902535191767053
BSV_no7_du_31-03-20_cle835128	céréale	2.726528419426254
BSV_no7_du_31-03-20_cle835128	colza	2.023736913169134
BSV_no7_du_31-03-20_cle835128	floriculture	0.9238089963224309
BSV_oleagineux_02_du_11-09-18_cle8aec1b	colza	2.081594807233675
BSV_oleagineux_08_du_23-10-18_cle8b615d	mâche	6.072029675789398
BSV_oleagineux_08_du_23-10-18_cle8b615d	pêcher	3.653398497806289
BSV_oleagineux_08_du_23-10-18_cle8b615d	chou	3.329445936846661
BSV_oleagineux_08_du_23-10-18_cle8b615d	colza	2.1207128910188118
BSV_oleagineux_16_cle0c1a18-1	oléagineux	6.469874476990182
BSV_oleagineux_16_cle0c1a18-1	chou	3.230346608959401
BSV_oleagineux_16_cle0c1a18-1	céréale à paille	3.2292325744831003
BSV_oleagineux_16_cle0c1a18-1	colza	2.1178170747754175
BSV_oleagineux_22_du_31-03-20_cle831bc8	colza	2.1250103900931347
BSV_oleagineux_22_du_31-03-20_cle831bc8	floriculture	0.7676672016120348
BSV_petits-fruits-2019_N05_cle41f1d8	groseillier	8.683565696431286
BSV_petits-fruits-2019_N05_cle41f1d8	gel	6.814654883920089
BSV_petits-fruits-2019_N05_cle41f1d8	framboisier	6.465730104389561
BSV_petits-fruits-2019_N05_cle41f1d8	myrtille	5.999691764122734
BSV_petits-fruits-2019_N05_cle41f1d8	fraisier	4.8070272751235965
BSV_petits-fruits-2019_N05_cle41f1d8	tournesol	3.9592695976857706
BSV_petits-fruits-2019_N05_cle41f1d8	céréale à paille	3.4683671682638635
BSV_petits-fruits-2019_N05_cle41f1d8	zone non agricole	3.0821913088054527
BSV_petits-fruits-2019_N05_cle41f1d8	pêcher	2.8921189235887024
BSV_petits-fruits-2019_N05_cle41f1d8	floriculture	0.8645802722874583
BSV_pomme_de_terre_8_du_10_mai_2016_cle0127ee	fourrage annuel	6.857412098550405
BSV_pomme_de_terre_8_du_10_mai_2016_cle0127ee	pomme de terre	3.644797182977026
BSV_pomme_de_terre_8_du_10_mai_2016_cle0127ee	jardin	3.4115024442537987
BSV_viti_10_cle4e6966-2	arbuste à baies	4.579817669157232
BSV_viti_10_cle4e6966-2	vigne	3.231275321392585
BSV_viti_10_cle4e6966-2	floriculture	0.7276124082519607
BSVarbo9_cle8977d6-1	prunier	4.100106594321331
BSVarbo9_cle8977d6-1	cerisier	3.800623009360464
BSVarbo9_cle8977d6-1	bananier plantain	3.452236413736002
BSVarbo9_cle8977d6-1	pommier	2.715845118263087
BSVarbo9_cle8977d6-1	rosier ornemental	2.5360241668173384
BSVarbo9_cle8977d6-1	arboriculture	2.430722462143989
BSVarbo9_cle8977d6-1	poirier	2.2271562495379054
BSVarbo9_cle8977d6-1	arboriculture fruitière	2.044454814235652
BSVarbo9_cle8977d6-1	floriculture	0.9181394666990212
BSVcampagnols10_cle06d1a1	prairie	5.024456282315306
BSVcampagnols10_cle06d1a1	orge d'hiver	4.273304803790904
BSVcampagnols10_cle06d1a1	zone non agricole	4.132823661299777
BSVcampagnols10_cle06d1a1	tournesol	3.5719384025289407
BSVcampagnols10_cle06d1a1	blé	2.8741156352436037
BSVcampagnols10_cle06d1a1	pommier	2.6262524502417888
BSVcampagnols10_cle06d1a1	arboriculture	2.3649874699565525
BSVcampagnols10_cle06d1a1	vigne	2.0853739106081113
BSVcampagnols10_cle06d1a1	colza	2.073481481645299
BSVcampagnols10_cle06d1a1	arboriculture fruitière	1.7087010004115915
BSVcampagnols3_cle8d3542	prairie temporaire	6.497438018455206
BSVcampagnols3_cle8d3542	surface toujours en herbe	6.497438018455206
BSVcampagnols3_cle8d3542	zone non agricole	4.223181940761678
BSVcampagnols3_cle8d3542	orge d'hiver	3.9919795530668947
BSVcampagnols3_cle8d3542	blé tendre d'hiver	3.8136190685482045
BSVcampagnols3_cle8d3542	blé	2.91104992085274
BSVcampagnols3_cle8d3542	jardin	2.8688900942369484
BSVcampagnols3_cle8d3542	horticulture ornementale	2.6133991827245993
BSVcampagnols3_cle8d3542	arboriculture	2.188287251328492
BSVcampagnols3_cle8d3542	colza	2.123508981675325
BSVcampagnols3_cle8d3542	vigne	2.120788365034988
BSVcampagnols3_cle8d3542	arboriculture fruitière	1.4171676785635177
BSVleg_n10_2017_cle03fb85	aubergine	5.551113188711934
BSVleg_n10_2017_cle03fb85	concombre	5.06213815526988
BSVleg_n10_2017_cle03fb85	poivron	4.376519767587836
BSVleg_n10_2017_cle03fb85	radis	4.109984241923605
BSVleg_n10_2017_cle03fb85	salade	3.9654690900931167
BSVleg_n10_2017_cle03fb85	pomme de terre	3.400504564116242
BSVleg_n10_2017_cle03fb85	culture légumière	3.2777109645318667
BSVleg_n10_2017_cle03fb85	chou	3.268279416250098
BSVleg_n10_2017_cle03fb85	carotte	2.9621363497649047
BSVleg_n10_2017_cle03fb85	tomate	2.9621363497649047
BSVleg_n10_2017_cle03fb85	maraîchage	2.7823757186709224
BSVleg_n10_2017_cle03fb85	céréale	2.4653351720902124
BSVleg_n10_2017_cle03fb85	blé	2.0635729420352646
BSVleg_n10_2017_cle03fb85	colza	1.4632292477211337
BSVviti12_cle89fa1e	arbuste à baies	3.7715148481296334
BSVviti12_cle89fa1e	vigne	3.143218654706927
BULLETIN_DE_SANTE_DU_VEGETAL_GC_2011-_No38-_6-12-2011_cle8d8ade	soja	5.052762879689289
BULLETIN_DE_SANTE_DU_VEGETAL_GC_2011-_No38-_6-12-2011_cle8d8ade	tournesol	4.230982009285742
BULLETIN_DE_SANTE_DU_VEGETAL_GC_2011-_No38-_6-12-2011_cle8d8ade	maïs	3.4407413844807495
BULLETIN_DE_SANTE_DU_VEGETAL_GC_2013-_No10_-_30_avril_2013_cle858e15	pissenlit	6.810563785137315
BULLETIN_DE_SANTE_DU_VEGETAL_GC_2013-_No10_-_30_avril_2013_cle858e15	triticale	4.779548194260893
BULLETIN_DE_SANTE_DU_VEGETAL_GC_2013-_No10_-_30_avril_2013_cle858e15	bananier plantain	4.368025411981703
BULLETIN_DE_SANTE_DU_VEGETAL_GC_2013-_No10_-_30_avril_2013_cle858e15	orge de printemps	4.172438475561943
BULLETIN_DE_SANTE_DU_VEGETAL_GC_2013-_No10_-_30_avril_2013_cle858e15	orge d'hiver	4.10699166783463
BULLETIN_DE_SANTE_DU_VEGETAL_GC_2013-_No10_-_30_avril_2013_cle858e15	tournesol	3.105274846791996
BULLETIN_DE_SANTE_DU_VEGETAL_GC_2013-_No10_-_30_avril_2013_cle858e15	orge	2.9137789473657905
BULLETIN_DE_SANTE_DU_VEGETAL_GC_2013-_No10_-_30_avril_2013_cle858e15	blé	2.8380044817088805
BULLETIN_DE_SANTE_DU_VEGETAL_GC_2013-_No10_-_30_avril_2013_cle858e15	céréale	2.5027977533974517
BULLETIN_DE_SANTE_DU_VEGETAL_GC_2013-_No10_-_30_avril_2013_cle858e15	colza	2.1387987958622374
BULLETIN_DE_SANTE_DU_VEGETAL_GC_2013-_No10_-_30_avril_2013_cle858e15	floriculture	0.8986925308708655
BULLETIN_DE_SANTE_DU_VEGETAL_GC_2013-_No14_-_28_MAI_2013_cle4c4dec	chanvre	8.280691642389193
BULLETIN_DE_SANTE_DU_VEGETAL_GC_2013-_No14_-_28_MAI_2013_cle4c4dec	ray-grass	6.2173847009582595
BULLETIN_DE_SANTE_DU_VEGETAL_GC_2013-_No14_-_28_MAI_2013_cle4c4dec	seigle	6.2173847009582595
BULLETIN_DE_SANTE_DU_VEGETAL_GC_2013-_No14_-_28_MAI_2013_cle4c4dec	fève	5.941504450781406
BULLETIN_DE_SANTE_DU_VEGETAL_GC_2013-_No14_-_28_MAI_2013_cle4c4dec	soja	5.07310077447168
BULLETIN_DE_SANTE_DU_VEGETAL_GC_2013-_No14_-_28_MAI_2013_cle4c4dec	orge de printemps	4.291689452410812
BULLETIN_DE_SANTE_DU_VEGETAL_GC_2013-_No14_-_28_MAI_2013_cle4c4dec	triticale	4.111654150939026
BULLETIN_DE_SANTE_DU_VEGETAL_GC_2013-_No14_-_28_MAI_2013_cle4c4dec	tournesol	4.019531982676617
BULLETIN_DE_SANTE_DU_VEGETAL_GC_2013-_No14_-_28_MAI_2013_cle4c4dec	orge d'hiver	3.5330806705121165
BULLETIN_DE_SANTE_DU_VEGETAL_GC_2013-_No14_-_28_MAI_2013_cle4c4dec	maïs	3.219322968997505
BULLETIN_DE_SANTE_DU_VEGETAL_GC_2013-_No14_-_28_MAI_2013_cle4c4dec	prunier	3.1940256003460776
BULLETIN_DE_SANTE_DU_VEGETAL_GC_2013-_No14_-_28_MAI_2013_cle4c4dec	céréale à paille	2.9970566248750417
BULLETIN_DE_SANTE_DU_VEGETAL_GC_2013-_No14_-_28_MAI_2013_cle4c4dec	orge	2.9970566248750417
BULLETIN_DE_SANTE_DU_VEGETAL_GC_2013-_No14_-_28_MAI_2013_cle4c4dec	blé	2.859532405240185
BULLETIN_DE_SANTE_DU_VEGETAL_GC_2013-_No14_-_28_MAI_2013_cle4c4dec	colza	1.8061162751245596
BULLETIN_DE_SANTE_DU_VEGETAL_GC_2013-_No20_-_9_JUILLET_2013_cle8e731d	seigle	7.491342205859787
BULLETIN_DE_SANTE_DU_VEGETAL_GC_2013-_No20_-_9_JUILLET_2013_cle8e731d	olivier fruit à noyaux	5.621762663709821
BULLETIN_DE_SANTE_DU_VEGETAL_GC_2013-_No20_-_9_JUILLET_2013_cle8e731d	maïs fourrage	5.621762663709821
BULLETIN_DE_SANTE_DU_VEGETAL_GC_2013-_No20_-_9_JUILLET_2013_cle8e731d	maïs grain	5.149330469150643
BULLETIN_DE_SANTE_DU_VEGETAL_GC_2013-_No20_-_9_JUILLET_2013_cle8e731d	triticale	4.954142257287178
BULLETIN_DE_SANTE_DU_VEGETAL_GC_2013-_No20_-_9_JUILLET_2013_cle8e731d	soja	4.774143630132751
BULLETIN_DE_SANTE_DU_VEGETAL_GC_2013-_No20_-_9_JUILLET_2013_cle8e731d	tournesol	4.197467982985675
BULLETIN_DE_SANTE_DU_VEGETAL_GC_2013-_No20_-_9_JUILLET_2013_cle8e731d	céréale	3.383086507987283
BULLETIN_DE_SANTE_DU_VEGETAL_GC_2013-_No20_-_9_JUILLET_2013_cle8e731d	maïs	3.3394705292851103
BULLETIN_DE_SANTE_DU_VEGETAL_GC_2013-_No20_-_9_JUILLET_2013_cle8e731d	orge	3.333973474422004
BULLETIN_DE_SANTE_DU_VEGETAL_GC_2013-_No20_-_9_JUILLET_2013_cle8e731d	orge d'hiver	3.194613484074519
BULLETIN_DE_SANTE_DU_VEGETAL_GC_2013-_No20_-_9_JUILLET_2013_cle8e731d	blé	2.708940807651526
BULLETIN_DE_SANTE_DU_VEGETAL_GC_2013-_No20_-_9_JUILLET_2013_cle8e731d	floriculture	0.6306572693362152
Cassis_n_6_du_16_05_19_cle034491	cassissier	7.154812716856941
Note_nat-_BSV_Aromia_bungii_juin_2018_v2_cle09d4e1	horticulture ornementale	3.499456558445878
Note_nat-_BSV_Aromia_bungii_juin_2018_v2_cle09d4e1	zone non agricole	3.4778574964043862
Note_nat-_BSV_Aromia_bungii_juin_2018_v2_cle09d4e1	prunier	3.4778574964043862
Note_nat-_BSV_Aromia_bungii_juin_2018_v2_cle09d4e1	jardin	3.36795723172162
Note_nat-_BSV_Aromia_bungii_juin_2018_v2_cle09d4e1	cerisier	3.36795723172162
Note_nat-_BSV_Aromia_bungii_juin_2018_v2_cle09d4e1	pêcher	3.2633851929178985
Note_nat-_BSV_Aromia_bungii_juin_2018_v2_cle09d4e1	poirier	2.417036849890215
Note_nat-_BSV_Aromia_bungii_juin_2018_v2_cle09d4e1	arboriculture	2.340139141249339
Note_nat-_BSV_Aromia_bungii_juin_2018_v2_cle09d4e1	arboriculture fruitière	1.8976499112532386
Note_nationale_meth_alternative_adventices_GC_validee-2_cle06dc5b	colza d'hiver	6.599373949691379
Note_nationale_meth_alternative_adventices_GC_validee-2_cle06dc5b	avoine	5.857186683452424
Note_nationale_meth_alternative_adventices_GC_validee-2_cle06dc5b	géranium	4.9948107799413
Note_nationale_meth_alternative_adventices_GC_validee-2_cle06dc5b	soja	4.8951762594191806
Note_nationale_meth_alternative_adventices_GC_validee-2_cle06dc5b	vesce fourrager	4.895142532146492
Note_nationale_meth_alternative_adventices_GC_validee-2_cle06dc5b	trèfle	4.895142532146492
Note_nationale_meth_alternative_adventices_GC_validee-2_cle06dc5b	pois protéagineux	4.895142532146492
Note_nationale_meth_alternative_adventices_GC_validee-2_cle06dc5b	ray-grass	4.344618727694747
Note_nationale_meth_alternative_adventices_GC_validee-2_cle06dc5b	lin	4.208097673672907
Note_nationale_meth_alternative_adventices_GC_validee-2_cle06dc5b	tournesol	4.126310966495351
Note_nationale_meth_alternative_adventices_GC_validee-2_cle06dc5b	betterave	4.029893777889357
Note_nationale_meth_alternative_adventices_GC_validee-2_cle06dc5b	féverole d'hiver	3.979512997903362
Note_nationale_meth_alternative_adventices_GC_validee-2_cle06dc5b	féverole	3.2991591074101336
Note_nationale_meth_alternative_adventices_GC_validee-2_cle06dc5b	luzerne	3.1395502120324443
Note_nationale_meth_alternative_adventices_GC_validee-2_cle06dc5b	prairie	3.1395502120324443
Note_nationale_meth_alternative_adventices_GC_validee-2_cle06dc5b	maïs	3.09299606436398
Note_nationale_meth_alternative_adventices_GC_validee-2_cle06dc5b	céréale	3.065545154648976
Note_nationale_meth_alternative_adventices_GC_validee-2_cle06dc5b	orge de printemps	2.998970670983289
Note_nationale_meth_alternative_adventices_GC_validee-2_cle06dc5b	orge	2.8234251211872716
Note_nationale_meth_alternative_adventices_GC_validee-2_cle06dc5b	blé	2.643526424462521
Note_nationale_meth_alternative_adventices_GC_validee-2_cle06dc5b	orge d'hiver	2.4688657990227694
Note_nationale_meth_alternative_adventices_GC_validee-2_cle06dc5b	colza	2.0127202887879543
Note_nationale_meth_alternative_adventices_GC_validee-2_cle06dc5b	floriculture	0.4873854602226907
als_Grandes_Cultures_no10_2016-04-26_cle4d3231	soja	4.605874372850232
als_Grandes_Cultures_no10_2016-04-26_cle4d3231	blé tendre	4.0772745365909495
als_Grandes_Cultures_no10_2016-04-26_cle4d3231	orge	3.6915806219897873
als_Grandes_Cultures_no10_2016-04-26_cle4d3231	tournesol	3.4278530219836076
als_Grandes_Cultures_no10_2016-04-26_cle4d3231	pois	3.3195328982295167
als_Grandes_Cultures_no10_2016-04-26_cle4d3231	blé	2.865809211847881
als_Grandes_Cultures_no10_2016-04-26_cle4d3231	maïs	2.6035221797656614
als_Grandes_Cultures_no10_2016-04-26_cle4d3231	colza	2.0320754220728725
als_Grandes_Cultures_no10_2016-04-26_cle4d3231	floriculture	0.8591046082382102
als_Grandes_Cultures_no32_2016-10-11_cle4e331a	colza	2.081594807233675
alsace03_BSV_VIGNE_250417_cle0358f2	vigne	3.002788954282821
alsace_gdes_cultures_no24_du_19-08-20_cle075fe6	betterave	4.805184270179876
alsace_gdes_cultures_no24_du_19-08-20_cle075fe6	maïs	3.251494387102957
alsace_vigne_no10_du_23-06-20_cle812596	pois	4.152698642681847
alsace_vigne_no10_du_23-06-20_cle812596	vigne	2.8662582213788266
annexe_au_BSV_GC_No16_desherbage_alternatif_mais_cle81f45a	maïs	3.3050130050648727
bsv_01_fruits_rouges_25_avril_2018_cle8fdf59	fraisier	4.636201474332423
bsv_01_fruits_rouges_25_avril_2018_cle8fdf59	floriculture	0.8749873380227089
bsv_13_pdt_21_juin_cle8d177f-1	grande culture	7.772280105921108
bsv_13_pdt_21_juin_cle8d177f-1	roquette	6.898183961615364
bsv_13_pdt_21_juin_cle8d177f-1	jardin	3.431786088944234
bsv_13_pdt_21_juin_cle8d177f-1	pomme de terre	2.942855937946919
bsv_ail_mp_n11_06062019_cle816b36	ail	7.471302154169054
bsv_ail_mp_n11_06062019_cle816b36	rosier ornemental	4.450979805433468
bsv_arbo_66_2015_cle479316	pommier	2.819136105772475
bsv_arbo_66_2015_cle479316	arboriculture fruitière	2.1222109996899157
bsv_arbo_66_2015_cle479316	arboriculture	1.9020509758177258
bsv_arbo_66_2015_cle479316	floriculture	0.7387109972892013
bsv_arbo_75_2015_cle429b97	bananier plantain	4.335555023530314
bsv_arbo_75_2015_cle429b97	jardin	2.9847940919870974
bsv_arbo_75_2015_cle429b97	pommier	2.8498966338097795
bsv_arbo_75_2015_cle429b97	poirier	2.1420572808104246
bsv_arbo_75_2015_cle429b97	arboriculture fruitière	2.1267557148976217
bsv_arbo_75_2015_cle429b97	arboriculture	1.7329954628783009
bsv_arbo_75_2015_cle429b97	floriculture	0.6730538891735629
bsv_arbo_n25_19092017_cle4b1c13	arbre fruitier à noyau	7.141553309339435
bsv_arbo_n25_19092017_cle4b1c13	actinidia	5.644594447490345
bsv_arbo_n25_19092017_cle4b1c13	prunier	4.260215750530265
bsv_arbo_n25_19092017_cle4b1c13	pêcher	3.055386946034481
bsv_arbo_n25_19092017_cle4b1c13	pommier	2.7424392232133075
bsv_arbo_n25_19092017_cle4b1c13	arboriculture	2.4666567216227184
bsv_arbo_n25_19092017_cle4b1c13	arboriculture fruitière	1.999419055084627
bsv_grandes_cultures_n27_18052017_cle88cbb1-1	protéagineux	7.310398773107876
bsv_grandes_cultures_n27_18052017_cle88cbb1-1	pois protéagineux d'hiver	5.999790996207258
bsv_grandes_cultures_n27_18052017_cle88cbb1-1	céréale fourragère	5.999790996207258
bsv_grandes_cultures_n27_18052017_cle88cbb1-1	féverole	5.822634821877746
bsv_grandes_cultures_n27_18052017_cle88cbb1-1	lin	5.11986739907661
bsv_grandes_cultures_n27_18052017_cle88cbb1-1	féverole d'hiver	4.877538518503719
bsv_grandes_cultures_n27_18052017_cle88cbb1-1	maïs grain	4.877538518503719
bsv_grandes_cultures_n27_18052017_cle88cbb1-1	tournesol	4.288503501751023
bsv_grandes_cultures_n27_18052017_cle88cbb1-1	légume à graines ou à gousses	4.043654495799701
bsv_grandes_cultures_n27_18052017_cle88cbb1-1	fève	4.043654495799701
bsv_grandes_cultures_n27_18052017_cle88cbb1-1	lin oléagineux d'hiver	4.043654495799701
bsv_grandes_cultures_n27_18052017_cle88cbb1-1	pois	3.929900953693385
bsv_grandes_cultures_n27_18052017_cle88cbb1-1	maïs	3.2285667228622983
bsv_grandes_cultures_n27_18052017_cle88cbb1-1	colza	2.01071816499112
bsv_maraichage_no11_du_05_Juin_2020_cle012212	courgette	5.761053420326089
bsv_maraichage_no11_du_05_Juin_2020_cle012212	melon	5.730126584497115
bsv_maraichage_no11_du_05_Juin_2020_cle012212	aubergine	5.331439226389225
bsv_maraichage_no11_du_05_Juin_2020_cle012212	riz	4.605096086048291
bsv_maraichage_no11_du_05_Juin_2020_cle012212	sorgho grain	4.605096086048291
bsv_maraichage_no11_du_05_Juin_2020_cle012212	tomate	4.16748540621019
bsv_maraichage_no11_du_05_Juin_2020_cle012212	fraisier	3.8036438558767514
bsv_maraichage_no11_du_05_Juin_2020_cle012212	poivron	3.0520845555979226
bsv_maraichage_no11_du_05_Juin_2020_cle012212	engrais vert	2.9803899552244366
bsv_maraichage_no11_du_05_Juin_2020_cle012212	sorgho fourrager	2.9803899552244366
bsv_maraichage_no11_du_05_Juin_2020_cle012212	chicorée scarole	2.9803899552244366
bsv_maraichage_no11_du_05_Juin_2020_cle012212	potiron	2.9803899552244366
bsv_maraichage_no11_du_05_Juin_2020_cle012212	salade	2.7952257302099124
bsv_maraichage_no11_du_05_Juin_2020_cle012212	piment	2.6452055134793966
bsv_maraichage_no11_du_05_Juin_2020_cle012212	concombre	2.595672443991979
bsv_maraichage_no11_du_05_Juin_2020_cle012212	courge	2.422912200768034
bsv_maraichage_no11_du_05_Juin_2020_cle012212	maraîchage	2.334072342158939
bsv_maraichage_no11_du_05_Juin_2020_cle012212	tabac	2.2557418310080695
bsv_maraichage_no11_du_05_Juin_2020_cle012212	châtaignier	2.008681177277337
bsv_maraichage_no11_du_05_Juin_2020_cle012212	luzerne	1.911503874384883
bsv_maraichage_no11_du_05_Juin_2020_cle012212	maïs	1.5947579164235022
bsv_maraichage_no11_du_05_Juin_2020_cle012212	laitue	1.5576972870980235
bsv_maraichage_no11_du_05_Juin_2020_cle012212	oignon	1.5576972870980235
bsv_maraichage_no11_du_05_Juin_2020_cle012212	floriculture	0.5603237682385972
bsv_na_tabac_03_20180523_cle8e53e1	tabac	7.518965589438467
bsv_na_tabac_03_20180523_cle8e53e1	gel	5.469911960170299
bsv_na_tabac_03_20180523_cle8e53e1	prairie	4.635174894875783
bsv_na_tabac_03_20180523_cle8e53e1	horticulture ornementale	3.3922143469907304
bsv_vigne_n10_fronton_07062017-3_cle0a711e	gesse	8.586064297393488
bsv_vigne_n10_fronton_07062017-3_cle0a711e	roquette	6.615475235709371
bsv_vigne_n10_fronton_07062017-3_cle0a711e	arbuste à baies	4.1834360740639545
bsv_vigne_n10_fronton_07062017-3_cle0a711e	vigne	3.208728310150116
bsv_vigne_n10_fronton_07062017-3_cle0a711e	floriculture	0.8548725336607842
bsv_vigne_n1_fronton_23032017_cle825f73	arbuste à baies	4.418851981295176
bsv_vigne_n1_fronton_23032017_cle825f73	vigne	3.2485475936081203
bsv_vigne_n1_fronton_23032017_cle825f73	floriculture	0.6879511666177691
bsv_viti_mp_gaillac_n07_12052020_cle0ee886	arbuste à baies	3.7383104730146517
bsv_viti_mp_gaillac_n07_12052020_cle0ee886	vigne	3.2022035248530885
bsv_viti_mp_hautegaronnetarnetgaronne_n07_12052020_cle0cfad7	rosier ornemental	3.58200866255788
bsv_viti_mp_hautegaronnetarnetgaronne_n07_12052020_cle0cfad7	vigne	3.22232134380231
bsv_viticulture_no10_du_23_mai_2018_cle0c892f	vigne	3.240045701505554
bsv_viticulture_no10_du_23_mai_2018_cle0c892f	arboriculture fruitière	1.8570932772660325
bsv_viticulture_no10_du_23_mai_2018_cle0c892f	floriculture	0.7314459327132857
bulletindesanteduvegetalgc2014-n9-15avril2014_cle066b5e	avoine	7.1951169658560445
bulletindesanteduvegetalgc2014-n9-15avril2014_cle066b5e	triticale	5.487106316767213
bulletindesanteduvegetalgc2014-n9-15avril2014_cle066b5e	orge de printemps	5.319918403220598
bulletindesanteduvegetalgc2014-n9-15avril2014_cle066b5e	laurier	4.555966579778969
bulletindesanteduvegetalgc2014-n9-15avril2014_cle066b5e	orge d'hiver	4.379557534984757
bulletindesanteduvegetalgc2014-n9-15avril2014_cle066b5e	tournesol	3.696311052280001
bulletindesanteduvegetalgc2014-n9-15avril2014_cle066b5e	orge	3.4683671682638635
bulletindesanteduvegetalgc2014-n9-15avril2014_cle066b5e	maïs	3.0071435814601455
bulletindesanteduvegetalgc2014-n9-15avril2014_cle066b5e	blé	2.9074530372902987
bulletindesanteduvegetalgc2014-n9-15avril2014_cle066b5e	céréale	2.4841928215110296
bulletindesanteduvegetalgc2014-n9-15avril2014_cle066b5e	colza	2.008284635615938
char_Grandes_Cultures_no22_2016-07-07_cle02be6e	pois protéagineux de printemps	6.2796278571590785
char_Grandes_Cultures_no22_2016-07-07_cle02be6e	féverole de printemps	5.713823266296509
char_Grandes_Cultures_no22_2016-07-07_cle02be6e	féverole	5.2745487971971965
char_Grandes_Cultures_no22_2016-07-07_cle02be6e	maïs fourrage	4.777324763930926
char_Grandes_Cultures_no22_2016-07-07_cle02be6e	légume à graines ou à gousses	4.736964567540236
char_Grandes_Cultures_no22_2016-07-07_cle02be6e	betterave	4.4524029635083195
char_Grandes_Cultures_no22_2016-07-07_cle02be6e	amandier	4.0739410436714545
char_Grandes_Cultures_no22_2016-07-07_cle02be6e	tournesol	3.7829847090775335
char_Grandes_Cultures_no22_2016-07-07_cle02be6e	pois	3.4555657536310616
char_Grandes_Cultures_no22_2016-07-07_cle02be6e	maïs	3.3648405009652085
char_Grandes_Cultures_no22_2016-07-07_cle02be6e	pomme de terre	3.342588233978134
char_Grandes_Cultures_no22_2016-07-07_cle02be6e	oranger	3.31144211280414
char_Grandes_Cultures_no22_2016-07-07_cle02be6e	rosier ornemental	2.5360241668173384
char_Grandes_Cultures_no22_2016-07-07_cle02be6e	jardin	2.3766772180119924
char_Grandes_Cultures_no22_2016-07-07_cle02be6e	céréale	1.9780675993309749
char_Grandes_Cultures_no22_2016-07-07_cle02be6e	floriculture	0.6997927595015404
char_Grandes_Cultures_no42_2016-11-24_cle0385bf	blé tendre d'hiver	5.445905801076157
char_Grandes_Cultures_no42_2016-11-24_cle0385bf	orge d'hiver	4.552827219103293
char_Grandes_Cultures_no42_2016-11-24_cle0385bf	céréale à paille	3.1742481377627847
char_Grandes_Cultures_no42_2016-11-24_cle0385bf	orge	3.1742481377627847
char_Grandes_Cultures_no42_2016-11-24_cle0385bf	céréale	3.1468752803950126
char_Grandes_Cultures_no42_2016-11-24_cle0385bf	blé	2.634046175180744
char_Grandes_Cultures_no42_2016-11-24_cle0385bf	colza	2.0988670265453906
lorraine_arboriculture_no11_du_13-05-20_cle8ee895	prunier	4.382412692743845
lorraine_arboriculture_no11_du_13-05-20_cle8ee895	cerisier	3.9137767014677465
lorraine_arboriculture_no11_du_13-05-20_cle8ee895	oranger	3.3437783013381197
lorraine_arboriculture_no11_du_13-05-20_cle8ee895	poirier	2.8087478132415957
lorraine_arboriculture_no11_du_13-05-20_cle8ee895	pommier	2.784856799012215
lorraine_arboriculture_no11_du_13-05-20_cle8ee895	arboriculture fruitière	2.0346181177883245
lorraine_vigne_no14_du_29-07-20_cle4bcf91	arbuste à baies	4.659230645081659
lorraine_vigne_no14_du_29-07-20_cle4bcf91	cerisier	3.800727286799941
lorraine_vigne_no14_du_29-07-20_cle4bcf91	prunier	3.4135381114450314
lorraine_vigne_no14_du_29-07-20_cle4bcf91	vigne	3.121263228492947
lorraine_vigne_no14_du_29-07-20_cle4bcf91	arboriculture	2.3226810199485057
