01_TB_Als_cle8c6253	miscanthus	7.780012628755551
01_TB_Als_cle8c6253	tabac	5.88839051134615
01_TB_Als_cle8c6253	céréale à paille	3.328540444387138
05_GC_Als_cle8c3f61	orge	3.699944328177897
05_GC_Als_cle8c3f61	céréale à paille	3.699944328177897
05_GC_Als_cle8c3f61	poireau	3.5867751133094576
05_GC_Als_cle8c3f61	maïs	3.147835064601474
05_GC_Als_cle8c3f61	céréale	2.773716196503424
05_GC_Als_cle8c3f61	blé	2.660162688785406
05_GC_Als_cle8c3f61	colza	2.0670617997426546
05bsv_jevi_20190502_cle8f22b6	jardins familiaux	5.337573990109976
05bsv_jevi_20190502_cle8f22b6	rosier	5.2825877040135625
05bsv_jevi_20190502_cle8f22b6	fève	4.591435873805977
05bsv_jevi_20190502_cle8f22b6	épinard	4.167396821906052
05bsv_jevi_20190502_cle8f22b6	jardin	4.019322764224304
05bsv_jevi_20190502_cle8f22b6	Chou cabus blanc	3.655227136003977
05bsv_jevi_20190502_cle8f22b6	chou de Bruxelles	3.655227136003977
05bsv_jevi_20190502_cle8f22b6	figuier	3.655227136003977
05bsv_jevi_20190502_cle8f22b6	noisetier	3.655227136003977
05bsv_jevi_20190502_cle8f22b6	laitue	3.5605785952583915
05bsv_jevi_20190502_cle8f22b6	zone non agricole	3.1061869083923166
05bsv_jevi_20190502_cle8f22b6	betterave	2.9529740716322315
05bsv_jevi_20190502_cle8f22b6	asperge	2.9313346746090247
05bsv_jevi_20190502_cle8f22b6	haricot	2.775658038420963
05bsv_jevi_20190502_cle8f22b6	laurier	2.775658038420963
05bsv_jevi_20190502_cle8f22b6	légume à graines ou à gousses	2.775658038420963
05bsv_jevi_20190502_cle8f22b6	abricotier	2.6413754230528457
05bsv_jevi_20190502_cle8f22b6	tomate	2.5852304201289122
05bsv_jevi_20190502_cle8f22b6	chou	2.569308973733959
05bsv_jevi_20190502_cle8f22b6	soja	2.5231026388533206
05bsv_jevi_20190502_cle8f22b6	poirée	2.42834275630391
05bsv_jevi_20190502_cle8f22b6	concombre	2.3213425462870063
05bsv_jevi_20190502_cle8f22b6	poivron	2.233535114036552
05bsv_jevi_20190502_cle8f22b6	pommier	1.9738637908660992
05bsv_jevi_20190502_cle8f22b6	rosier ornemental	1.9403630295557275
05bsv_jevi_20190502_cle8f22b6	vigne	1.9110967711721198
05bsv_jevi_20190502_cle8f22b6	prunier	1.877781351647257
05bsv_jevi_20190502_cle8f22b6	poirier	1.85530776105331
05bsv_jevi_20190502_cle8f22b6	cerisier	1.8184434783227315
05bsv_jevi_20190502_cle8f22b6	pois	1.8184434783227315
05bsv_jevi_20190502_cle8f22b6	arboriculture fruitière	1.7764255710798853
05bsv_jevi_20190502_cle8f22b6	pêcher	1.7619824460428366
05bsv_jevi_20190502_cle8f22b6	poireau	1.7080891567541192
05bsv_jevi_20190502_cle8f22b6	pomme de terre	1.5593679353275856
05bsv_jevi_20190502_cle8f22b6	semence	1.5134592524489638
05bsv_jevi_20190502_cle8f22b6	arboriculture	1.5010055804538676
05bsv_jevi_20190502_cle8f22b6	culture légumière	1.4691175313552052
05bsv_jevi_20190502_cle8f22b6	maïs	1.426212082726619
05bsv_jevi_20190502_cle8f22b6	tournesol	1.1932587208985774
05bsv_jevi_20190502_cle8f22b6	culture fruitière	0.9315336898377047
05bsv_jevi_20190502_cle8f22b6	colza	0.8982704942062343
119_BSV_Charentes_2015-07-28_cle88a1b6	arbuste à baies	4.446587344233965
119_BSV_Charentes_2015-07-28_cle88a1b6	châtaignier	3.9843413768920435
119_BSV_Charentes_2015-07-28_cle88a1b6	rosier ornemental	3.5917121127811025
119_BSV_Charentes_2015-07-28_cle88a1b6	vigne	3.1883154904410733
13_HORTI_Als_cle02386b	poinsettia	9.514007703297407
13_HORTI_Als_cle02386b	géranium	7.093923586270161
13_HORTI_Als_cle02386b	chrysanthème	6.804110456661701
13_HORTI_Als_cle02386b	culture légumière	2.734724159464136
13_HORTI_Als_cle02386b	tournesol	2.221220142626984
19bsv_jevi_20181108_cle871314	ciboule	7.372927012232594
19bsv_jevi_20181108_cle871314	jardins familiaux	5.7809589504973955
19bsv_jevi_20181108_cle871314	ail	5.330734136361748
19bsv_jevi_20181108_cle871314	mâche	4.7468842283225365
19bsv_jevi_20181108_cle871314	jardin	4.238436035003036
19bsv_jevi_20181108_cle871314	zone non agricole	4.02864908814242
19bsv_jevi_20181108_cle871314	poirée	3.6645863043569595
19bsv_jevi_20181108_cle871314	poireau	3.4453718509273887
19bsv_jevi_20181108_cle871314	maraîchage	2.921145676640148
19bsv_jevi_20181108_cle871314	gel	2.298930847491826
19bsv_jevi_20181108_cle871314	arboriculture fruitière	1.811893637412923
19bsv_jevi_20181108_cle871314	culture fruitière	0.963071836779519
2015-05-28_BSV_Grandes_Cultures_01_cle8ba414	pois protéagineux de printemps	6.432866792059353
2015-05-28_BSV_Grandes_Cultures_01_cle8ba414	féverole	4.936183433855373
2015-05-28_BSV_Grandes_Cultures_01_cle8ba414	légume à graines ou à gousses	4.936183433855373
2015-05-28_BSV_Grandes_Cultures_01_cle8ba414	féverole de printemps	4.664179944016199
2015-05-28_BSV_Grandes_Cultures_01_cle8ba414	betterave	4.603257701157251
2015-05-28_BSV_Grandes_Cultures_01_cle8ba414	orge de printemps	4.487043171539151
2015-05-28_BSV_Grandes_Cultures_01_cle8ba414	pois	3.964927133448181
2015-05-28_BSV_Grandes_Cultures_01_cle8ba414	laurier	3.866772579712129
2015-05-28_BSV_Grandes_Cultures_01_cle8ba414	prunier	3.6785313719700548
2015-05-28_BSV_Grandes_Cultures_01_cle8ba414	pomme de terre	3.5331545636761708
2015-05-28_BSV_Grandes_Cultures_01_cle8ba414	maïs	3.040964683380435
2015-05-28_BSV_Grandes_Cultures_01_cle8ba414	rosier ornemental	2.7031220897951727
2015-05-28_BSV_Grandes_Cultures_01_cle8ba414	semence	2.6915104045034695
2015-05-28_BSV_Grandes_Cultures_01_cle8ba414	blé	2.6144166512105316
2015-05-28_BSV_Grandes_Cultures_01_cle8ba414	tournesol	2.4626054269814524
2015-05-28_BSV_Grandes_Cultures_01_cle8ba414	céréale	2.1084019201481015
2015-05-28_BSV_Grandes_Cultures_01_cle8ba414	colza	1.759691665141958
20160718-BSV_30_20_Cereales_Normandie_cle095921	amandier	5.330734136361748
20160718-BSV_30_20_Cereales_Normandie_cle095921	triticale	4.1339563446369025
20160718-BSV_30_20_Cereales_Normandie_cle095921	céréale à paille	3.5540795381900874
20160718-BSV_30_20_Cereales_Normandie_cle095921	maïs	3.4344428236701052
20160718-BSV_30_20_Cereales_Normandie_cle095921	rosier ornemental	3.3183765920451993
20160718-BSV_30_20_Cereales_Normandie_cle095921	semence	2.588292850276979
20160718-BSV_30_20_Cereales_Normandie_cle095921	blé	2.555289740028315
20160718-BSV_30_20_Cereales_Normandie_cle095921	oranger	2.439084191217384
20160718-BSV_30_20_Cereales_Normandie_cle095921	colza	1.5362072642568003
2017_BSV_manche_10_sem21_cle8d2aee	laitue à couper	6.5677693729669056
2017_BSV_manche_10_sem21_cle8d2aee	persil	5.483819256829396
2017_BSV_manche_10_sem21_cle8d2aee	céleri	4.944535108590461
2017_BSV_manche_10_sem21_cle8d2aee	céleri à cotes	4.8110291235963505
2017_BSV_manche_10_sem21_cle8d2aee	oignon	4.4688009759058875
2017_BSV_manche_10_sem21_cle8d2aee	laitue	4.4688009759058875
2017_BSV_manche_10_sem21_cle8d2aee	laitue batavia	4.395946127639691
2017_BSV_manche_10_sem21_cle8d2aee	légume racine	4.269964989292376
2017_BSV_manche_10_sem21_cle8d2aee	carotte	4.062344972656644
2017_BSV_manche_10_sem21_cle8d2aee	navet potager	3.6412817810202096
2017_BSV_manche_10_sem21_cle8d2aee	céleri-rave	3.6412817810202096
2017_BSV_manche_10_sem21_cle8d2aee	horticulture ornementale	3.5172035433195257
2017_BSV_manche_10_sem21_cle8d2aee	salade	3.2674077257086904
2017_BSV_manche_10_sem21_cle8d2aee	chou	3.0807118807822733
2017_BSV_manche_10_sem21_cle8d2aee	poireau	3.0691213521386946
2017_BSV_manche_10_sem21_cle8d2aee	radis	2.9474392510865735
2017_BSV_manche_10_sem21_cle8d2aee	tomate	2.87995835805913
2017_BSV_manche_10_sem21_cle8d2aee	culture fruitière	1.0118579027195747
2017_BSV_manche_33_sem44_cle8f1de5	phacélie	7.086212209837035
2017_BSV_manche_33_sem44_cle8f1de5	persil	5.681303531092145
2017_BSV_manche_33_sem44_cle8f1de5	céleri-rave	5.363279820853447
2017_BSV_manche_33_sem44_cle8f1de5	céleri	4.959095075933492
2017_BSV_manche_33_sem44_cle8f1de5	chêne	4.544815375609777
2017_BSV_manche_33_sem44_cle8f1de5	laitue	4.357330904069007
2017_BSV_manche_33_sem44_cle8f1de5	carotte	4.286424854018691
2017_BSV_manche_33_sem44_cle8f1de5	salade	4.117179304924602
2017_BSV_manche_33_sem44_cle8f1de5	poireau	3.6739090070246454
20190403_LOR_BSV_Grandes_Cultures_cle8ff1e5	orge de printemps	5.3695838696138125
20190403_LOR_BSV_Grandes_Cultures_cle8ff1e5	blé tendre d'hiver	4.820684485720392
20190403_LOR_BSV_Grandes_Cultures_cle8ff1e5	orge d'hiver	4.142339445365704
20190403_LOR_BSV_Grandes_Cultures_cle8ff1e5	céréale	3.0182571240788394
20190403_LOR_BSV_Grandes_Cultures_cle8ff1e5	semence	2.539039343107243
20190403_LOR_BSV_Grandes_Cultures_cle8ff1e5	blé	2.5263882184723707
20190403_LOR_BSV_Grandes_Cultures_cle8ff1e5	colza	2.155385513797509
20190403_LOR_BSV_Grandes_Cultures_cle8ff1e5	floriculture	0.8726517837661933
55_02_note_commune_resistance_fongicides_maladies_cereales_2006_cle86a116	orge à six rangs	6.674031165909123
55_02_note_commune_resistance_fongicides_maladies_cereales_2006_cle86a116	orge	3.8831075409030533
55_02_note_commune_resistance_fongicides_maladies_cereales_2006_cle86a116	céréale à paille	3.692052276122913
55_02_note_commune_resistance_fongicides_maladies_cereales_2006_cle86a116	blé	3.0190979176169885
55_02_note_commune_resistance_fongicides_maladies_cereales_2006_cle86a116	céréale	2.763405348927383
BSV-18-17_cle8f1356-1	arbuste à baies	4.471950300306858
BSV-18-17_cle8f1356-1	vigne	2.995802332028822
BSV-18-17_cle8f1356-1	gel	2.862108639219378
BSV05_GC_LOR_S13_2020_cle4419d7	colza de printemps	7.086212209837035
BSV05_GC_LOR_S13_2020_cle4419d7	blé tendre d'hiver	4.893343858586767
BSV05_GC_LOR_S13_2020_cle4419d7	blé tendre	4.521424813412926
BSV05_GC_LOR_S13_2020_cle4419d7	orge d'hiver	3.573932087696085
BSV05_GC_LOR_S13_2020_cle4419d7	orge	3.5668439248032833
BSV05_GC_LOR_S13_2020_cle4419d7	blé	2.7247862923477344
BSV05_GC_LOR_S13_2020_cle4419d7	semence	2.604095131974473
BSV05_GC_LOR_S13_2020_cle4419d7	chou	2.4539755105939363
BSV05_GC_LOR_S13_2020_cle4419d7	gel	2.3129664898849334
BSV05_GC_LOR_S13_2020_cle4419d7	colza	2.1425624006642994
BSV05_GC_LOR_S13_2020_cle4419d7	floriculture	0.8300758852215696
BSV971_BanCas_N04_cle08e5ae	bananier	8.060244632805018
BSV971_BanCas_N04_cle08e5ae	bananier plantain	4.310140355265692
BSV971_BanCas_N04_cle08e5ae	jardin	4.168566270380325
BSV971_BanCas_N04_cle08e5ae	arbuste à baies	3.936023802901963
BSV971_BanCas_N04_cle08e5ae	pêcher	2.8751655594574843
BSV971_BanCas_N04_cle08e5ae	culture légumière	2.3972748073819323
BSV971_BanCas_N04_cle08e5ae	culture fruitière	1.1046041677161205
BSV971_CulturesVivrieres-Bilan2018_cle81e161	pomme de terre potagère	6.997278486216325
BSV971_CulturesVivrieres-Bilan2018_cle81e161	culture légumière	2.71941237391836
BSV971_CulturesVivrieres-Bilan2018_cle81e161	tournesol	2.2087834782723146
BSV971_CulturesVivrieres-Bilan2018_cle81e161	culture fruitière	1.0424003080094737
BSV_01-42_cereales_Normandie_2020_cle83b764	blé tendre d'hiver	5.135219404589325
BSV_01-42_cereales_Normandie_2020_cle83b764	céréale	3.367639463534509
BSV_01-42_cereales_Normandie_2020_cle83b764	céréale à paille	3.2955857935813904
BSV_01-42_cereales_Normandie_2020_cle83b764	blé	2.887284871640364
BSV_17-VF_cle81c713	myrtille	6.500394279832041
BSV_17-VF_cle81c713	prunier	4.359639452000385
BSV_17-VF_cle81c713	cerisier	4.12015774383191
BSV_17-VF_cle81c713	framboisier	3.866772579712129
BSV_17-VF_cle81c713	pommier	2.724975769307753
BSV_17-VF_cle81c713	poirier	2.556500917223038
BSV_17-VF_cle81c713	tournesol	2.337566956798087
BSV_17-VF_cle81c713	arboriculture fruitière	1.9585855145408642
BSV_17-VF_cle81c713	arboriculture	1.8776220907268826
BSV_17-VF_cle81c713	culture fruitière	1.2635718701447114
BSV_2019_n14bis_cle0ca71b	vigne	3.0723386394190686
BSV_5_VF_cle84611d	prunier	4.21360677650587
BSV_5_VF_cle84611d	cerisier	3.8563194650838093
BSV_5_VF_cle84611d	poirier	2.9444108590700275
BSV_5_VF_cle84611d	gel	2.743105540873274
BSV_5_VF_cle84611d	pommier	2.6610159270199096
BSV_5_VF_cle84611d	arboriculture fruitière	1.9314592639861385
BSV_5_VF_cle84611d	poirée	1.726061292208338
BSV_5_VF_cle84611d	semence	1.5293835351960905
BSV_5_VF_cle84611d	arboriculture	1.5121979377681647
BSV_5_VF_cle84611d	floriculture	0.9079415029252902
BSV_5_VF_cle84611d	colza	0.9077218972155952
BSV_AF_5_15_mars_2019_cle452e6e	poirier	2.97434649436467
BSV_AF_5_15_mars_2019_cle452e6e	pommier	2.719629019670912
BSV_AF_5_15_mars_2019_cle452e6e	arboriculture	2.242945151465377
BSV_AF_n19_du_11052017-1_cle84e61b	arbre fruitier à noyau	4.159142053654457
BSV_AF_n19_du_11052017-1_cle84e61b	prunier	4.113786098160934
BSV_AF_n19_du_11052017-1_cle84e61b	gel	2.944963471648408
BSV_AF_n19_du_11052017-1_cle84e61b	poirier	2.7981025720564285
BSV_AF_n19_du_11052017-1_cle84e61b	pommier	2.6554307608464742
BSV_AF_n19_du_11052017-1_cle84e61b	oranger	2.5660821557865177
BSV_AF_n19_du_11052017-1_cle84e61b	arboriculture	2.4569719541827033
BSV_AF_n19_du_11052017-1_cle84e61b	arboriculture fruitière	2.0702965567608063
BSV_AF_n19_du_11052017-1_cle84e61b	culture fruitière	1.1126444233137935
BSV_AF_n19_du_11052017-1_cle84e61b	floriculture	0.5817998659602721
BSV_AF_n30_du_25052018_cle0ca846	poirier	2.4652942986605226
BSV_AF_n30_du_25052018_cle0ca846	pommier	2.254171102583174
BSV_AF_n30_du_25052018_cle0ca846	arboriculture	1.9945049427539268
BSV_AF_n34_du_16072019_cle0a1d81	prunier	3.997366399432687
BSV_AF_n34_du_16072019_cle0a1d81	cerisier	3.9295690142746356
BSV_AF_n34_du_16072019_cle0a1d81	pommier	2.5401745057089204
BSV_AF_n34_du_16072019_cle0a1d81	arboriculture	2.4283804447242043
BSV_AF_n34_du_16072019_cle0a1d81	arboriculture fruitière	2.0660508462910676
BSV_AF_n34_du_16072019_cle0a1d81	poirier	1.9813945169121663
BSV_AF_n34_du_16072019_cle0a1d81	vigne	1.476432854905786
BSV_AF_n34_du_16072019_cle0a1d81	culture fruitière	1.2903537177270343
BSV_ARBO_2017_35_cle4d79ba	noyer	5.383569424063843
BSV_ARBO_2017_35_cle4d79ba	jardin	2.9240008714540293
BSV_ARBO_2017_35_cle4d79ba	poirier	2.9012276345212222
BSV_ARBO_2017_35_cle4d79ba	culture légumière	2.8562697463758946
BSV_ARBO_2017_35_cle4d79ba	maraîchage	2.7465545354628964
BSV_ARBO_2017_35_cle4d79ba	horticulture ornementale	2.6636020330979053
BSV_ARBO_2017_35_cle4d79ba	pommier	2.65277192232457
BSV_ARBO_2017_35_cle4d79ba	pomme de terre	2.5074154111300393
BSV_ARBO_2017_35_cle4d79ba	arboriculture fruitière	2.1068879960232008
BSV_ARBO_2017_35_cle4d79ba	arboriculture	2.0527002466213653
BSV_ARBO_2017_35_cle4d79ba	culture fruitière	1.3075133129037464
BSV_ARBO_2017_35_cle4d79ba	floriculture	0.6593453678303276
BSV_ARBO_2018_11_cle44752f	zone non agricole	3.486004658934366
BSV_ARBO_2018_11_cle44752f	maraîchage	3.1709798124774826
BSV_ARBO_2018_11_cle44752f	culture légumière	3.107740512381344
BSV_ARBO_2018_11_cle44752f	horticulture ornementale	3.0752086537411256
BSV_ARBO_2018_11_cle44752f	pomme de terre	2.8948865014428886
BSV_ARBO_2018_11_cle44752f	pommier	2.6472717026551056
BSV_ARBO_2018_11_cle44752f	poirier	2.4226989542396216
BSV_ARBO_2018_11_cle44752f	arboriculture	2.23342340977933
BSV_ARBO_2018_11_cle44752f	culture fruitière	1.0454395947503674
BSV_Arbo_06_20_cle882ae6	poirier	2.772377132583553
BSV_Arbo_06_20_cle882ae6	pommier	2.719629019670912
BSV_Arbo_06_20_cle882ae6	arboriculture	2.242945151465377
BSV_Arbo_06_20_cle882ae6	arboriculture fruitière	1.908283662239664
BSV_Arboriculture-Fruits_transformes__Bretagne-Normandie-Pays_de_la_Loire_no15_du_17-06-2020_cle0d4baf	bananier plantain	4.150583348116372
BSV_Arboriculture-Fruits_transformes__Bretagne-Normandie-Pays_de_la_Loire_no15_du_17-06-2020_cle0d4baf	poirier	2.8826633165610596
BSV_Arboriculture-Fruits_transformes__Bretagne-Normandie-Pays_de_la_Loire_no15_du_17-06-2020_cle0d4baf	pommier	2.6357974178576176
BSV_Arboriculture-Fruits_transformes__Bretagne-Normandie-Pays_de_la_Loire_no15_du_17-06-2020_cle0d4baf	arboriculture	2.401773499189512
BSV_Arboriculture-Fruits_transformes__Bretagne-Normandie-Pays_de_la_Loire_no15_du_17-06-2020_cle0d4baf	arboriculture fruitière	2.122599528587394
BSV_Arboriculture-Fruits_transformes__Bretagne-Normandie-Pays_de_la_Loire_no15_du_17-06-2020_cle0d4baf	vigne	2.1123322740870476
BSV_Arboriculture-Fruits_transformes__Bretagne-Normandie-Pays_de_la_Loire_no15_du_17-06-2020_cle0d4baf	culture fruitière	1.293107557583048
BSV_Arboriculture-Fruits_transformes__Bretagne-Normandie-Pays_de_la_Loire_no15_du_17-06-2020_cle0d4baf	floriculture	0.7861505670076737
BSV_Arboriculture-Fruits_transformes__Bretagne-Normandie-Pays_de_la_Loire_no_17_du_26-06-2018_cle861251	bananier plantain	4.247249986547592
BSV_Arboriculture-Fruits_transformes__Bretagne-Normandie-Pays_de_la_Loire_no_17_du_26-06-2018_cle861251	cerisier	2.9240008714540293
BSV_Arboriculture-Fruits_transformes__Bretagne-Normandie-Pays_de_la_Loire_no_17_du_26-06-2018_cle861251	poirier	2.833477156955014
BSV_Arboriculture-Fruits_transformes__Bretagne-Normandie-Pays_de_la_Loire_no_17_du_26-06-2018_cle861251	pommier	2.590823469030805
BSV_Arboriculture-Fruits_transformes__Bretagne-Normandie-Pays_de_la_Loire_no_17_du_26-06-2018_cle861251	arboriculture	2.3852108915031303
BSV_Arboriculture-Fruits_transformes__Bretagne-Normandie-Pays_de_la_Loire_no_17_du_26-06-2018_cle861251	vigne	2.161528264881555
BSV_Arboriculture-Fruits_transformes__Bretagne-Normandie-Pays_de_la_Loire_no_17_du_26-06-2018_cle861251	arboriculture fruitière	2.132976779875887
BSV_Arboriculture-Fruits_transformes__Bretagne-Normandie-Pays_de_la_Loire_no_17_du_26-06-2018_cle861251	culture fruitière	1.2722132980752532
BSV_Arboriculture-Fruits_transformes__Bretagne-Normandie-Pays_de_la_Loire_no_17_du_26-06-2018_cle861251	floriculture	0.7972195622494036
BSV_Arboriculture-Fruits_transformes__Bretagne-Normandie-Pays_de_la_Loire_no_1_du_13-03-2018_cle0bf736	poirier	2.9558305090076273
BSV_Arboriculture-Fruits_transformes__Bretagne-Normandie-Pays_de_la_Loire_no_1_du_13-03-2018_cle0bf736	pommier	2.7969424747363196
BSV_Arboriculture-Fruits_transformes__Bretagne-Normandie-Pays_de_la_Loire_no_1_du_13-03-2018_cle0bf736	arboriculture	2.3913650241927495
BSV_Arboriculture-Fruits_transformes__Bretagne-Normandie-Pays_de_la_Loire_no_1_du_13-03-2018_cle0bf736	arboriculture fruitière	1.646259993184049
BSV_Arboriculture-Fruits_transformes__Bretagne-Normandie-Pays_de_la_Loire_no_1_du_13-03-2018_cle0bf736	culture fruitière	1.032065576268077
BSV_Arboriculture_3_24_fevrier_2020-2-2_cle83ae58	amandier	6.353355307681352
BSV_Arboriculture_3_24_fevrier_2020-2-2_cle83ae58	abricotier	5.88666664081963
BSV_Arboriculture_3_24_fevrier_2020-2-2_cle83ae58	prunier	4.184892743765773
BSV_Arboriculture_3_24_fevrier_2020-2-2_cle83ae58	pêcher	3.8082508872773975
BSV_Arboriculture_3_24_fevrier_2020-2-2_cle83ae58	arboriculture	2.3977938211000365
BSV_Arboriculture_3_24_fevrier_2020-2-2_cle83ae58	arboriculture fruitière	2.0019187376873724
BSV_Arboriculture_3_24_fevrier_2020-2-2_cle83ae58	floriculture	0.9432158836711088
BSV_Arboriculture_4_14mars2017_cle063599	abricotier	5.557761660826872
BSV_Arboriculture_4_14mars2017_cle063599	prunier	3.9510707612849587
BSV_Arboriculture_4_14mars2017_cle063599	pêcher	3.7074163711073904
BSV_Arboriculture_4_14mars2017_cle063599	arboriculture	2.393967133812181
BSV_Arboriculture_4_14mars2017_cle063599	arboriculture fruitière	1.8900657854919147
BSV_Arboriculture_4_14mars2017_cle063599	culture fruitière	1.2446797540824528
BSV_Arboriculture_4_14mars2017_cle063599	floriculture	0.7541488955063808
BSV_Betteraves_du_22_juillet_2020_cle8647db	betterave	4.858939556248127
BSV_Betteraves_du_29_mai_2019_cle8fbfd9	betterave	4.813786427333869
BSV_Bilan_Fruits_a_noyau_2018_cle888e1e	arbre fruitier à noyau	5.516230069540833
BSV_Bilan_Fruits_a_noyau_2018_cle888e1e	abricotier	5.313198666048894
BSV_Bilan_Fruits_a_noyau_2018_cle888e1e	pêcher	3.5897881918341237
BSV_Bilan_Fruits_a_noyau_2018_cle888e1e	cerisier	2.9360031732509335
BSV_Bilan_Fruits_a_noyau_2018_cle888e1e	prunier	2.4445298705818885
BSV_Bilan_Fruits_a_noyau_2018_cle888e1e	olivier	1.7047284938909262
BSV_Bilan_Fruits_a_noyau_2018_cle888e1e	chêne	1.6392464299547245
BSV_Bilan_Fruits_a_noyau_2018_cle888e1e	arboriculture fruitière	1.504678971562977
BSV_Bilan_Fruits_a_noyau_2018_cle888e1e	culture fruitière	1.1823536331293798
BSV_Bilan_Fruits_a_noyau_2018_cle888e1e	oranger	1.0885454007309607
BSV_Bilan_Fruits_a_noyau_2018_cle888e1e	gel	1.0259959904814624
BSV_Bilan_Fruits_a_noyau_2018_cle888e1e	agrume	0.775306123252397
BSV_Bilan_Fruits_a_noyau_2018_cle888e1e	pommier	0.7405403568056899
BSV_Bilan_Fruits_a_noyau_2018_cle888e1e	laurier	0.6903905380470741
BSV_Bilan_Fruits_a_noyau_2018_cle888e1e	luzerne	0.6569903692254484
BSV_Bilan_Fruits_a_noyau_2018_cle888e1e	floriculture	0.5072925644144933
BSV_Bilan_Fruits_a_noyau_2018_cle888e1e	arboriculture	0.4769606965573796
BSV_Bilan_Fruits_a_noyau_2018_cle888e1e	poirée	0.42485370158735736
BSV_Bilan_Fruits_a_noyau_2018_cle888e1e	horticulture ornementale	0.41202210577134313
BSV_Bilan_Fruits_a_noyau_2018_cle888e1e	vigne	0.33435829238535514
BSV_Cassis_n_05_du_10_mai_2012_cle09e263	cassissier	7.583254716457822
BSV_Cassis_n_05_du_10_mai_2012_cle09e263	arbuste à baies	3.6775478429942545
BSV_Cassis_n_05_du_10_mai_2012_cle09e263	poirée	3.130414348119716
BSV_Cassis_n_05_du_10_mai_2012_cle09e263	gel	2.4636245182406804
BSV_Cassis_n_05_du_10_mai_2012_cle09e263	vigne	2.4636245182406804
BSV_Cassis_n_05_du_10_mai_2012_cle09e263	arboriculture fruitière	1.8862564877829167
BSV_Cassis_n_05_du_10_mai_2012_cle09e263	floriculture	0.9611345420074504
BSV_Cereales_paille_14_cle09e79d	blé dur	7.550789052281332
BSV_Cereales_paille_14_cle09e79d	blé tendre	5.093310163037492
BSV_Cereales_paille_14_cle09e79d	céréale à paille	4.168806721298696
BSV_Cereales_paille_14_cle09e79d	orge d'hiver	4.137827371900347
BSV_Cereales_paille_14_cle09e79d	triticale	3.7490668957752704
BSV_Cereales_paille_14_cle09e79d	orge de printemps	2.858289669556323
BSV_Cereales_paille_14_cle09e79d	blé	2.7168266180663445
BSV_Cereales_paille_14_cle09e79d	oranger	2.522305121546624
BSV_Cereales_paille_14_cle09e79d	orge	1.9960568174716264
BSV_Colza_no08-05avril18_cle866147	colza	2.169767790151835
BSV_Colza_no08-05avril18_cle866147	floriculture	0.8922011276121137
BSV_Colza_no24-20nov2019_cle8157b8	mâche	6.421234336175241
BSV_Colza_no24-20nov2019_cle8157b8	chou	3.204996109172782
BSV_Colza_no24-20nov2019_cle8157b8	colza	2.1461552488463096
BSV_Colza_no25-14nov_cle0f148b	mâche	5.888960144538854
BSV_Colza_no25-14nov_cle0f148b	chou	3.2483063892397688
BSV_Colza_no25-14nov_cle0f148b	colza	2.076400515798754
BSV_FR_08_13082019_cle8c5d91	fraisier	4.752452881265358
BSV_FR_08_13082019_cle8c5d91	olivier	3.7959645413339858
BSV_FR_08_13082019_cle8c5d91	culture fruitière	1.350832888564206
BSV_FR_08_13082019_cle8c5d91	floriculture	0.9475689276722792
BSV_GC_NA_Limousin_18_20200901_cle088995	lentille potagère	6.7203102188715835
BSV_GC_NA_Limousin_18_20200901_cle088995	fourrage annuel	5.964522062654847
BSV_GC_NA_Limousin_18_20200901_cle088995	protéagineux	5.964522062654847
BSV_GC_NA_Limousin_18_20200901_cle088995	oléagineux	4.783289707912607
BSV_GC_NA_Limousin_18_20200901_cle088995	féverole	4.529259877033561
BSV_GC_NA_Limousin_18_20200901_cle088995	maïs	3.233065006133473
BSV_GC_NA_Limousin_18_20200901_cle088995	céréale à paille	2.8751655594574843
BSV_GC_NA_Limousin_18_20200901_cle088995	oranger	2.3272626069272495
BSV_GC_NA_Limousin_18_20200901_cle088995	gel	2.193534694925362
BSV_GC_NA_Limousin_18_20200901_cle088995	colza	2.162532936630093
BSV_GC_n_15_du_10_mars_2015_cle0bc9b5	poirée	3.7972753209378403
BSV_GC_n_15_du_10_mars_2015_cle0bc9b5	chou	2.6614850365286626
BSV_GC_n_15_du_10_mars_2015_cle0bc9b5	colza	2.1124163270344414
BSV_GC_n_22_du_30_avril_2013_cle82bfbf	orge à six rangs	6.688950229296708
BSV_GC_n_22_du_30_avril_2013_cle82bfbf	féverole	5.079366556914549
BSV_GC_n_22_du_30_avril_2013_cle82bfbf	luzerne	4.833633611344693
BSV_GC_n_22_du_30_avril_2013_cle82bfbf	pois protéagineux de printemps	4.543009929075376
BSV_GC_n_22_du_30_avril_2013_cle82bfbf	soja	3.677344020127202
BSV_GC_n_22_du_30_avril_2013_cle82bfbf	pois	3.637592271779402
BSV_GC_n_22_du_30_avril_2013_cle82bfbf	poirée	3.5837109277479793
BSV_GC_n_22_du_30_avril_2013_cle82bfbf	semence	3.3384007307558643
BSV_GC_n_22_du_30_avril_2013_cle82bfbf	maïs	2.8529773467745967
BSV_GC_n_22_du_30_avril_2013_cle82bfbf	blé	2.835963439444135
BSV_GC_n_22_du_30_avril_2013_cle82bfbf	tournesol	2.579129518700787
BSV_GC_n_22_du_30_avril_2013_cle82bfbf	céréale à paille	2.5680348915450537
BSV_GC_n_22_du_30_avril_2013_cle82bfbf	chou	2.0786599772379657
BSV_GC_n_22_du_30_avril_2013_cle82bfbf	colza	2.0516401553626546
BSV_GC_n_22_du_30_avril_2013_cle82bfbf	floriculture	0.8862858250125697
BSV_GRANDES_CULTURES_2017_No5_cle8b8eff	millet	6.3173554451744485
BSV_GRANDES_CULTURES_2017_No5_cle8b8eff	orge de printemps	4.76636370448779
BSV_GRANDES_CULTURES_2017_No5_cle8b8eff	jardins familiaux	3.8702782551966317
BSV_GRANDES_CULTURES_2017_No5_cle8b8eff	blé tendre	3.426100171653118
BSV_GRANDES_CULTURES_2017_No5_cle8b8eff	pomme de terre	3.1921426489078706
BSV_GRANDES_CULTURES_2017_No5_cle8b8eff	orge d'hiver	3.1861590743145105
BSV_GRANDES_CULTURES_2017_No5_cle8b8eff	betterave	3.1861590743145105
BSV_GRANDES_CULTURES_2017_No5_cle8b8eff	zone non agricole	2.8803966280963547
BSV_GRANDES_CULTURES_2017_No5_cle8b8eff	blé	2.829944372067136
BSV_GRANDES_CULTURES_2017_No5_cle8b8eff	culture légumière	2.775292757119276
BSV_GRANDES_CULTURES_2017_No5_cle8b8eff	céréale à paille	2.702768504913844
BSV_GRANDES_CULTURES_2017_No5_cle8b8eff	orge	2.702768504913844
BSV_GRANDES_CULTURES_2017_No5_cle8b8eff	maraîchage	2.620099642211556
BSV_GRANDES_CULTURES_2017_No5_cle8b8eff	horticulture ornementale	2.540966379441503
BSV_GRANDES_CULTURES_2017_No5_cle8b8eff	colza	2.1465759646090414
BSV_GRANDES_CULTURES_2017_No5_cle8b8eff	tournesol	1.830382644447779
BSV_GRANDES_CULTURES_2017_No5_cle8b8eff	arboriculture	1.6195342169450049
BSV_GRANDES_CULTURES_2018_No38_cle0b961f	mâche	5.5987558000478215
BSV_GRANDES_CULTURES_2018_No38_cle0b961f	jardins familiaux	4.314968183049413
BSV_GRANDES_CULTURES_2018_No38_cle0b961f	oignon	3.681126088237096
BSV_GRANDES_CULTURES_2018_No38_cle0b961f	pomme de terre	3.345515283355584
BSV_GRANDES_CULTURES_2018_No38_cle0b961f	céréale	3.0527855558911496
BSV_GRANDES_CULTURES_2018_No38_cle0b961f	pêcher	3.0133130839345177
BSV_GRANDES_CULTURES_2018_No38_cle0b961f	culture légumière	2.963344254145271
BSV_GRANDES_CULTURES_2018_No38_cle0b961f	maraîchage	2.921145676640148
BSV_GRANDES_CULTURES_2018_No38_cle0b961f	horticulture ornementale	2.832920105102703
BSV_GRANDES_CULTURES_2018_No38_cle0b961f	blé	2.8071764167659095
BSV_GRANDES_CULTURES_2018_No38_cle0b961f	chou	2.439084191217384
BSV_GRANDES_CULTURES_2018_No38_cle0b961f	colza	2.1237197795859912
BSV_GRANDES_CULTURES_2018_No38_cle0b961f	arboriculture	1.8056165879273454
BSV_Grandes_Cultures_Lin__Oleagineux_n19_NR_02052018_cle06c988	lin oléagineux de printemps	7.063140905118162
BSV_Grandes_Cultures_Lin__Oleagineux_n19_NR_02052018_cle06c988	lin oléagineux	6.785449117017335
BSV_Grandes_Cultures_Lin__Oleagineux_n19_NR_02052018_cle06c988	lin oléagineux d'hiver	6.302497971405671
BSV_Grandes_Cultures_Lin__Oleagineux_n19_NR_02052018_cle06c988	lin	5.568401956377127
BSV_Grandes_Cultures_Lin__Oleagineux_n2_NR_17102017_cle4cd66c	lin oléagineux	6.850628776827624
BSV_Grandes_Cultures_Lin__Oleagineux_n2_NR_17102017_cle4cd66c	lin oléagineux d'hiver	6.361340405162007
BSV_Grandes_Cultures_Lin__Oleagineux_n2_NR_17102017_cle4cd66c	lin	5.45870135621633
BSV_Grandes_Cultures_Lin__Oleagineux_n2_NR_17102017_cle4cd66c	colza	1.6200091781722672
BSV_Horticulture_n_14_du_21_octobre_2011_cle036c85	chrysanthème	8.354110669485236
BSV_JEVI_4_24_juillet_2019_cle4fa1b8	palmier	7.789893205421609
BSV_JEVI_4_24_juillet_2019_cle4fa1b8	chêne	5.4461762616749345
BSV_JEVI_4_24_juillet_2019_cle4fa1b8	vigne de table	5.162157312439977
BSV_JEVI_4_24_juillet_2019_cle4fa1b8	arboriculture fruitière tropicale	5.162157312439977
BSV_JEVI_4_24_juillet_2019_cle4fa1b8	goyavier	5.162157312439977
BSV_JEVI_4_24_juillet_2019_cle4fa1b8	ananas	5.162157312439977
BSV_JEVI_4_24_juillet_2019_cle4fa1b8	manguier	4.581604148939608
BSV_JEVI_4_24_juillet_2019_cle4fa1b8	citronnier	4.581604148939608
BSV_JEVI_4_24_juillet_2019_cle4fa1b8	figuier	4.581604148939608
BSV_JEVI_4_24_juillet_2019_cle4fa1b8	bananier	4.196583038628875
BSV_JEVI_4_24_juillet_2019_cle4fa1b8	courge	4.196583038628875
BSV_JEVI_4_24_juillet_2019_cle4fa1b8	amandier	3.9070371202610517
BSV_JEVI_4_24_juillet_2019_cle4fa1b8	agrume	3.9070371202610517
BSV_JEVI_4_24_juillet_2019_cle4fa1b8	olivier	3.7083456192679756
BSV_JEVI_4_24_juillet_2019_cle4fa1b8	laurier	3.4791179622204518
BSV_JEVI_4_24_juillet_2019_cle4fa1b8	abricotier	3.3108028986663944
BSV_JEVI_4_24_juillet_2019_cle4fa1b8	melon	3.3108028986663944
BSV_JEVI_4_24_juillet_2019_cle4fa1b8	cerisier	3.0191676255035427
BSV_JEVI_4_24_juillet_2019_cle4fa1b8	tomate	3.0191676255035427
BSV_JEVI_4_24_juillet_2019_cle4fa1b8	pêcher	2.9254251898468677
BSV_JEVI_4_24_juillet_2019_cle4fa1b8	poivron	2.7995999604170785
BSV_JEVI_4_24_juillet_2019_cle4fa1b8	vigne	2.664291357831447
BSV_JEVI_4_24_juillet_2019_cle4fa1b8	rosier ornemental	2.4321266438124503
BSV_JEVI_4_24_juillet_2019_cle4fa1b8	zone non agricole	2.353684329700472
BSV_JEVI_4_24_juillet_2019_cle4fa1b8	poirée	2.1409855191376304
BSV_JEVI_4_24_juillet_2019_cle4fa1b8	horticulture ornementale	2.0763226464196327
BSV_JEVI_4_24_juillet_2019_cle4fa1b8	culture légumière	1.8414491703230775
BSV_JEVI_4_24_juillet_2019_cle4fa1b8	oranger	1.7876698088402916
BSV_JEVI_4_24_juillet_2019_cle4fa1b8	arboriculture	1.7529530129776567
BSV_JEVI_4_24_juillet_2019_cle4fa1b8	poirier	1.6357604541809876
BSV_JEVI_4_24_juillet_2019_cle4fa1b8	tournesol	1.4956769861377346
BSV_JEVI_4_24_juillet_2019_cle4fa1b8	arboriculture fruitière	1.4914014251100127
BSV_JEVI_4_24_juillet_2019_cle4fa1b8	culture fruitière	1.1931866965925786
BSV_JEVI_4_24_juillet_2019_cle4fa1b8	floriculture	0.5139708192239811
BSV_KIWI_NA_N_3_2017-02-23_cle483144	actinidia	6.536568670228238
BSV_LIN_FIBRE_2020_No6_cle0365b1	lin	5.49411656240405
BSV_Legumes_082019_cle841c8f-1	chicorée endive	6.390588237903543
BSV_Legumes_082019_cle841c8f-1	navet potager	5.4496775919786975
BSV_Legumes_082019_cle841c8f-1	oignon	4.695505139363155
BSV_Legumes_082019_cle841c8f-1	chou pommé	4.459036457465503
BSV_Legumes_082019_cle841c8f-1	carotte	3.823331252207201
BSV_Legumes_082019_cle841c8f-1	pois	3.465172694464703
BSV_Legumes_082019_cle841c8f-1	poireau	3.349002163925485
BSV_Legumes_082019_cle841c8f-1	céleri	3.274556255936128
BSV_Legumes_082019_cle841c8f-1	échalote	3.2222318534552468
BSV_Legumes_082019_cle841c8f-1	chou	3.1969118807001116
BSV_Legumes_082019_cle841c8f-1	salade	3.179261663220759
BSV_Legumes_082019_cle841c8f-1	culture légumière	3.0019837065109845
BSV_Legumes_082019_cle841c8f-1	ciboule	2.965279584614293
BSV_Legumes_082019_cle841c8f-1	haricot vert	2.965279584614293
BSV_Legumes_082019_cle841c8f-1	ail	2.528690177592431
BSV_Legumes_082019_cle841c8f-1	scorsonère	2.528690177592431
BSV_Legumes_082019_cle841c8f-1	épinard	2.378026465351965
BSV_Legumes_082019_cle841c8f-1	haricot	2.2517347921087665
BSV_Legumes_082019_cle841c8f-1	ciboulette	2.142798881123218
BSV_Legumes_082019_cle841c8f-1	radis	2.046850843052524
BSV_Legumes_082019_cle841c8f-1	concombre	1.883174261210653
BSV_Legumes_082019_cle841c8f-1	olivier	1.8119410446302122
BSV_Legumes_082019_cle841c8f-1	tomate	1.475200615833777
BSV_Legumes_082019_cle841c8f-1	pomme de terre	1.2650272422151332
BSV_Legumes_082019_cle841c8f-1	floriculture	0.5002210026205721
BSV_Legumes_322019_2__cle44e13b	chicorée endive	6.7985893327179285
BSV_Legumes_322019_2__cle44e13b	épinard	6.384479949166188
BSV_Legumes_322019_2__cle44e13b	haricot vert	5.467838974164489
BSV_Legumes_322019_2__cle44e13b	haricot	5.162622849181266
BSV_Legumes_322019_2__cle44e13b	haricot demi-sec	5.008341958622378
BSV_Legumes_322019_2__cle44e13b	scorsonère	4.66278821678978
BSV_Legumes_322019_2__cle44e13b	carotte	3.9605903845121295
BSV_Legumes_322019_2__cle44e13b	poireau	3.8863768638694562
BSV_Legumes_322019_2__cle44e13b	pois	3.850843444204463
BSV_Legumes_322019_2__cle44e13b	culture légumière	3.4119091980957963
BSV_Legumes_322019_2__cle44e13b	olivier	3.3411358288517308
BSV_Legumes_322019_2__cle44e13b	oignon	3.219877583402446
BSV_Legumes_322019_2__cle44e13b	poirée	3.176983615068862
BSV_Legumes_322019_2__cle44e13b	salade	2.720201988311528
BSV_Legumes_322019_2__cle44e13b	chou	2.65270252464225
BSV_Legumes_322019_2__cle44e13b	oranger	2.133464685284179
BSV_Legumes_322019_2__cle44e13b	floriculture	0.6133898926179752
BSV_Lin_09_cle07fbd6	lin oléagineux	6.856087834186356
BSV_Lin_09_cle07fbd6	lin oléagineux d'hiver	6.368302030069341
BSV_Lin_09_cle07fbd6	lin	5.462530734812692
BSV_Lin_bilan_cle8a2881	lin oléagineux	6.425953520991468
BSV_Lin_bilan_cle8a2881	lin oléagineux d'hiver	5.97686057674096
BSV_Lin_bilan_cle8a2881	lin	5.574854078689621
BSV_Lin_bilan_cle8a2881	lin oléagineux de printemps	4.449636801201455
BSV_Lin_bilan_cle8a2881	oléagineux	3.8958061770933834
BSV_Lin_bilan_cle8a2881	gel	2.987250549602447
BSV_Lin_bilan_cle8a2881	céréale	2.0114195610421803
BSV_Lin_bilan_cle8a2881	floriculture	0.7074513540892492
BSV_MARAICHAGE_2018-17_cle04f12d	persil	4.401638051908865
BSV_MARAICHAGE_2018-17_cle04f12d	carotte	4.24600775475076
BSV_MARAICHAGE_2018-17_cle04f12d	salade	3.8589640764932946
BSV_MARAICHAGE_2018-17_cle04f12d	poireau	3.8344980007851097
BSV_MARAICHAGE_2018-17_cle04f12d	laitue	3.586924276809141
BSV_MARAICHAGE_2018-17_cle04f12d	chou	3.330159906186377
BSV_MARAICHAGE_2018-17_cle04f12d	zone non agricole	3.129170423272339
BSV_MARAICHAGE_2018-17_cle04f12d	culture légumière	2.9181485321155174
BSV_MARAICHAGE_2018-17_cle04f12d	maraîchage	2.846392134493423
BSV_MARAICHAGE_2018-17_cle04f12d	horticulture ornementale	2.7604242983483216
BSV_MARAICHAGE_2018-17_cle04f12d	pomme de terre	2.598560273242589
BSV_MARAICHAGE_2018-17_cle04f12d	arboriculture	1.7594099790663658
BSV_MARAICHAGE_2019_07_cle0cc493	moutarde	5.811514146344043
BSV_MARAICHAGE_2019_07_cle0cc493	panais	4.075486401321167
BSV_MARAICHAGE_2019_07_cle0cc493	fenouil	4.075486401321167
BSV_MARAICHAGE_2019_07_cle0cc493	carotte	3.978171728269294
BSV_MARAICHAGE_2019_07_cle0cc493	persil	3.727274609588012
BSV_MARAICHAGE_2019_07_cle0cc493	poivron	3.6733422612749482
BSV_MARAICHAGE_2019_07_cle0cc493	cerfeuil	3.617143817032237
BSV_MARAICHAGE_2019_07_cle0cc493	manguier	3.617143817032237
BSV_MARAICHAGE_2019_07_cle0cc493	citronnier	3.617143817032237
BSV_MARAICHAGE_2019_07_cle0cc493	pomme de terre	3.507922125597664
BSV_MARAICHAGE_2019_07_cle0cc493	bananier	3.3131723949464416
BSV_MARAICHAGE_2019_07_cle0cc493	courge	3.3131723949464416
BSV_MARAICHAGE_2019_07_cle0cc493	salade	3.260450175165928
BSV_MARAICHAGE_2019_07_cle0cc493	tomate	3.260450175165928
BSV_MARAICHAGE_2019_07_cle0cc493	céleri	3.1517665559823556
BSV_MARAICHAGE_2019_07_cle0cc493	agrume	3.084577956334041
BSV_MARAICHAGE_2019_07_cle0cc493	laitue	3.0373809990277607
BSV_MARAICHAGE_2019_07_cle0cc493	épinard	2.900793493644796
BSV_MARAICHAGE_2019_07_cle0cc493	chou	2.8926792793238008
BSV_MARAICHAGE_2019_07_cle0cc493	haricot	2.746738831351051
BSV_MARAICHAGE_2019_07_cle0cc493	melon	2.6138552884572683
BSV_MARAICHAGE_2019_07_cle0cc493	semence	2.489082798743673
BSV_MARAICHAGE_2019_07_cle0cc493	culture légumière	2.41615700634948
BSV_MARAICHAGE_2019_07_cle0cc493	concombre	2.2971567911085837
BSV_MARAICHAGE_2019_07_cle0cc493	châtaignier	2.1300481501806727
BSV_MARAICHAGE_2019_07_cle0cc493	pêcher	1.7436245883725703
BSV_MARAICHAGE_2019_07_cle0cc493	maraîchage	1.6902928060025892
BSV_MARAICHAGE_2019_07_cle0cc493	horticulture ornementale	1.6392419289211237
BSV_MARAICHAGE_2019_07_cle0cc493	arboriculture	1.4898553823583718
BSV_MARAICHAGE_2019_07_cle0cc493	arboriculture fruitière	1.4773239729644545
BSV_MARAICHAGE_2019_07_cle0cc493	oranger	1.4113525712251787
BSV_MARAICHAGE_2019_07_cle0cc493	poirier	1.291421218560756
BSV_MARAICHAGE_2019_07_cle0cc493	culture fruitière	1.0674800746032311
BSV_MARAICHAGE_2019_07_cle0cc493	colza	0.8889115349730861
BSV_MARAICHAGE_2019_07_cle0cc493	floriculture	0.5786241111889661
BSV_MARAICHAGE_Nord_NA_24_20201021_cle8b8312	ciboulette	5.375037575328822
BSV_MARAICHAGE_Nord_NA_24_20201021_cle8b8312	céleri	4.907260842148092
BSV_MARAICHAGE_Nord_NA_24_20201021_cle8b8312	carotte	4.0490414394627665
BSV_MARAICHAGE_Nord_NA_24_20201021_cle8b8312	maraîchage	3.9036198949987573
BSV_MARAICHAGE_Nord_NA_24_20201021_cle8b8312	poireau	3.876359811598188
BSV_MARAICHAGE_Nord_NA_24_20201021_cle8b8312	radis	3.3854487992356623
BSV_MARAICHAGE_Nord_NA_24_20201021_cle8b8312	chou	3.17567848176895
BSV_MARAICHAGE_Nord_NA_24_20201021_cle8b8312	salade	3.156820571587813
BSV_MARAICHAGE_Nord_NA_24_20201021_cle8b8312	châtaignier	2.888147343522286
BSV_MARAICHAGE_Nord_NA_24_20201021_cle8b8312	culture légumière	2.8272796582750606
BSV_MARAICHAGE_Nord_NA_24_20201021_cle8b8312	oranger	2.7447092038711385
BSV_MARAICHAGE_Nord_NA_24_20201021_cle8b8312	tomate	2.4399511915866623
BSV_MARAICHAGE_Nord_NA_24_20201021_cle8b8312	jardin	2.4399511915866623
BSV_MARAICHAGE_Nord_NA_24_20201021_cle8b8312	tournesol	1.601090752962594
BSV_NA_CHATAIGNIER_GSO_09_20190919_cle868eba	châtaignier	5.149811774297763
BSV_NA_CHATAIGNIER_GSO_09_20190919_cle868eba	culture fruitière	1.3171249314712912
BSV_NA_CULTURES_LEGUMIERES-Nord_NA__20_20170830_cle02661b	chou-navet à chair jaune	6.477451885506856
BSV_NA_CULTURES_LEGUMIERES-Nord_NA__20_20170830_cle02661b	melon	5.299726742056904
BSV_NA_CULTURES_LEGUMIERES-Nord_NA__20_20170830_cle02661b	céleri	4.980761706608173
BSV_NA_CULTURES_LEGUMIERES-Nord_NA__20_20170830_cle02661b	carotte	4.158068524261644
BSV_NA_CULTURES_LEGUMIERES-Nord_NA__20_20170830_cle02661b	ciboulette	4.154380655317846
BSV_NA_CULTURES_LEGUMIERES-Nord_NA__20_20170830_cle02661b	radis	3.968360083444273
BSV_NA_CULTURES_LEGUMIERES-Nord_NA__20_20170830_cle02661b	maraîchage	3.8387254143162712
BSV_NA_CULTURES_LEGUMIERES-Nord_NA__20_20170830_cle02661b	tomate	3.763872213790446
BSV_NA_CULTURES_LEGUMIERES-Nord_NA__20_20170830_cle02661b	poireau	3.4271560577347437
BSV_NA_CULTURES_LEGUMIERES-Nord_NA__20_20170830_cle02661b	betterave	2.4017990313573936
BSV_NA_CULTURES_LEGUMIERES-Nord_NA__20_20170830_cle02661b	poirée	1.9750905827190923
BSV_NA_CULTURES_LEGUMIERES-Nord_NA__20_20170830_cle02661b	culture légumière	1.6987639021145546
BSV_NA_CULTURES_LEGUMIERES-Nord_NA__20_20170830_cle02661b	culture fruitière	1.2739947967785323
BSV_NA_CULTURES__LEGUMIERES-Nord_Nouvelle_Aquitaine_n_28_cle424df5	ciboulette	5.605328398491028
BSV_NA_CULTURES__LEGUMIERES-Nord_Nouvelle_Aquitaine_n_28_cle424df5	melon	5.246636602612315
BSV_NA_CULTURES__LEGUMIERES-Nord_Nouvelle_Aquitaine_n_28_cle424df5	céleri	5.241519048242523
BSV_NA_CULTURES__LEGUMIERES-Nord_Nouvelle_Aquitaine_n_28_cle424df5	carotte	4.24600775475076
BSV_NA_CULTURES__LEGUMIERES-Nord_Nouvelle_Aquitaine_n_28_cle424df5	maraîchage	3.8907753536840297
BSV_NA_CULTURES__LEGUMIERES-Nord_Nouvelle_Aquitaine_n_28_cle424df5	poireau	3.7530696959361354
BSV_NA_CULTURES__LEGUMIERES-Nord_Nouvelle_Aquitaine_n_28_cle424df5	tomate	3.0302886668718387
BSV_NA_GC_AQUITAINE_N09_20190404_cle0279a3	triticale	5.139411040236096
BSV_NA_GC_AQUITAINE_N09_20190404_cle0279a3	blé dur	4.621115605294217
BSV_NA_GC_AQUITAINE_N09_20190404_cle0279a3	blé tendre	4.356415549932725
BSV_NA_GC_AQUITAINE_N09_20190404_cle0279a3	oléagineux	4.045941618270241
BSV_NA_GC_AQUITAINE_N09_20190404_cle0279a3	orge	3.946130629648942
BSV_NA_GC_AQUITAINE_N09_20190404_cle0279a3	prairie	3.645728632139578
BSV_NA_GC_AQUITAINE_N09_20190404_cle0279a3	soja	3.4824839559016527
BSV_NA_GC_AQUITAINE_N09_20190404_cle0279a3	céréale à paille	3.436672062333154
BSV_NA_GC_AQUITAINE_N09_20190404_cle0279a3	blé tendre d'hiver	3.3363946230587986
BSV_NA_GC_AQUITAINE_N09_20190404_cle0279a3	blé	2.8654831313958935
BSV_NA_GC_AQUITAINE_N09_20190404_cle0279a3	colza	2.091490118071539
BSV_NA_GC_AQUITAINE_N09_20190404_cle0279a3	céréale	2.0889350609057127
BSV_NA_GC_AQUITAINE_N09_20190404_cle0279a3	semence	2.0889350609057127
BSV_NA_GC_AQUITAINE_N09_20190404_cle0279a3	maïs	1.9685131390714192
BSV_NA_GC_AQUITAINE_N09_20190404_cle0279a3	tournesol	1.646981889194006
BSV_NA_GC_AQUITAINE_N09_20190404_cle0279a3	floriculture	0.9068210142639299
BSV_NA_GC_Aquitaine_N5_20180322_cle4a4445	blé dur	5.177744631246026
BSV_NA_GC_Aquitaine_N5_20180322_cle4a4445	triticale	4.589361905620021
BSV_NA_GC_Aquitaine_N5_20180322_cle4a4445	blé tendre	4.5887877931450864
BSV_NA_GC_Aquitaine_N5_20180322_cle4a4445	oléagineux	4.533288989423546
BSV_NA_GC_Aquitaine_N5_20180322_cle4a4445	prairie	4.0848689936288185
BSV_NA_GC_Aquitaine_N5_20180322_cle4a4445	céréale à paille	3.619984968817004
BSV_NA_GC_Aquitaine_N5_20180322_cle4a4445	orge	3.3452661625361504
BSV_NA_GC_Aquitaine_N5_20180322_cle4a4445	céréale	2.8734247818219685
BSV_NA_GC_Aquitaine_N5_20180322_cle4a4445	blé	2.4051584132935995
BSV_NA_GC_Aquitaine_N5_20180322_cle4a4445	semence	2.340554364022995
BSV_NA_GC_Aquitaine_N5_20180322_cle4a4445	maïs	2.205627213845772
BSV_NA_GC_Aquitaine_N5_20180322_cle4a4445	chou	2.205627213845772
BSV_NA_GC_Aquitaine_N5_20180322_cle4a4445	colza	2.1505391193622487
BSV_NA_GC_Aquitaine_N5_20180322_cle4a4445	floriculture	0.8424428684934044
BSV_NA_KIWI_15_20190613_cle86b7d5	actinidia	6.532477908398855
BSV_NA_KIWI_15_20190613_cle86b7d5	culture fruitière	1.1977383088339466
BSV_NA_KIWI_9_20200409_cle0a82f1	actinidia	6.493027970858743
BSV_NA_PETITS_FRUITS_05_20190313-1_cle8c1a16	framboisier	6.324315626236441
BSV_NA_PETITS_FRUITS_05_20190313-1_cle8c1a16	petit fruit	6.1827535906595905
BSV_NA_PETITS_FRUITS_05_20190313-1_cle8c1a16	géranium	4.936404512382891
BSV_NA_PETITS_FRUITS_05_20190313-1_cle8c1a16	fraisier	4.598193791382761
BSV_NA_PETITS_FRUITS_05_20190313-1_cle8c1a16	rosier	4.395743649005795
BSV_NA_PETITS_FRUITS_05_20190313-1_cle8c1a16	mâche	4.395743649005795
BSV_NA_PETITS_FRUITS_05_20190313-1_cle8c1a16	melon	4.183083463382898
BSV_NA_PETITS_FRUITS_05_20190313-1_cle8c1a16	rosier ornemental	3.7378061063872967
BSV_NA_PETITS_FRUITS_05_20190313-1_cle8c1a16	olivier	3.5371964616876843
BSV_NA_PETITS_FRUITS_05_20190313-1_cle8c1a16	pomme de terre	3.0038786051837634
BSV_NA_PETITS_FRUITS_05_20190313-1_cle8c1a16	oranger	2.258658169702839
BSV_NA_PETITS_FRUITS_05_20190313-1_cle8c1a16	culture fruitière	1.0848002607761535
BSV_NA_PETITS_FRUITS_05_20190313-1_cle8c1a16	floriculture	0.9342924611194319
BSV_NA_POMMIER_NORD_18_20170719_cle4a8443	pommier	2.7967994760811092
BSV_NA_POMMIER_NORD_18_20170719_cle4a8443	jardin	2.509886098351885
BSV_NA_POMMIER_NORD_18_20170719_cle4a8443	arboriculture fruitière	2.098883785550838
BSV_NA_POMMIER_NORD_18_20170719_cle4a8443	culture fruitière	1.3439633149643488
BSV_NA_POMMIER_POIRIER_LIMOUSIN_01_20200124_cle837b7a	poirier	3.1136117710638773
BSV_NA_POMMIER_POIRIER_LIMOUSIN_01_20200124_cle837b7a	pommier	2.7975527666637827
BSV_NA_POMMIER_POIRIER_LIMOUSIN_01_20200124_cle837b7a	gel	2.224788446435113
BSV_NA_POMMIER_POIRIER_LIMOUSIN_01_20200124_cle837b7a	arboriculture fruitière	1.9692419913792407
BSV_NA_POMMIER_POIRIER_LIMOUSIN_01_20200124_cle837b7a	culture fruitière	1.2345479323185462
BSV_NA_POMMIER_POIRIER_LIMOUSIN_01_20200124_cle837b7a	floriculture	0.678642042480904
BSV_NA_POMMIER_POIRIER_Sud_18_20180726_cle8d7184	petit fruit	3.1489400630712994
BSV_NA_POMMIER_POIRIER_Sud_18_20180726_cle8d7184	poirier	3.0083724047136275
BSV_NA_POMMIER_POIRIER_Sud_18_20180726_cle8d7184	pommier	2.8090228176039176
BSV_NA_POMMIER_POIRIER_Sud_18_20180726_cle8d7184	châtaignier	2.5660923104636075
BSV_NA_POMMIER_POIRIER_Sud_18_20180726_cle8d7184	tournesol	2.166407057120542
BSV_NA_POMMIER_POIRIER_Sud_18_20180726_cle8d7184	arboriculture fruitière	1.9751049128792897
BSV_NA_POMMIER_POIRIER_Sud_18_20180726_cle8d7184	culture fruitière	1.31105364504584
BSV_NA_POMMIER_POIRIER_Sud_8_20190404_cle0177e8	poirier	3.062141699060929
BSV_NA_POMMIER_POIRIER_Sud_8_20190404_cle0177e8	pommier	2.8415978030431917
BSV_NA_POMMIER_POIRIER_Sud_8_20190404_cle0177e8	châtaignier	2.6447734179007507
BSV_NA_POMMIER_POIRIER_Sud_8_20190404_cle0177e8	arboriculture fruitière	1.839936870231795
BSV_NA_POMMIER_POIRIER_Sud_8_20190404_cle0177e8	culture fruitière	1.2304291549936963
BSV_NA_POMMIER_POIRIER_Sud_8_20190404_cle0177e8	floriculture	0.8062925187406801
BSV_NA_VIGNE_CHARENTE_03_20170419_cle86a6e5	arbuste à baies	4.195223619178358
BSV_NA_VIGNE_CHARENTE_03_20170419_cle86a6e5	vigne	3.2334618476957933
BSV_NA_VIGNE_CHARENTE_03_20170419_cle86a6e5	gel	2.44485867926124
BSV_NA_VIGNE_Limousin_06_20180515_cle841333	arbuste à baies	3.6775478429942545
BSV_NA_VIGNE_Limousin_06_20180515_cle841333	vigne	3.2131279070207976
BSV_NA_VIGNE_Limousin_06_20180515_cle841333	gel	2.9669558594518337
BSV_NA_VIGNE_Limousin_06_20180515_cle841333	floriculture	0.7514958007103488
BSV_NA_VIGNE_Limousin_18_20180807_cle8eb5f7	arbuste à baies	4.603887834301711
BSV_NA_VIGNE_Limousin_18_20180807_cle8eb5f7	rosier ornemental	3.5145143951080664
BSV_NA_VIGNE_Limousin_18_20180807_cle8eb5f7	vigne	3.2090007900118493
BSV_NA_VIGNE_Limousin_18_20180807_cle8eb5f7	tournesol	2.1613094497303935
BSV_NA_VIGNE_Limousin_18_20180807_cle8eb5f7	culture fruitière	1.0199956936770371
BSV_NA_VIGNE_Sud_Aquitaine_17_20190716_cle841a78	arbuste à baies	4.375153202405569
BSV_NA_VIGNE_Sud_Aquitaine_17_20190716_cle841a78	vigne	3.2425299712274387
BSV_NA_VIGNE_Sud_Aquitaine_17_20190716_cle841a78	tournesol	2.1219614258197104
BSV_Olivier_20200902_N13_cle8395b6	olivier fruit à noyaux	8.720506828400689
BSV_Olivier_20200902_N13_cle8395b6	olivier	3.7717278403235364
BSV_Olivier_20200902_N13_cle8395b6	poirée	2.884417346204674
BSV_Olivier_20200902_N13_cle8395b6	arboriculture fruitière	2.1119252040331835
BSV_Olivier_20200902_N13_cle8395b6	culture fruitière	1.2866129480036306
BSV_Ornement_Normandie_n-09-2017_cle03389c	noisetier	6.722583421734153
BSV_Ornement_Normandie_n-09-2017_cle03389c	chêne	4.857937952661275
BSV_Ornement_Normandie_n-09-2017_cle03389c	horticulture ornementale	3.661282746617906
BSV_Ornement_Normandie_n-09-2017_cle03389c	cerisier	3.3444263587125223
BSV_Ornement_Normandie_n-09-2017_cle03389c	culture légumière	3.091194466244272
BSV_Ornement_Normandie_n-09-2017_cle03389c	poirier	2.8844175729720973
BSV_Ornement_Normandie_n-09-2017_cle03389c	pommier	2.6374014430283377
BSV_Ornement_Normandie_n-09-2017_cle03389c	oranger	2.6230462147686557
BSV_Ornement_Normandie_n-09-2017_cle03389c	floriculture	0.7541488955063808
BSV_PETITS_FRUITS_NA_01_20200114_cle04ef97	petit fruit	6.144939957467312
BSV_PETITS_FRUITS_NA_01_20200114_cle04ef97	géranium	5.486279071403359
BSV_PETITS_FRUITS_NA_01_20200114_cle04ef97	framboisier	4.88539306782891
BSV_PETITS_FRUITS_NA_01_20200114_cle04ef97	rosier	4.88539306782891
BSV_PETITS_FRUITS_NA_01_20200114_cle04ef97	melon	4.649044299656251
BSV_PETITS_FRUITS_NA_01_20200114_cle04ef97	fraisier	4.6453910538194085
BSV_PETITS_FRUITS_NA_01_20200114_cle04ef97	rosier ornemental	3.9804416246890373
BSV_PETITS_FRUITS_NA_01_20200114_cle04ef97	olivier	3.931210837871856
BSV_PETITS_FRUITS_NA_01_20200114_cle04ef97	pomme de terre	3.1988720375714927
BSV_PETITS_FRUITS_NA_01_20200114_cle04ef97	oranger	2.510253974286487
BSV_PETITS_FRUITS_NA_01_20200114_cle04ef97	culture fruitière	0.9911732093973092
BSV_PETITS_FRUITS_NA_01_20200114_cle04ef97	floriculture	0.9170591846573114
BSV_Presentation_du_reseau_2018_cle4a84c9	noyer	7.628518485490111
BSV_Presentation_du_reseau_2018_cle4a84c9	actinidia	5.346871388097066
BSV_Presentation_du_reseau_2018_cle4a84c9	abricotier	4.183083463382898
BSV_Presentation_du_reseau_2018_cle4a84c9	cerisier	3.7752356473317987
BSV_Presentation_du_reseau_2018_cle4a84c9	olivier	3.5371964616876843
BSV_Presentation_du_reseau_2018_cle4a84c9	pêcher	3.394183792336057
BSV_Presentation_du_reseau_2018_cle4a84c9	pommier	2.718830875511926
BSV_Presentation_du_reseau_2018_cle4a84c9	poirier	2.5139132576749312
BSV_Presentation_du_reseau_2018_cle4a84c9	arboriculture	2.191932189120238
BSV_Presentation_du_reseau_2018_cle4a84c9	arboriculture fruitière	2.111020595028244
BSV_Presentation_du_reseau_2018_cle4a84c9	culture fruitière	1.0848002607761535
BSV_RA_ARBO_no19du19062018_cle4af8d5-1	abricotier	4.407990320748096
BSV_RA_ARBO_no19du19062018_cle4af8d5-1	pêcher	3.1067161401766334
BSV_RA_ARBO_no19du19062018_cle4af8d5-1	arbre fruitier à noyau	2.978741330759161
BSV_RA_ARBO_no19du19062018_cle4af8d5-1	noyer	2.967061691122726
BSV_RA_ARBO_no19du19062018_cle4af8d5-1	cerisier	2.717343112955706
BSV_RA_ARBO_no19du19062018_cle4af8d5-1	poirier	2.3357583450661528
BSV_RA_ARBO_no19du19062018_cle4af8d5-1	semence	2.1762628039959977
BSV_RA_ARBO_no19du19062018_cle4af8d5-1	pommier	2.1039461181624106
BSV_RA_ARBO_no19du19062018_cle4af8d5-1	arboriculture fruitière	1.9074089322711365
BSV_RA_ARBO_no19du19062018_cle4af8d5-1	céréale à paille	1.5614767670257363
BSV_RA_ARBO_no19du19062018_cle4af8d5-1	actinidia	1.5003383991020378
BSV_RA_ARBO_no19du19062018_cle4af8d5-1	prunier	1.3716990372773525
BSV_RA_ARBO_no19du19062018_cle4af8d5-1	gel	1.3659997314023744
BSV_RA_ARBO_no19du19062018_cle4af8d5-1	tournesol	1.2125565535103842
BSV_RA_ARBO_no19du19062018_cle4af8d5-1	horticulture ornementale	1.2100559702215552
BSV_RA_ARBO_no19du19062018_cle4af8d5-1	châtaignier	1.1634863115400012
BSV_RA_ARBO_no19du19062018_cle4af8d5-1	culture fruitière	1.1564071131690659
BSV_RA_ARBO_no19du19062018_cle4af8d5-1	arboriculture	1.0728777582915945
BSV_RA_ARBO_no19du19062018_cle4af8d5-1	zone non agricole	1.0150052448812599
BSV_RA_ARBO_no19du19062018_cle4af8d5-1	jardin	0.9829310885415672
BSV_RA_ARBO_no19du19062018_cle4af8d5-1	olivier	0.6782163840851191
BSV_RA_ARBO_no19du19062018_cle4af8d5-1	oranger	0.43307149979712595
BSV_RA_ARBO_no19du19062018_cle4af8d5-1	floriculture	0.2216453033422063
BSV_Tomate_d_industrie_no3_cle4bdce9-2	oranger	2.6942405756031884
BSV_Tomate_d_industrie_no3_cle4bdce9-2	culture fruitière	1.2030967619461053
BSV_ZNA-PO_20190527_N2_cle048919	palmier	7.5084839634484375
BSV_ZNA-PO_20190527_N2_cle048919	agrume	6.990431332359058
BSV_ZNA-PO_20190527_N2_cle048919	laurier	6.1174931912925725
BSV_ZNA-PO_20190527_N2_cle048919	rosier	5.72286670158802
BSV_ZNA-PO_20190527_N2_cle048919	rosier ornemental	4.27652018283051
BSV_ZNA-PO_20190527_N2_cle048919	horticulture ornementale	3.762072704590252
BSV_ZNA-PO_20190527_N2_cle048919	olivier	3.4820246651145976
BSV_ZNA-PO_20190527_N2_cle048919	châtaignier	3.3556532084809296
BSV_ZNA-PO_20190527_N2_cle048919	zone non agricole	2.927413561146715
BSV_ZNA-PO_20190527_N2_cle048919	jardin	2.8349073197211943
BSV_ZNA-PO_20190527_N2_cle048919	poirée	2.662867727780574
BSV_ZNA-PO_20190527_N2_cle048919	arboriculture	2.0144271185721934
BSV_ZNA-PO_20190527_N2_cle048919	arboriculture fruitière	1.852058945718091
BSV_ZNA-PO_20190527_N2_cle048919	floriculture	0.7823551969142809
BSV_ZNA_2018_N09_cle4f1dfc	zone non agricole	4.34725618254788
BSV_ZNA_2018_N09_cle4f1dfc	céréale à paille	3.75149579623553
BSV_ZNA_2018_N09_cle4f1dfc	vigne	2.5241701582979315
BSV_ZNA_n_04_du_29_avril_2011_cle8fd486	palmier	7.875693255677885
BSV_ZNA_n_04_du_29_avril_2011_cle8fd486	châtaignier	4.854138457026437
BSV_ZNA_n_04_du_29_avril_2011_cle8fd486	zone non agricole	4.431830245279002
BSV_ZNA_n_04_du_29_avril_2011_cle8fd486	jardin	4.100850650474061
BSV_ZNA_n_04_du_29_avril_2011_cle8fd486	horticulture ornementale	2.6435737107275497
BSV_ZNA_n_04_du_29_avril_2011_cle8fd486	semence	2.4152968247610507
BSV_ZNA_n_04_du_29_avril_2011_cle8fd486	culture fruitière	1.089868374646226
BSV_ZNA_n_05_du_31_mai_2013_cle0dcf4b	rosier	6.1253853798535625
BSV_ZNA_n_05_du_31_mai_2013_cle0dcf4b	zone non agricole	4.470526462317055
BSV_ZNA_n_05_du_31_mai_2013_cle0dcf4b	chêne	4.46043993544833
BSV_ZNA_n_05_du_31_mai_2013_cle0dcf4b	jardin	4.254740300528523
BSV_ZNA_n_05_du_31_mai_2013_cle0dcf4b	poirée	3.4196925591675993
BSV_ZNA_n_05_du_31_mai_2013_cle0dcf4b	arboriculture fruitière	1.7983891022376246
BSV_ZNA_n_05_du_31_mai_2013_cle0dcf4b	floriculture	0.6924410899377862
BSV_ZNA_n_13_du_21_septembre_2012_cle82a3a6	rosier	6.443883282411348
BSV_ZNA_n_13_du_21_septembre_2012_cle82a3a6	chêne	4.598200771907361
BSV_ZNA_n_13_du_21_septembre_2012_cle82a3a6	zone non agricole	4.4493565850342565
BSV_ZNA_n_13_du_21_septembre_2012_cle82a3a6	jardin	4.182882295661056
BSV_ZNA_n_13_du_21_septembre_2012_cle82a3a6	arboriculture fruitière	1.8309055237794858
BSV_ZNA_n_13_du_21_septembre_2012_cle82a3a6	floriculture	0.7138271561395373
BSV_arbo_27_cle4dff21	châtaignier	3.788537282198011
BSV_arbo_27_cle4dff21	poirier	3.0091205636755456
BSV_arbo_27_cle4dff21	tournesol	2.5907689345635783
BSV_arbo_27_cle4dff21	pommier	2.5907689345635783
BSV_arbo_27_cle4dff21	arboriculture	2.4562375539358605
BSV_arbo_27_cle4dff21	arboriculture fruitière	2.045865753483966
BSV_arbo_27_cle4dff21	culture fruitière	0.9911732093973092
BSV_arboriculture_25_du_23_05_19_cle077bda	cerisier	3.5449468151035513
BSV_arboriculture_25_du_23_05_19_cle077bda	poirier	2.741416760197088
BSV_arboriculture_25_du_23_05_19_cle077bda	pommier	2.6135684796249268
BSV_arboriculture_25_du_23_05_19_cle077bda	arboriculture	2.1875920780931635
BSV_arboriculture_25_du_23_05_19_cle077bda	arboriculture fruitière	1.9455232103614584
BSV_arboriculture_25_du_23_05_19_cle077bda	pêcher	1.4645395565116524
BSV_arboriculture_25_du_23_05_19_cle077bda	framboisier	1.3882462413910677
BSV_arboriculture_25_du_23_05_19_cle077bda	jardins familiaux	1.2619305788203803
BSV_arboriculture_25_du_23_05_19_cle077bda	culture fruitière	1.2145190272205868
BSV_arboriculture_25_du_23_05_19_cle077bda	fraisier	1.0388688615514656
BSV_arboriculture_25_du_23_05_19_cle077bda	tournesol	0.9918229332155206
BSV_arboriculture_25_du_23_05_19_cle077bda	oranger	0.7133204219919378
BSV_arboriculture_25_du_23_05_19_cle077bda	floriculture	0.4373093597425491
BSV_arboriculture_31_du_20_06_19_cle016821	cassissier	4.767031471193084
BSV_arboriculture_31_du_20_06_19_cle016821	cerisier	3.463631506967804
BSV_arboriculture_31_du_20_06_19_cle016821	poirier	2.8337374428023714
BSV_arboriculture_31_du_20_06_19_cle016821	pommier	2.6384234404907985
BSV_arboriculture_31_du_20_06_19_cle016821	arboriculture	2.234645504215028
BSV_arboriculture_31_du_20_06_19_cle016821	arboriculture fruitière	1.950519213862257
BSV_arboriculture_31_du_20_06_19_cle016821	framboisier	1.7468399574555238
BSV_arboriculture_31_du_20_06_19_cle016821	bananier plantain	1.6623301818024316
BSV_arboriculture_31_du_20_06_19_cle016821	jardins familiaux	1.5878960755618878
BSV_arboriculture_31_du_20_06_19_cle016821	fraisier	1.307215956224023
BSV_arboriculture_31_du_20_06_19_cle016821	culture fruitière	1.245162069565221
BSV_arboriculture_31_du_20_06_19_cle016821	pêcher	1.108890684111011
BSV_arboriculture_31_du_20_06_19_cle016821	oranger	0.8975760772497852
BSV_arboriculture_31_du_20_06_19_cle016821	floriculture	0.25806102975984974
BSV_bilan_ble_campagne_2014_2015_cle037c1e	blé tendre	5.350053671123807
BSV_bilan_ble_campagne_2014_2015_cle037c1e	blé tendre d'hiver	4.91040122438171
BSV_bilan_ble_campagne_2014_2015_cle037c1e	céréale	3.366731616757189
BSV_bilan_ble_campagne_2014_2015_cle037c1e	poirée	2.9564382377567187
BSV_bilan_ble_campagne_2014_2015_cle037c1e	blé	2.731507409085412
BSV_bilan_ble_campagne_2014_2015_cle037c1e	oranger	2.4685526044414754
BSV_bilan_ble_campagne_2014_2015_cle037c1e	colza	1.8247396446498345
BSV_bilan_cereales_Normandie_R2015_V2_cle0e2acd	blé tendre	4.969899903845073
BSV_bilan_cereales_Normandie_R2015_V2_cle0e2acd	blé tendre d'hiver	4.521205537289297
BSV_bilan_cereales_Normandie_R2015_V2_cle0e2acd	orge d'hiver	4.412614425036144
BSV_bilan_cereales_Normandie_R2015_V2_cle0e2acd	orge	3.2955857935813904
BSV_bilan_cereales_Normandie_R2015_V2_cle0e2acd	oranger	2.66756589376016
BSV_bilan_cereales_Normandie_R2015_V2_cle0e2acd	maïs	2.66756589376016
BSV_bilan_cereales_Normandie_R2015_V2_cle0e2acd	blé	2.3694395342682952
BSV_ge_legumes_no11_du_01-07-20_cle497eed	Chou cabus blanc	5.325424003849518
BSV_ge_legumes_no11_du_01-07-20_cle497eed	chou de Milan	4.984970716586017
BSV_ge_legumes_no11_du_01-07-20_cle497eed	aubergine	4.284620523161498
BSV_ge_legumes_no11_du_01-07-20_cle497eed	asperge	4.270760600816008
BSV_ge_legumes_no11_du_01-07-20_cle497eed	carotte	3.6369809828597788
BSV_ge_legumes_no11_du_01-07-20_cle497eed	laitue	3.4915659102814542
BSV_ge_legumes_no11_du_01-07-20_cle497eed	chou	3.310935620679889
BSV_ge_legumes_no11_du_01-07-20_cle497eed	chou chinois	3.306538673625096
BSV_ge_legumes_no11_du_01-07-20_cle497eed	chou frisé	3.306538673625096
BSV_ge_legumes_no11_du_01-07-20_cle497eed	chou cabus rouge	3.306538673625096
BSV_ge_legumes_no11_du_01-07-20_cle497eed	culture légumière	3.3019923781617764
BSV_ge_legumes_no11_du_01-07-20_cle497eed	céleri	3.2541128272358293
BSV_ge_legumes_no11_du_01-07-20_cle497eed	pomme de terre	3.0478061515449255
BSV_ge_legumes_no11_du_01-07-20_cle497eed	chou pommé	2.9346744759604135
BSV_ge_legumes_no11_du_01-07-20_cle497eed	chou de Bruxelles	2.9346744759604135
BSV_ge_legumes_no11_du_01-07-20_cle497eed	poivron	2.7035061072631312
BSV_ge_legumes_no11_du_01-07-20_cle497eed	laitue batavia	2.2284942894830504
BSV_ge_legumes_no11_du_01-07-20_cle497eed	courgette	2.2284942894830504
BSV_ge_legumes_no11_du_01-07-20_cle497eed	tomate	2.201072648673775
BSV_ge_legumes_no11_du_01-07-20_cle497eed	radis	2.0257249793144316
BSV_ge_legumes_no11_du_01-07-20_cle497eed	concombre	1.863737728757664
BSV_ge_legumes_no11_du_01-07-20_cle497eed	colza	1.087280764828434
BSV_ge_legumes_no11_du_01-07-20_cle497eed	blé	1.0170917962842905
BSV_ge_legumes_no11_du_01-07-20_cle497eed	tournesol	0.9580323687535723
BSV_ge_legumes_no11_du_01-07-20_cle497eed	floriculture	0.32921592427712887
BSV_legumes_03_cle872d86	persil	5.296224002913039
BSV_legumes_03_cle872d86	radis	4.919558895748208
BSV_legumes_03_cle872d86	oignon	4.680992579507849
BSV_legumes_03_cle872d86	pomme de terre potagère	4.6044635664271505
BSV_legumes_03_cle872d86	laitue batavia	4.359930792438294
BSV_legumes_03_cle872d86	navet potager	4.147520961558845
BSV_legumes_03_cle872d86	céleri	3.988332197467464
BSV_legumes_03_cle872d86	laitue	3.9517059758069393
BSV_legumes_03_cle872d86	culture légumière de plein champ	3.334153117009384
BSV_legumes_03_cle872d86	carotte	3.139739252882823
BSV_legumes_03_cle872d86	ciboulette	3.04845471990797
BSV_legumes_03_cle872d86	culture légumière	2.945728753571475
BSV_legumes_03_cle872d86	pois	2.856363286004128
BSV_legumes_03_cle872d86	salade	2.419602658677809
BSV_legumes_03_cle872d86	échalote	2.4093578243653218
BSV_legumes_03_cle872d86	chêne	2.4093578243653218
BSV_legumes_03_cle872d86	chou	2.24025650492767
BSV_legumes_03_cle872d86	laitue à couper	2.04682559703227
BSV_legumes_03_cle872d86	maraîchage	1.9713337250304774
BSV_legumes_03_cle872d86	culture industrielle	1.8748179249674128
BSV_legumes_03_cle872d86	ail	1.7454636686926444
BSV_legumes_03_cle872d86	poireau	1.5580511345042394
BSV_legumes_03_cle872d86	horticulture ornementale	0.9275943975590082
BSV_legumes_03_cle872d86	pommier	0.668191716394211
BSV_legumes_03_du_03-04-19_cle4b43ee	échalote	5.506206263758917
BSV_legumes_03_du_03-04-19_cle4b43ee	oignon	4.992993430767361
BSV_legumes_03_du_03-04-19_cle4b43ee	ciboulette	4.779702328638556
BSV_legumes_03_du_03-04-19_cle4b43ee	fraisier	4.465701772381753
BSV_legumes_03_du_03-04-19_cle4b43ee	pois	3.993034612807789
BSV_legumes_03_du_03-04-19_cle4b43ee	carotte	3.79072387183026
BSV_legumes_03_du_03-04-19_cle4b43ee	lin	3.3235500661319772
BSV_legumes_03_du_03-04-19_cle4b43ee	salade	3.2905653819520913
BSV_legumes_03_du_03-04-19_cle4b43ee	chou	3.2714289125048985
BSV_legumes_03_du_03-04-19_cle4b43ee	maraîchage	3.0908736595360495
BSV_legumes_03_du_03-04-19_cle4b43ee	poireau	3.0908736595360495
BSV_legumes_03_du_03-04-19_cle4b43ee	culture légumière	2.6584424252522143
BSV_legumes_03_du_03-04-19_cle4b43ee	céréale	2.1668743402865713
BSV_legumes_03_du_03-04-19_cle4b43ee	floriculture	0.5870813205205133
BSV_legumes_05_cle827cb7-1	oignon	4.460820826658191
BSV_legumes_05_cle827cb7-1	persil	3.656615493823672
BSV_legumes_05_cle827cb7-1	pomme de terre potagère	3.5422173206980485
BSV_legumes_05_cle827cb7-1	radis	3.3594665998362565
BSV_legumes_05_cle827cb7-1	cerfeuil	3.139849570653089
BSV_legumes_05_cle827cb7-1	carotte	2.826017818504878
BSV_legumes_05_cle827cb7-1	échalote	2.786978119634239
BSV_legumes_05_cle827cb7-1	poireau	2.713220111163421
BSV_legumes_05_cle827cb7-1	tomate	2.6049163877283523
BSV_legumes_05_cle827cb7-1	laitue	2.60104466864704
BSV_legumes_05_cle827cb7-1	culture légumière	2.5376937238493213
BSV_legumes_05_cle827cb7-1	horticulture ornementale	2.512731592820611
BSV_legumes_05_cle827cb7-1	fraisier	2.5099783752591582
BSV_legumes_05_cle827cb7-1	pois	2.421225373491603
BSV_legumes_05_cle827cb7-1	courgette	2.3842974392402776
BSV_legumes_05_cle827cb7-1	asperge	2.1657800851421776
BSV_legumes_05_cle827cb7-1	laitue batavia	2.0507603430095265
BSV_legumes_05_cle827cb7-1	betterave potagère	1.8675745460595645
BSV_legumes_05_cle827cb7-1	céleri	1.650219577909957
BSV_legumes_05_cle827cb7-1	chou	1.053739019537387
BSV_legumes_05_cle827cb7-1	culture industrielle	0.7983863550327761
BSV_legumes_05_cle827cb7-1	salade	0.790572281964423
BSV_legumes_05_cle827cb7-1	céleri-rave	0.7433011802006744
BSV_legumes_05_cle827cb7-1	maraîchage	0.7425954991459637
BSV_legumes_05_cle827cb7-1	pomme de terre	0.6779386226462013
BSV_legumes_05_cle827cb7-1	ciboulette	0.6298695472404716
BSV_legumes_05_cle827cb7-1	gel	0.5844199123129011
BSV_legumes_05_cle827cb7-1	concombre	0.5535536394633089
BSV_legumes_05_cle827cb7-1	lin	0.5535536394633089
BSV_legumes_05_cle827cb7-1	châtaignier	0.5132849052047427
BSV_legumes_05_cle827cb7-1	céréale	0.360903598097823
BSV_legumes_05_cle827cb7-1	semence	0.360903598097823
BSV_legumes_05_cle827cb7-1	floriculture	0.30295925144658
BSV_legumes_05_cle827cb7-1	culture fruitière	0.13428777623954447
BSV_legumes_12_du_22-07-20__cle0bb819	aubergine	5.03503749313862
BSV_legumes_12_du_22-07-20__cle0bb819	échalote	4.897561886510575
BSV_legumes_12_du_22-07-20__cle0bb819	betterave potagère	4.63947444391487
BSV_legumes_12_du_22-07-20__cle0bb819	concombre	4.526635958053927
BSV_legumes_12_du_22-07-20__cle0bb819	haricot	4.485239084650512
BSV_legumes_12_du_22-07-20__cle0bb819	haricot demi-sec	4.404126959660869
BSV_legumes_12_du_22-07-20__cle0bb819	oignon	4.347135772679222
BSV_legumes_12_du_22-07-20__cle0bb819	courgette	4.131334916011363
BSV_legumes_12_du_22-07-20__cle0bb819	scorsonère	4.100261416335379
BSV_legumes_12_du_22-07-20__cle0bb819	poivron	3.827814643405423
BSV_legumes_12_du_22-07-20__cle0bb819	fraisier	3.356447208521141
BSV_legumes_12_du_22-07-20__cle0bb819	asperge	3.128706335991677
BSV_legumes_12_du_22-07-20__cle0bb819	tomate	3.116433912672721
BSV_legumes_12_du_22-07-20__cle0bb819	carotte	2.7066010765006467
BSV_legumes_12_du_22-07-20__cle0bb819	chou	2.644441179198103
BSV_legumes_12_du_22-07-20__cle0bb819	poireau	2.5423478956266385
BSV_legumes_12_du_22-07-20__cle0bb819	légume racine	2.4915700864681813
BSV_legumes_12_du_22-07-20__cle0bb819	salade	2.3920321358690164
BSV_legumes_12_du_22-07-20__cle0bb819	pois	2.3920321358690164
BSV_legumes_12_du_22-07-20__cle0bb819	betterave	2.216968789573834
BSV_legumes_12_du_22-07-20__cle0bb819	pomme de terre	2.0512368173179505
BSV_legumes_12_du_22-07-20__cle0bb819	fève	1.8920155386992337
BSV_legumes_12_du_22-07-20__cle0bb819	maraîchage	1.8230976535929249
BSV_legumes_12_du_22-07-20__cle0bb819	luzerne	1.8004823630209414
BSV_legumes_12_du_22-07-20__cle0bb819	petit fruit	1.8004823630209414
BSV_legumes_12_du_22-07-20__cle0bb819	culture légumière	1.5680356693766277
BSV_legumes_12_du_22-07-20__cle0bb819	maïs	1.5222413252044709
BSV_legumes_12_du_22-07-20__cle0bb819	rosier ornemental	1.322640235871943
BSV_legumes_12_du_22-07-20__cle0bb819	pêcher	1.2010478670941864
BSV_legumes_12_du_22-07-20__cle0bb819	poirée	1.1643117348493535
BSV_legumes_12_du_22-07-20__cle0bb819	oranger	0.9721714219286375
BSV_legumes_12_du_22-07-20__cle0bb819	culture fruitière	0.9651040052423264
BSV_legumes_12_du_22-07-20__cle0bb819	tournesol	0.8133797500908424
BSV_legumes_12_du_22-07-20__cle0bb819	floriculture	0.4376577917817474
BSV_legumes_12_du_26-06-19__cle047171	échalote	5.322977129430537
BSV_legumes_12_du_26-06-19__cle047171	aubergine	5.322977129430537
BSV_legumes_12_du_26-06-19__cle047171	concombre	4.852954048172701
BSV_legumes_12_du_26-06-19__cle047171	oignon	4.767303164412881
BSV_legumes_12_du_26-06-19__cle047171	fraisier	4.185859532829043
BSV_legumes_12_du_26-06-19__cle047171	betterave potagère	4.077227116178937
BSV_legumes_12_du_26-06-19__cle047171	poivron	4.061875073919798
BSV_legumes_12_du_26-06-19__cle047171	tomate	3.6645805673040655
BSV_legumes_12_du_26-06-19__cle047171	pois	3.105006876549378
BSV_legumes_12_du_26-06-19__cle047171	salade	2.818125663361776
BSV_legumes_12_du_26-06-19__cle047171	chou	2.7112723033798134
BSV_legumes_12_du_26-06-19__cle047171	fève	2.4733795406382972
BSV_legumes_12_du_26-06-19__cle047171	légume à graines ou à gousses	2.4733795406382972
BSV_legumes_12_du_26-06-19__cle047171	cerisier	2.3785942643269853
BSV_legumes_12_du_26-06-19__cle047171	luzerne	2.3537207538145974
BSV_legumes_12_du_26-06-19__cle047171	maraîchage	2.2342465518707773
BSV_legumes_12_du_26-06-19__cle047171	pomme de terre	2.039713453379786
BSV_legumes_12_du_26-06-19__cle047171	culture légumière	1.9216624411812104
BSV_legumes_12_du_26-06-19__cle047171	betterave	1.850908657957435
BSV_legumes_12_du_26-06-19__cle047171	rosier ornemental	1.7290509681964699
BSV_legumes_12_du_26-06-19__cle047171	pêcher	1.5700966303058772
BSV_legumes_12_du_26-06-19__cle047171	poireau	1.5220725015193763
BSV_legumes_12_du_26-06-19__cle047171	culture fruitière	0.9615652559411326
BSV_legumes_12_du_26-06-19__cle047171	arboriculture fruitière	0.8004458155777309
BSV_legumes_12_du_26-06-19__cle047171	floriculture	0.6354711177556396
BSV_legumes_15_cle8b2b14-1	oignon	4.177927795076065
BSV_legumes_15_cle8b2b14-1	aubergine	3.71849432966817
BSV_legumes_15_cle8b2b14-1	courgette	3.5303842971632178
BSV_legumes_15_cle8b2b14-1	concombre	3.357630170823761
BSV_legumes_15_cle8b2b14-1	persil	3.0638676464171244
BSV_legumes_15_cle8b2b14-1	carotte	2.6954917768711155
BSV_legumes_15_cle8b2b14-1	poivron	2.590792627699959
BSV_legumes_15_cle8b2b14-1	poireau	2.5890158459918577
BSV_legumes_15_cle8b2b14-1	culture légumière	2.5800918584820582
BSV_legumes_15_cle8b2b14-1	haricot demi-sec	2.541380977791013
BSV_legumes_15_cle8b2b14-1	tomate	2.4841576550477193
BSV_legumes_15_cle8b2b14-1	échalote	2.2660195297258254
BSV_legumes_15_cle8b2b14-1	pomme de terre potagère	2.225064236468139
BSV_legumes_15_cle8b2b14-1	laitue	2.205556410944487
BSV_legumes_15_cle8b2b14-1	haricot	2.1068960454948855
BSV_legumes_15_cle8b2b14-1	scorsonère	2.017417840764772
BSV_legumes_15_cle8b2b14-1	asperge	1.8972166141680213
BSV_legumes_15_cle8b2b14-1	laitue batavia	1.7964596780282829
BSV_legumes_15_cle8b2b14-1	légume à graines ou à gousses	1.7964596780282829
BSV_legumes_15_cle8b2b14-1	pois	1.71999420370129
BSV_legumes_15_cle8b2b14-1	betterave potagère	1.6196722484762454
BSV_legumes_15_cle8b2b14-1	céleri-rave	1.6196722484762454
BSV_legumes_15_cle8b2b14-1	chou	1.223538465900538
BSV_legumes_15_cle8b2b14-1	pomme de terre	1.1836566648110056
BSV_legumes_15_cle8b2b14-1	céleri	1.1605813364833772
BSV_legumes_15_cle8b2b14-1	salade	0.9448929408488983
BSV_legumes_15_cle8b2b14-1	maraîchage	0.8875510324061192
BSV_legumes_15_cle8b2b14-1	échalion	0.8303380144707834
BSV_legumes_15_cle8b2b14-1	betterave	0.7740751956167848
BSV_legumes_15_cle8b2b14-1	culture industrielle	0.6750244552717481
BSV_legumes_15_cle8b2b14-1	horticulture ornementale	0.617326066070642
BSV_legumes_15_cle8b2b14-1	épinard	0.5910065382924522
BSV_legumes_15_cle8b2b14-1	maïs	0.5315046639921863
BSV_legumes_15_cle8b2b14-1	jardins familiaux	0.5087000707430793
BSV_legumes_15_cle8b2b14-1	culture fruitière	0.4274577063269372
BSV_legumes_15_cle8b2b14-1	floriculture	0.08267270516958403
BSV_legumes_allium_pomme_de_terre_AURA_2020-9_cle0d26da	tabac	5.925614159872509
BSV_legumes_allium_pomme_de_terre_AURA_2020-9_cle0d26da	culture légumière de plein champ	5.664673947903155
BSV_legumes_allium_pomme_de_terre_AURA_2020-9_cle0d26da	aubergine	4.803567637838864
BSV_legumes_allium_pomme_de_terre_AURA_2020-9_cle0d26da	courgette	4.301565181451448
BSV_legumes_allium_pomme_de_terre_AURA_2020-9_cle0d26da	oignon	4.228856784235501
BSV_legumes_allium_pomme_de_terre_AURA_2020-9_cle0d26da	tomate	3.9713071478908577
BSV_legumes_allium_pomme_de_terre_AURA_2020-9_cle0d26da	ricin	3.669888293754951
BSV_legumes_allium_pomme_de_terre_AURA_2020-9_cle0d26da	chicorée	3.669888293754951
BSV_legumes_allium_pomme_de_terre_AURA_2020-9_cle0d26da	salade	3.3069953507837444
BSV_legumes_allium_pomme_de_terre_AURA_2020-9_cle0d26da	carotte	3.3069953507837444
BSV_legumes_allium_pomme_de_terre_AURA_2020-9_cle0d26da	pomme de terre	3.1424839436578593
BSV_legumes_allium_pomme_de_terre_AURA_2020-9_cle0d26da	chou	2.9328723914941444
BSV_legumes_allium_pomme_de_terre_AURA_2020-9_cle0d26da	poireau	2.9165759841888788
BSV_legumes_allium_pomme_de_terre_AURA_2020-9_cle0d26da	navet potager	2.777596443323967
BSV_legumes_allium_pomme_de_terre_AURA_2020-9_cle0d26da	semence	2.5842438559408976
BSV_legumes_allium_pomme_de_terre_AURA_2020-9_cle0d26da	laitue batavia	2.4733795406382972
BSV_legumes_allium_pomme_de_terre_AURA_2020-9_cle0d26da	prairie	2.3537207538145974
BSV_legumes_allium_pomme_de_terre_AURA_2020-9_cle0d26da	jardins familiaux	2.248328273687668
BSV_legumes_allium_pomme_de_terre_AURA_2020-9_cle0d26da	poivron	1.9902956264374643
BSV_legumes_allium_pomme_de_terre_AURA_2020-9_cle0d26da	laitue	1.9180627787025264
BSV_legumes_allium_pomme_de_terre_AURA_2020-9_cle0d26da	horticulture ornementale	1.4761022791364828
BSV_legumes_allium_pomme_de_terre_AURA_2020-9_cle0d26da	céréale	1.3486384485340093
BSV_legumes_allium_pomme_de_terre_AURA_2020-9_cle0d26da	culture fruitière	1.2073855426375228
BSV_legumes_allium_pomme_de_terre_AURA_2020-9_cle0d26da	colza	1.1749724810274884
BSV_legumes_allium_pomme_de_terre_AURA_2020-9_cle0d26da	floriculture	0.7001611802243038
BSV_maraichage_no20_du_23_Octobre_2020_cle81e1d1	piment	5.698406514487307
BSV_maraichage_no20_du_23_Octobre_2020_cle81e1d1	fraisier	4.577914924386013
BSV_maraichage_no20_du_23_Octobre_2020_cle81e1d1	poivron	4.261490139888318
BSV_maraichage_no20_du_23_Octobre_2020_cle81e1d1	tomate	4.247447087314753
BSV_maraichage_no20_du_23_Octobre_2020_cle81e1d1	salade	4.169539249358862
BSV_maraichage_no20_du_23_Octobre_2020_cle81e1d1	laitue	4.106829915392184
BSV_maraichage_no20_du_23_Octobre_2020_cle81e1d1	poirée	3.5217474282576537
BSV_maraichage_no20_du_23_Octobre_2020_cle81e1d1	maraîchage	3.2589615689555305
BSV_maraichage_no20_du_23_Octobre_2020_cle81e1d1	semence	2.8876159774260244
BSV_maraichage_no20_du_23_Octobre_2020_cle81e1d1	oranger	2.7211520829618823
BSV_maraichage_no20_du_23_Octobre_2020_cle81e1d1	culture fruitière	1.2629193973892225
BSV_no13_du_15-05-18_cle01162f	féverole d'hiver	7.190647165445425
BSV_no13_du_15-05-18_cle01162f	féverole de printemps	6.763451423602342
BSV_no13_du_15-05-18_cle01162f	lin oléagineux	5.589553536742923
BSV_no13_du_15-05-18_cle01162f	pois protéagineux de printemps	5.344291130475266
BSV_no13_du_15-05-18_cle01162f	lin	5.289279604886585
BSV_no13_du_15-05-18_cle01162f	fève	4.75895638947234
BSV_no13_du_15-05-18_cle01162f	lin oléagineux d'hiver	4.75895638947234
BSV_no13_du_15-05-18_cle01162f	triticale	4.609299422679597
BSV_no13_du_15-05-18_cle01162f	maïs grain	4.407049480805077
BSV_no13_du_15-05-18_cle01162f	lin oléagineux de printemps	4.407049480805077
BSV_no13_du_15-05-18_cle01162f	blé tendre	3.829468924097709
BSV_no13_du_15-05-18_cle01162f	prairie	3.4768458198751304
BSV_no13_du_15-05-18_cle01162f	orge	3.359798967434956
BSV_no13_du_15-05-18_cle01162f	pois	3.1177807533457407
BSV_no13_du_15-05-18_cle01162f	maïs	2.9876061914420937
BSV_no13_du_15-05-18_cle01162f	céréale	2.8859077711318393
BSV_no13_du_15-05-18_cle01162f	blé	2.4156071179026872
BSV_no13_du_15-05-18_cle01162f	poireau	2.248359923698654
BSV_no13_du_15-05-18_cle01162f	semence	1.9921683337792009
BSV_no13_du_15-05-18_cle01162f	oranger	1.8773247736030896
BSV_no13_du_15-05-18_cle01162f	colza	1.8146082575843294
BSV_no13_du_15-05-18_cle01162f	tournesol	1.5706879679340302
BSV_no13_du_15-05-18_cle01162f	floriculture	0.5397474114440655
BSV_no17_pommes_de_terre_cle8966e3-1	pomme de terre potagère	6.259809304305653
BSV_no17_pommes_de_terre_cle8966e3-1	pomme de terre	3.330000492591813
BSV_no19_du_23-06-2020_cle09c329	blé tendre	4.078182396492286
BSV_no19_du_23-06-2020_cle09c329	maïs	3.4150018407071787
BSV_no19_du_23-06-2020_cle09c329	céréale à paille	3.2171805803375078
BSV_no19_du_23-06-2020_cle09c329	oranger	2.988480150917915
BSV_no19_du_23-06-2020_cle09c329	gel	2.45446638702156
BSV_no31_du_05-11-19_cle05121a	céréale	3.539824250752297
BSV_no31_du_05-11-19_cle05121a	orge	3.1914196344810444
BSV_no31_du_05-11-19_cle05121a	gel	2.803771487354349
BSV_no31_du_05-11-19_cle05121a	maïs	2.583250051083186
BSV_no31_du_05-11-19_cle05121a	blé	2.294546804731122
BSV_no31_du_05-11-19_cle05121a	colza	2.1137897940247674
BSV_no4_cle0e4cd5-1	betterave sucrière	7.685426232140077
BSV_no4_cle0e4cd5-1	betterave	4.949021763980951
BSV_no7_du_31-03-20_cle835128	luzerne	4.742264710315653
BSV_no7_du_31-03-20_cle835128	blé tendre	4.63494708772869
BSV_no7_du_31-03-20_cle835128	blé tendre d'hiver	4.339891439295935
BSV_no7_du_31-03-20_cle835128	pois	3.2647916156449397
BSV_no7_du_31-03-20_cle835128	orge	3.1634227763076392
BSV_no7_du_31-03-20_cle835128	semence	3.140673057007317
BSV_no7_du_31-03-20_cle835128	blé	2.900010906641779
BSV_no7_du_31-03-20_cle835128	céréale	2.717229947984504
BSV_no7_du_31-03-20_cle835128	colza	2.0215740827871764
BSV_no7_du_31-03-20_cle835128	floriculture	0.9228216930067824
BSV_oleagineux_02_du_11-09-18_cle8aec1b	colza	2.081774908923075
BSV_oleagineux_08_du_23-10-18_cle8b615d	mâche	6.08664431623465
BSV_oleagineux_08_du_23-10-18_cle8b615d	pêcher	3.6659129302786875
BSV_oleagineux_08_du_23-10-18_cle8b615d	chou	3.3331061172977114
BSV_oleagineux_08_du_23-10-18_cle8b615d	colza	2.1225462729207374
BSV_oleagineux_16_cle0c1a18-1	oléagineux	6.478985793618146
BSV_oleagineux_16_cle0c1a18-1	céréale à paille	3.240584932323417
BSV_oleagineux_16_cle0c1a18-1	chou	3.2338467808816094
BSV_oleagineux_16_cle0c1a18-1	colza	2.119010758856609
BSV_oleagineux_22_du_31-03-20_cle831bc8	colza	2.125390503022409
BSV_oleagineux_22_du_31-03-20_cle831bc8	floriculture	0.7685373888065533
BSV_petits-fruits-2019_N05_cle41f1d8	groseillier	7.925748153948105
BSV_petits-fruits-2019_N05_cle41f1d8	framboisier	6.245805829354239
BSV_petits-fruits-2019_N05_cle41f1d8	petit fruit	5.566755317167284
BSV_petits-fruits-2019_N05_cle41f1d8	myrtille	4.904510870054091
BSV_petits-fruits-2019_N05_cle41f1d8	fraisier	4.625009164599641
BSV_petits-fruits-2019_N05_cle41f1d8	semence	3.405596975776386
BSV_petits-fruits-2019_N05_cle41f1d8	céréale à paille	3.058804135927874
BSV_petits-fruits-2019_N05_cle41f1d8	gel	2.7354866515209957
BSV_petits-fruits-2019_N05_cle41f1d8	zone non agricole	2.5195695665597113
BSV_petits-fruits-2019_N05_cle41f1d8	pêcher	2.364192904550648
BSV_petits-fruits-2019_N05_cle41f1d8	tournesol	2.2963963308938107
BSV_petits-fruits-2019_N05_cle41f1d8	culture fruitière	1.294570137031166
BSV_petits-fruits-2019_N05_cle41f1d8	floriculture	0.7891280767114418
BSV_pomme_de_terre_8_du_10_mai_2016_cle0127ee	fourrage annuel	6.863565292079993
BSV_pomme_de_terre_8_du_10_mai_2016_cle0127ee	pomme de terre	3.6454758123650284
BSV_pomme_de_terre_8_du_10_mai_2016_cle0127ee	jardin	3.4145636041293432
BSV_viti_10_cle4e6966-2	arbuste à baies	4.576403516865865
BSV_viti_10_cle4e6966-2	vigne	3.2305287645795344
BSV_viti_10_cle4e6966-2	gel	2.378430051384644
BSV_viti_10_cle4e6966-2	tournesol	2.111260258383589
BSV_viti_10_cle4e6966-2	floriculture	0.7255083648766657
BSVarbo9_cle8977d6-1	prunier	4.12564048764881
BSVarbo9_cle8977d6-1	cerisier	3.832408605597413
BSVarbo9_cle8977d6-1	bananier plantain	3.5441448622038
BSVarbo9_cle8977d6-1	pommier	2.7270406022786915
BSVarbo9_cle8977d6-1	rosier ornemental	2.6035404138280063
BSVarbo9_cle8977d6-1	arboriculture	2.439293765089317
BSVarbo9_cle8977d6-1	poirier	2.2655132250948693
BSVarbo9_cle8977d6-1	arboriculture fruitière	2.0528826369562783
BSVarbo9_cle8977d6-1	gel	1.803701058038114
BSVarbo9_cle8977d6-1	floriculture	0.9226941925183579
BSVcampagnols10_cle06d1a1	prairie	5.064080447148844
BSVcampagnols10_cle06d1a1	orge d'hiver	4.297550463216691
BSVcampagnols10_cle06d1a1	zone non agricole	4.147844177703448
BSVcampagnols10_cle06d1a1	blé	2.881799610748501
BSVcampagnols10_cle06d1a1	pommier	2.6357974178576176
BSVcampagnols10_cle06d1a1	arboriculture	2.3722734851819967
BSVcampagnols10_cle06d1a1	tournesol	2.287731650773154
BSVcampagnols10_cle06d1a1	gel	2.1123322740870476
BSVcampagnols10_cle06d1a1	vigne	2.1123322740870476
BSVcampagnols10_cle06d1a1	colza	2.0778657647162673
BSVcampagnols10_cle06d1a1	arboriculture fruitière	1.7221762594818806
BSVcampagnols3_cle8d3542	prairie temporaire	6.622252440532995
BSVcampagnols3_cle8d3542	surface toujours en herbe	6.622252440532995
BSVcampagnols3_cle8d3542	zone non agricole	4.242178607466627
BSVcampagnols3_cle8d3542	orge d'hiver	4.038339819678157
BSVcampagnols3_cle8d3542	blé tendre d'hiver	3.886877891289364
BSVcampagnols3_cle8d3542	jardin	2.9240008714540293
BSVcampagnols3_cle8d3542	blé	2.921073724073188
BSVcampagnols3_cle8d3542	horticulture ornementale	2.6636020330979053
BSVcampagnols3_cle8d3542	arboriculture	2.206498883301927
BSVcampagnols3_cle8d3542	vigne	2.161528264881555
BSVcampagnols3_cle8d3542	colza	2.1278013298427654
BSVcampagnols3_cle8d3542	arboriculture fruitière	1.4443911725445011
BSVleg_n10_2017_cle03fb85	aubergine	5.58900041308474
BSVleg_n10_2017_cle03fb85	concombre	5.088985164277319
BSVleg_n10_2017_cle03fb85	poivron	4.418408959047261
BSVleg_n10_2017_cle03fb85	radis	4.175806928188857
BSVleg_n10_2017_cle03fb85	salade	3.98649992353049
BSVleg_n10_2017_cle03fb85	pomme de terre	3.4185391127323497
BSVleg_n10_2017_cle03fb85	culture légumière	3.2919252168937514
BSVleg_n10_2017_cle03fb85	chou	3.2786657943849327
BSVleg_n10_2017_cle03fb85	carotte	3.0095758921448095
BSVleg_n10_2017_cle03fb85	tomate	3.0095758921448095
BSVleg_n10_2017_cle03fb85	maraîchage	2.826936338182304
BSVleg_n10_2017_cle03fb85	céréale	2.504818287844261
BSVleg_n10_2017_cle03fb85	blé	2.0966217097077844
BSVleg_n10_2017_cle03fb85	colza	1.4866633228994393
BSVviti12_cle89fa1e	arbuste à baies	3.774110129087244
BSVviti12_cle89fa1e	vigne	3.1436668813481305
BULLETIN_DE_SANTE_DU_VEGETAL_GC_2011-_No38-_6-12-2011_cle8d8ade	soja	5.089328489986552
BULLETIN_DE_SANTE_DU_VEGETAL_GC_2011-_No38-_6-12-2011_cle8d8ade	maïs	3.443224920194625
BULLETIN_DE_SANTE_DU_VEGETAL_GC_2011-_No38-_6-12-2011_cle8d8ade	tournesol	2.6973502665578173
BULLETIN_DE_SANTE_DU_VEGETAL_GC_2013-_No10_-_30_avril_2013_cle858e15	pissenlit	6.862972140542676
BULLETIN_DE_SANTE_DU_VEGETAL_GC_2013-_No10_-_30_avril_2013_cle858e15	triticale	4.801468215648869
BULLETIN_DE_SANTE_DU_VEGETAL_GC_2013-_No10_-_30_avril_2013_cle858e15	bananier plantain	4.401638051908865
BULLETIN_DE_SANTE_DU_VEGETAL_GC_2013-_No10_-_30_avril_2013_cle858e15	orge de printemps	4.204546043368805
BULLETIN_DE_SANTE_DU_VEGETAL_GC_2013-_No10_-_30_avril_2013_cle858e15	orge d'hiver	4.125827202395674
BULLETIN_DE_SANTE_DU_VEGETAL_GC_2013-_No10_-_30_avril_2013_cle858e15	orge	2.9362009328964827
BULLETIN_DE_SANTE_DU_VEGETAL_GC_2013-_No10_-_30_avril_2013_cle858e15	blé	2.843888504205398
BULLETIN_DE_SANTE_DU_VEGETAL_GC_2013-_No10_-_30_avril_2013_cle858e15	semence	2.5220571742480486
BULLETIN_DE_SANTE_DU_VEGETAL_GC_2013-_No10_-_30_avril_2013_cle858e15	céréale	2.5220571742480486
BULLETIN_DE_SANTE_DU_VEGETAL_GC_2013-_No10_-_30_avril_2013_cle858e15	colza	2.140367688393055
BULLETIN_DE_SANTE_DU_VEGETAL_GC_2013-_No10_-_30_avril_2013_cle858e15	tournesol	1.988468941536826
BULLETIN_DE_SANTE_DU_VEGETAL_GC_2013-_No10_-_30_avril_2013_cle858e15	floriculture	0.9009721406252034
BULLETIN_DE_SANTE_DU_VEGETAL_GC_2013-_No14_-_28_MAI_2013_cle4c4dec	chanvre	8.245264058448218
BULLETIN_DE_SANTE_DU_VEGETAL_GC_2013-_No14_-_28_MAI_2013_cle4c4dec	ray-grass	6.172511846772179
BULLETIN_DE_SANTE_DU_VEGETAL_GC_2013-_No14_-_28_MAI_2013_cle4c4dec	seigle	6.172511846772179
BULLETIN_DE_SANTE_DU_VEGETAL_GC_2013-_No14_-_28_MAI_2013_cle4c4dec	fève	5.923440545931341
BULLETIN_DE_SANTE_DU_VEGETAL_GC_2013-_No14_-_28_MAI_2013_cle4c4dec	soja	5.051396343091987
BULLETIN_DE_SANTE_DU_VEGETAL_GC_2013-_No14_-_28_MAI_2013_cle4c4dec	orge de printemps	4.260714956819395
BULLETIN_DE_SANTE_DU_VEGETAL_GC_2013-_No14_-_28_MAI_2013_cle4c4dec	triticale	4.08197902770751
BULLETIN_DE_SANTE_DU_VEGETAL_GC_2013-_No14_-_28_MAI_2013_cle4c4dec	orge d'hiver	3.507581297161274
BULLETIN_DE_SANTE_DU_VEGETAL_GC_2013-_No14_-_28_MAI_2013_cle4c4dec	maïs	3.2131233325998654
BULLETIN_DE_SANTE_DU_VEGETAL_GC_2013-_No14_-_28_MAI_2013_cle4c4dec	prunier	3.1709732958925914
BULLETIN_DE_SANTE_DU_VEGETAL_GC_2013-_No14_-_28_MAI_2013_cle4c4dec	oranger	3.0436323066389144
BULLETIN_DE_SANTE_DU_VEGETAL_GC_2013-_No14_-_28_MAI_2013_cle4c4dec	céréale à paille	2.975425908523403
BULLETIN_DE_SANTE_DU_VEGETAL_GC_2013-_No14_-_28_MAI_2013_cle4c4dec	orge	2.975425908523403
BULLETIN_DE_SANTE_DU_VEGETAL_GC_2013-_No14_-_28_MAI_2013_cle4c4dec	blé	2.8540256383359384
BULLETIN_DE_SANTE_DU_VEGETAL_GC_2013-_No14_-_28_MAI_2013_cle4c4dec	tournesol	2.5464941975265125
BULLETIN_DE_SANTE_DU_VEGETAL_GC_2013-_No14_-_28_MAI_2013_cle4c4dec	colza	1.7983891022376246
BULLETIN_DE_SANTE_DU_VEGETAL_GC_2013-_No20_-_9_JUILLET_2013_cle8e731d	seigle	7.509647624278735
BULLETIN_DE_SANTE_DU_VEGETAL_GC_2013-_No20_-_9_JUILLET_2013_cle8e731d	olivier fruit à noyaux	5.652783721019194
BULLETIN_DE_SANTE_DU_VEGETAL_GC_2013-_No20_-_9_JUILLET_2013_cle8e731d	maïs fourrage	5.652783721019194
BULLETIN_DE_SANTE_DU_VEGETAL_GC_2013-_No20_-_9_JUILLET_2013_cle8e731d	maïs grain	5.177744631246026
BULLETIN_DE_SANTE_DU_VEGETAL_GC_2013-_No20_-_9_JUILLET_2013_cle8e731d	triticale	4.966247917986498
BULLETIN_DE_SANTE_DU_VEGETAL_GC_2013-_No20_-_9_JUILLET_2013_cle8e731d	soja	4.79031439916881
BULLETIN_DE_SANTE_DU_VEGETAL_GC_2013-_No20_-_9_JUILLET_2013_cle8e731d	céréale	3.387589674535202
BULLETIN_DE_SANTE_DU_VEGETAL_GC_2013-_No20_-_9_JUILLET_2013_cle8e731d	orge	3.3452661625361504
BULLETIN_DE_SANTE_DU_VEGETAL_GC_2013-_No20_-_9_JUILLET_2013_cle8e731d	maïs	3.3417971652280203
BULLETIN_DE_SANTE_DU_VEGETAL_GC_2013-_No20_-_9_JUILLET_2013_cle8e731d	orge d'hiver	3.21224145841262
BULLETIN_DE_SANTE_DU_VEGETAL_GC_2013-_No20_-_9_JUILLET_2013_cle8e731d	semence	2.8734247818219685
BULLETIN_DE_SANTE_DU_VEGETAL_GC_2013-_No20_-_9_JUILLET_2013_cle8e731d	blé	2.7141179456807727
BULLETIN_DE_SANTE_DU_VEGETAL_GC_2013-_No20_-_9_JUILLET_2013_cle8e731d	tournesol	2.6708818988183594
BULLETIN_DE_SANTE_DU_VEGETAL_GC_2013-_No20_-_9_JUILLET_2013_cle8e731d	floriculture	0.6341372553236957
Cassis_n_6_du_16_05_19_cle034491	cassissier	7.152818115093875
Cassis_n_6_du_16_05_19_cle034491	poirée	3.2267312615082577
Note_nat-_BSV_Aromia_bungii_juin_2018_v2_cle09d4e1	arbre fruitier à noyau	5.426051773321579
Note_nat-_BSV_Aromia_bungii_juin_2018_v2_cle09d4e1	horticulture ornementale	3.498315859693797
Note_nat-_BSV_Aromia_bungii_juin_2018_v2_cle09d4e1	zone non agricole	3.475870197037385
Note_nat-_BSV_Aromia_bungii_juin_2018_v2_cle09d4e1	prunier	3.475870197037385
Note_nat-_BSV_Aromia_bungii_juin_2018_v2_cle09d4e1	jardin	3.366032730996215
Note_nat-_BSV_Aromia_bungii_juin_2018_v2_cle09d4e1	cerisier	3.366032730996215
Note_nat-_BSV_Aromia_bungii_juin_2018_v2_cle09d4e1	pêcher	3.2615204462067777
Note_nat-_BSV_Aromia_bungii_juin_2018_v2_cle09d4e1	poirier	2.4156557191777663
Note_nat-_BSV_Aromia_bungii_juin_2018_v2_cle09d4e1	arboriculture	2.339605544475593
Note_nat-_BSV_Aromia_bungii_juin_2018_v2_cle09d4e1	arboriculture fruitière	1.8970313446702562
Note_nationale_meth_alternative_adventices_GC_validee-2_cle06dc5b	colza d'hiver	6.522505328736977
Note_nationale_meth_alternative_adventices_GC_validee-2_cle06dc5b	avoine	5.788962960041428
Note_nationale_meth_alternative_adventices_GC_validee-2_cle06dc5b	géranium	4.936631895169931
Note_nationale_meth_alternative_adventices_GC_validee-2_cle06dc5b	soja	4.860499042711059
Note_nationale_meth_alternative_adventices_GC_validee-2_cle06dc5b	vesce fourrager	4.8110291235963505
Note_nationale_meth_alternative_adventices_GC_validee-2_cle06dc5b	trèfle	4.8110291235963505
Note_nationale_meth_alternative_adventices_GC_validee-2_cle06dc5b	pois protéagineux	4.8110291235963505
Note_nationale_meth_alternative_adventices_GC_validee-2_cle06dc5b	ray-grass	4.269964989292376
Note_nationale_meth_alternative_adventices_GC_validee-2_cle06dc5b	lin	4.1710246483714615
Note_nationale_meth_alternative_adventices_GC_validee-2_cle06dc5b	betterave	4.001346184822062
Note_nationale_meth_alternative_adventices_GC_validee-2_cle06dc5b	féverole d'hiver	3.911132884265186
Note_nationale_meth_alternative_adventices_GC_validee-2_cle06dc5b	féverole	3.242469538914193
Note_nationale_meth_alternative_adventices_GC_validee-2_cle06dc5b	luzerne	3.08560320887285
Note_nationale_meth_alternative_adventices_GC_validee-2_cle06dc5b	prairie	3.08560320887285
Note_nationale_meth_alternative_adventices_GC_validee-2_cle06dc5b	maïs	3.0807118807822733
Note_nationale_meth_alternative_adventices_GC_validee-2_cle06dc5b	céréale	3.047386466896862
Note_nationale_meth_alternative_adventices_GC_validee-2_cle06dc5b	semence	3.047386466896862
Note_nationale_meth_alternative_adventices_GC_validee-2_cle06dc5b	orge de printemps	2.9474392510865735
Note_nationale_meth_alternative_adventices_GC_validee-2_cle06dc5b	orge	2.7905382447823013
Note_nationale_meth_alternative_adventices_GC_validee-2_cle06dc5b	blé	2.6300716831879707
Note_nationale_meth_alternative_adventices_GC_validee-2_cle06dc5b	tournesol	2.612730506982009
Note_nationale_meth_alternative_adventices_GC_validee-2_cle06dc5b	orge d'hiver	2.426443190029275
Note_nationale_meth_alternative_adventices_GC_validee-2_cle06dc5b	colza	2.0067077529350996
Note_nationale_meth_alternative_adventices_GC_validee-2_cle06dc5b	culture fruitière	0.6578485895888911
Note_nationale_meth_alternative_adventices_GC_validee-2_cle06dc5b	floriculture	0.47901069849350897
als_Grandes_Cultures_no10_2016-04-26_cle4d3231	soja	4.624089246871865
als_Grandes_Cultures_no10_2016-04-26_cle4d3231	blé tendre	4.093398954241893
als_Grandes_Cultures_no10_2016-04-26_cle4d3231	orge	3.699944328177897
als_Grandes_Cultures_no10_2016-04-26_cle4d3231	pois	3.3326606712986937
als_Grandes_Cultures_no10_2016-04-26_cle4d3231	blé	2.869310864742986
als_Grandes_Cultures_no10_2016-04-26_cle4d3231	maïs	2.6138183417271112
als_Grandes_Cultures_no10_2016-04-26_cle4d3231	tournesol	2.1868848040802824
als_Grandes_Cultures_no10_2016-04-26_cle4d3231	colza	2.0345583587440776
als_Grandes_Cultures_no10_2016-04-26_cle4d3231	floriculture	0.8610510098650243
als_Grandes_Cultures_no32_2016-10-11_cle4e331a	colza	2.081774908923075
alsace03_BSV_VIGNE_250417_cle0358f2	gel	3.0689725685997717
alsace03_BSV_VIGNE_250417_cle0358f2	vigne	2.9977453871151036
alsace_gdes_cultures_no24_du_19-08-20_cle075fe6	betterave	4.806529267505517
alsace_gdes_cultures_no24_du_19-08-20_cle075fe6	maïs	3.2526155832956056
alsace_vigne_no10_du_23-06-20_cle812596	pois	4.144525883333697
alsace_vigne_no10_du_23-06-20_cle812596	vigne	2.8557423721139754
alsace_vigne_no10_du_23-06-20_cle812596	culture fruitière	1.2834857538838171
annexe_au_BSV_GC_No16_desherbage_alternatif_mais_cle81f45a	maïs	3.3052989581349093
bsv_01_fruits_rouges_25_avril_2018_cle8fdf59	fraisier	4.608123215752676
bsv_01_fruits_rouges_25_avril_2018_cle8fdf59	gel	3.0567942402667954
bsv_01_fruits_rouges_25_avril_2018_cle8fdf59	culture fruitière	1.2805571976393537
bsv_01_fruits_rouges_25_avril_2018_cle8fdf59	floriculture	0.8674081059777252
bsv_13_pdt_21_juin_cle8d177f-1	grande culture	7.774032822547957
bsv_13_pdt_21_juin_cle8d177f-1	roquette	6.899739561974566
bsv_13_pdt_21_juin_cle8d177f-1	jardin	3.432559986495005
bsv_13_pdt_21_juin_cle8d177f-1	pomme de terre	2.9435195775047536
bsv_ail_mp_n11_06062019_cle816b36	ail	7.4747516278928625
bsv_ail_mp_n11_06062019_cle816b36	rosier ornemental	4.4564907722110085
bsv_arbo_66_2015_cle479316	pommier	2.821348082381333
bsv_arbo_66_2015_cle479316	arboriculture fruitière	2.1238761484852375
bsv_arbo_66_2015_cle479316	arboriculture	1.9123403611057441
bsv_arbo_66_2015_cle479316	floriculture	0.7427071478468051
bsv_arbo_75_2015_cle429b97	bananier plantain	3.883635888717036
bsv_arbo_75_2015_cle429b97	pommier	2.821791981318208
bsv_arbo_75_2015_cle429b97	jardin	2.673672319497578
bsv_arbo_75_2015_cle429b97	arboriculture fruitière	2.099646252354125
bsv_arbo_75_2015_cle429b97	poirier	1.9187786768461077
bsv_arbo_75_2015_cle429b97	arboriculture	1.5523556587543106
bsv_arbo_75_2015_cle429b97	culture fruitière	1.3285428090130549
bsv_arbo_75_2015_cle429b97	floriculture	0.6028977200955021
bsv_arbo_n25_19092017_cle4b1c13	arbre fruitier à noyau	5.699123704462843
bsv_arbo_n25_19092017_cle4b1c13	actinidia	5.396455975931041
bsv_arbo_n25_19092017_cle4b1c13	petit fruit	4.247249986547592
bsv_arbo_n25_19092017_cle4b1c13	prunier	4.174556245575445
bsv_arbo_n25_19092017_cle4b1c13	pêcher	2.8332132778017476
bsv_arbo_n25_19092017_cle4b1c13	pommier	2.695743364651243
bsv_arbo_n25_19092017_cle4b1c13	arboriculture	2.4345056587177374
bsv_arbo_n25_19092017_cle4b1c13	arboriculture fruitière	1.9503400538106945
bsv_arbo_n25_19092017_cle4b1c13	culture fruitière	1.3208403185102966
bsv_grandes_cultures_n27_18052017_cle88cbb1-1	protéagineux	7.160507627616861
bsv_grandes_cultures_n27_18052017_cle88cbb1-1	pois protéagineux d'hiver	5.737341637925915
bsv_grandes_cultures_n27_18052017_cle88cbb1-1	céréale fourragère	5.737341637925915
bsv_grandes_cultures_n27_18052017_cle88cbb1-1	féverole	5.72830554610389
bsv_grandes_cultures_n27_18052017_cle88cbb1-1	lin	5.061446317974341
bsv_grandes_cultures_n27_18052017_cle88cbb1-1	féverole d'hiver	4.664179944016199
bsv_grandes_cultures_n27_18052017_cle88cbb1-1	maïs grain	4.664179944016199
bsv_grandes_cultures_n27_18052017_cle88cbb1-1	pois	3.8772791671565696
bsv_grandes_cultures_n27_18052017_cle88cbb1-1	légume à graines ou à gousses	3.866772579712129
bsv_grandes_cultures_n27_18052017_cle88cbb1-1	fève	3.866772579712129
bsv_grandes_cultures_n27_18052017_cle88cbb1-1	lin oléagineux d'hiver	3.866772579712129
bsv_grandes_cultures_n27_18052017_cle88cbb1-1	semence	3.3540987004414955
bsv_grandes_cultures_n27_18052017_cle88cbb1-1	maïs	3.200133214613479
bsv_grandes_cultures_n27_18052017_cle88cbb1-1	tournesol	2.703638698652301
bsv_grandes_cultures_n27_18052017_cle88cbb1-1	colza	1.9907294447384998
bsv_grandes_cultures_n27_18052017_cle88cbb1-1	gel	1.872690029113503
bsv_maraichage_no11_du_05_Juin_2020_cle012212	melon	5.527954175337077
bsv_maraichage_no11_du_05_Juin_2020_cle012212	courgette	5.494832066410755
bsv_maraichage_no11_du_05_Juin_2020_cle012212	aubergine	5.050230545448364
bsv_maraichage_no11_du_05_Juin_2020_cle012212	tomate	4.081470663601225
bsv_maraichage_no11_du_05_Juin_2020_cle012212	riz	3.937127534178991
bsv_maraichage_no11_du_05_Juin_2020_cle012212	sorgho grain	3.937127534178991
bsv_maraichage_no11_du_05_Juin_2020_cle012212	fraisier	3.523899692083146
bsv_maraichage_no11_du_05_Juin_2020_cle012212	poivron	2.681448357068859
bsv_maraichage_no11_du_05_Juin_2020_cle012212	salade	2.503303921765858
bsv_maraichage_no11_du_05_Juin_2020_cle012212	engrais vert	2.4437351125516904
bsv_maraichage_no11_du_05_Juin_2020_cle012212	sorgho fourrager	2.4437351125516904
bsv_maraichage_no11_du_05_Juin_2020_cle012212	chicorée scarole	2.4437351125516904
bsv_maraichage_no11_du_05_Juin_2020_cle012212	potiron	2.4437351125516904
bsv_maraichage_no11_du_05_Juin_2020_cle012212	concombre	2.2191705141423035
bsv_maraichage_no11_du_05_Juin_2020_cle012212	piment	2.168904636748497
bsv_maraichage_no11_du_05_Juin_2020_cle012212	maraîchage	2.050629441337949
bsv_maraichage_no11_du_05_Juin_2020_cle012212	courge	1.98663789255754
bsv_maraichage_no11_du_05_Juin_2020_cle012212	tabac	1.8495685464323577
bsv_maraichage_no11_du_05_Juin_2020_cle012212	luzerne	1.5673147493416417
bsv_maraichage_no11_du_05_Juin_2020_cle012212	semence	1.4468455561471192
bsv_maraichage_no11_du_05_Juin_2020_cle012212	maïs	1.3634385006912637
bsv_maraichage_no11_du_05_Juin_2020_cle012212	châtaignier	1.2772152679333861
bsv_maraichage_no11_du_05_Juin_2020_cle012212	laitue	1.2772152679333861
bsv_maraichage_no11_du_05_Juin_2020_cle012212	oignon	1.2772152679333861
bsv_maraichage_no11_du_05_Juin_2020_cle012212	culture fruitière	1.2179129111712594
bsv_maraichage_no11_du_05_Juin_2020_cle012212	poirée	1.0135300363615511
bsv_maraichage_no11_du_05_Juin_2020_cle012212	gel	0.7976443914057203
bsv_maraichage_no11_du_05_Juin_2020_cle012212	floriculture	0.4922796929116118
bsv_na_tabac_03_20180523_cle8e53e1	tabac	7.522998238114147
bsv_na_tabac_03_20180523_cle8e53e1	prairie	4.673446638599179
bsv_na_tabac_03_20180523_cle8e53e1	horticulture ornementale	3.408500931978783
bsv_na_tabac_03_20180523_cle8e53e1	gel	2.378430051384644
bsv_vigne_n10_fronton_07062017-3_cle0a711e	gesse	8.610256998911781
bsv_vigne_n10_fronton_07062017-3_cle0a711e	roquette	6.647906489130341
bsv_vigne_n10_fronton_07062017-3_cle0a711e	arbuste à baies	4.195223619178358
bsv_vigne_n10_fronton_07062017-3_cle0a711e	vigne	3.210449649466236
bsv_vigne_n10_fronton_07062017-3_cle0a711e	floriculture	0.8572812829231582
bsv_vigne_n1_fronton_23032017_cle825f73	arbuste à baies	4.428274145535513
bsv_vigne_n1_fronton_23032017_cle825f73	vigne	3.249671720876317
bsv_vigne_n1_fronton_23032017_cle825f73	gel	2.2700257872306406
bsv_vigne_n1_fronton_23032017_cle825f73	floriculture	0.6924410899377862
bsv_viti_mp_gaillac_n07_12052020_cle0ee886	arbuste à baies	3.744613158074369
bsv_viti_mp_gaillac_n07_12052020_cle0ee886	vigne	3.2028928409712316
bsv_viti_mp_hautegaronnetarnetgaronne_n07_12052020_cle0cfad7	rosier ornemental	3.5917121127811025
bsv_viti_mp_hautegaronnetarnetgaronne_n07_12052020_cle0cfad7	vigne	3.223191123665316
bsv_viticulture_no10_du_23_mai_2018_cle0c892f	vigne	3.241531756565286
bsv_viticulture_no10_du_23_mai_2018_cle0c892f	arboriculture fruitière	1.864056752431993
bsv_viticulture_no10_du_23_mai_2018_cle0c892f	floriculture	0.7361917192713893
bulletindesanteduvegetalgc2014-n9-15avril2014_cle066b5e	avoine	7.23081908297607
bulletindesanteduvegetalgc2014-n9-15avril2014_cle066b5e	triticale	5.497540304503024
bulletindesanteduvegetalgc2014-n9-15avril2014_cle066b5e	orge de printemps	5.338741917462097
bulletindesanteduvegetalgc2014-n9-15avril2014_cle066b5e	laurier	4.593793327563145
bulletindesanteduvegetalgc2014-n9-15avril2014_cle066b5e	orge d'hiver	4.3950537620662375
bulletindesanteduvegetalgc2014-n9-15avril2014_cle066b5e	orge	3.4855771804769
bulletindesanteduvegetalgc2014-n9-15avril2014_cle066b5e	maïs	3.0177837841364834
bulletindesanteduvegetalgc2014-n9-15avril2014_cle066b5e	blé	2.9122430943658246
bulletindesanteduvegetalgc2014-n9-15avril2014_cle066b5e	céréale	2.504818287844261
bulletindesanteduvegetalgc2014-n9-15avril2014_cle066b5e	tournesol	2.3605203203414997
bulletindesanteduvegetalgc2014-n9-15avril2014_cle066b5e	gel	2.224788446435113
bulletindesanteduvegetalgc2014-n9-15avril2014_cle066b5e	colza	2.0127996762392173
char_Grandes_Cultures_no22_2016-07-07_cle02be6e	pois protéagineux de printemps	6.3200105891243386
char_Grandes_Cultures_no22_2016-07-07_cle02be6e	féverole de printemps	5.7763558594796
char_Grandes_Cultures_no22_2016-07-07_cle02be6e	féverole	5.317279090465891
char_Grandes_Cultures_no22_2016-07-07_cle02be6e	maïs fourrage	4.857874666604883
char_Grandes_Cultures_no22_2016-07-07_cle02be6e	légume à graines ou à gousses	4.788806331700489
char_Grandes_Cultures_no22_2016-07-07_cle02be6e	betterave	4.472675061442214
char_Grandes_Cultures_no22_2016-07-07_cle02be6e	amandier	4.142631277386518
char_Grandes_Cultures_no22_2016-07-07_cle02be6e	pois	3.4835600605830375
char_Grandes_Cultures_no22_2016-07-07_cle02be6e	maïs	3.36964328792685
char_Grandes_Cultures_no22_2016-07-07_cle02be6e	pomme de terre	3.35780726886497
char_Grandes_Cultures_no22_2016-07-07_cle02be6e	rosier ornemental	2.578783767621169
char_Grandes_Cultures_no22_2016-07-07_cle02be6e	oranger	2.4606249608451023
char_Grandes_Cultures_no22_2016-07-07_cle02be6e	tournesol	2.4194022476214587
char_Grandes_Cultures_no22_2016-07-07_cle02be6e	jardin	2.416750088929973
char_Grandes_Cultures_no22_2016-07-07_cle02be6e	céréale	2.0114195610421803
char_Grandes_Cultures_no22_2016-07-07_cle02be6e	culture fruitière	0.9715772047556269
char_Grandes_Cultures_no22_2016-07-07_cle02be6e	floriculture	0.7074513540892492
char_Grandes_Cultures_no42_2016-11-24_cle0385bf	blé tendre d'hiver	5.455082218706765
char_Grandes_Cultures_no42_2016-11-24_cle0385bf	orge d'hiver	4.562783899676397
char_Grandes_Cultures_no42_2016-11-24_cle0385bf	céréale à paille	3.1914196344810444
char_Grandes_Cultures_no42_2016-11-24_cle0385bf	orge	3.1914196344810444
char_Grandes_Cultures_no42_2016-11-24_cle0385bf	céréale	3.156676810199493
char_Grandes_Cultures_no42_2016-11-24_cle0385bf	blé	2.6422504031186143
char_Grandes_Cultures_no42_2016-11-24_cle0385bf	colza	2.1009615382649383
lorraine_arboriculture_no11_du_13-05-20_cle8ee895	prunier	4.3118502425901735
lorraine_arboriculture_no11_du_13-05-20_cle8ee895	cerisier	3.762362255827678
lorraine_arboriculture_no11_du_13-05-20_cle8ee895	poirée	3.5340390006995204
lorraine_arboriculture_no11_du_13-05-20_cle8ee895	pommier	2.7400170422748413
lorraine_arboriculture_no11_du_13-05-20_cle8ee895	poirier	2.7000842318662865
lorraine_arboriculture_no11_du_13-05-20_cle8ee895	oranger	2.2411097149551398
lorraine_arboriculture_no11_du_13-05-20_cle8ee895	arboriculture fruitière	1.9841958895414773
lorraine_arboriculture_no11_du_13-05-20_cle8ee895	culture fruitière	1.3221508589918833
lorraine_vigne_no14_du_29-07-20_cle4bcf91	petit fruit	4.72008232800414
lorraine_vigne_no14_du_29-07-20_cle4bcf91	arbuste à baies	4.64215461231755
lorraine_vigne_no14_du_29-07-20_cle4bcf91	cerisier	3.7633435906589567
lorraine_vigne_no14_du_29-07-20_cle4bcf91	prunier	3.3555557821924267
lorraine_vigne_no14_du_29-07-20_cle4bcf91	vigne	3.109823830614798
lorraine_vigne_no14_du_29-07-20_cle4bcf91	arboriculture	2.3066031025596203
lorraine_vigne_no14_du_29-07-20_cle4bcf91	culture fruitière	1.2654919829526892
