;bsv;corpus;location;context before;extracted conjunction;context after;matches with fcu;proposal;skos:browder;levenshtein distance;gestalt pattern matching;cosine (fasttext);cosine (fasttext finetune);euclidean (fasttext);euclidean (fasttext finetune);Grammatically pertinent;Absent from FCU;Relevance of reference;Other comments
0;/Users/belka/Documents/work/inrae/scripts/alvisBSV/resources/corpus/d2kab/CorpusTestD2kabGC.html/char_gdes_Cultures_no14_du_22-05-19_cle0b1586.html;test d2kab;25744-25761;post-semis prélevée;du maïs, la herse;étrille peut être e;maïs;herse;;cerise, merise, gesse;merise, cerise, rose;ensilage, poirée, luzerne;herbe aiguillée, trèfle de Perse, herbe aux cuillers;aspergeraie, escourgeon, houblonnière;trèfle de Perse, herbe aux cuillers, herbe aiguillée;;;;
1;/Users/belka/Documents/work/inrae/scripts/alvisBSV/resources/corpus/d2kab/CorpusTestD2kabGC.html/char_gdes_Cultures_no14_du_22-05-19_cle0b1586.html;test d2kab;25872-25889;Au-delà de la levée;du maïs, la herse;étrille peut occasi;maïs;herse;;cerise, merise, gesse;merise, cerise, rose;ensilage, poirée, luzerne;herbe aiguillée, trèfle de Perse, herbe aux cuillers;aspergeraie, escourgeon, houblonnière;trèfle de Perse, herbe aux cuillers, herbe aiguillée;;;;
2;/Users/belka/Documents/work/inrae/scripts/alvisBSV/resources/corpus/d2kab/CorpusTestD2kabMaraichage.html/20190731_BSV_legumes_cle01d6c6.html;test d2kab;29755-29779;choux pommés, types;chou blanc et chou rouge;, on observe moins d;chou, chou rouge;chou blanc;chou pommé;chou branchu, chou frangé, chou kale;chou branchu, cumin blanc, chou lacinié;chou rouge, radis blanc, chou branchu;lupin blanc, salsifis blanc, radis blanc;radis blanc, petit trèfle jaune, chou rouge;salsifis blanc, Chou cabus blanc, choux-navets à chair blanche;;;;
3;/Users/belka/Documents/work/inrae/scripts/alvisBSV/resources/corpus/d2kab/CorpusTestD2kabMaraichage.html/20190828_BSV_legumes_cle0ede1d.html;test d2kab;41795-41820;c le plus souvent).;Les navets et radis noirs;récemment semés se;radis, navet;radis noir;;radis gris, radis rose, radis rave;radis chinois, radis noir potager, radis rose;radis noir potager, radis jaune, radis gris;radis noir potager, radis, radis blanc;radis noir potager, radis jaune, radis gris;radis noir potager, radis chinois, surfaces herbacées temporaires de 5 ans ou moins;;;;
4;/Users/belka/Documents/work/inrae/scripts/alvisBSV/resources/corpus/d2kab/CorpusTestD2kabMaraichage.html/BSV_Corse_Maraichage_3_8juillet_2019_cle4de2c4.html;test d2kab;22592-22608;nombreux végétaux,;oliviers, Prunus;(pêchers, amandiers;olivier;prunus;;prune, prunier, brugnon;prune, prunier;cerisier, prunier, eleagnus;prune, prune d'Ente, prunes à pruneaux;cerisier, prunier, eleagnus;prunes à pruneaux, arboriculture fruitière tropicale, chou-navet à chair jaune;;;;
5;/Users/belka/Documents/work/inrae/scripts/alvisBSV/resources/corpus/d2kab/CorpusTestD2kabMaraichage.html/BSV_Corse_Maraichage_3_8juillet_2019_cle4de2c4.html;test d2kab;22631-22677;êchers, amandiers),;laurier rose, vigne, agrumes, caféiers, chênes;, Les dépérissements;caféier, chêne, agrume, vigne, rose, laurier;laurier rose;rosier, arboriculture fruitière tropicale, feuillu, floriculture, arboriculture fruitière, arboriculture ornementale;Laurier-rose, laurier tin, laurier sauce;Laurier-rose, laurier sauce, laurier;laurier sauce, laurier ornemental, laurier du Portugal;laurier, laurier tin, laurier sauce;laurier du Portugal, laurier ornemental, laurier aromatique;laurier du Portugal, laurier sauce, laurier ornemental;;;;
6;/Users/belka/Documents/work/inrae/scripts/alvisBSV/resources/corpus/d2kab/CorpusTestD2kabMaraichage.html/BSV_Corse_Maraichage_4_7aout_2019_cle83ed26.html;test d2kab;18765-18781;nombreux végétaux,;oliviers, Prunus;(pêchers, amandiers;olivier;prunus;;prune, prunier, brugnon;prune, prunier;cerisier, prunier, eleagnus;prune, prune d'Ente, prunes à pruneaux;cerisier, prunier, eleagnus;prunes à pruneaux, arboriculture fruitière tropicale, chou-navet à chair jaune;;;;
7;/Users/belka/Documents/work/inrae/scripts/alvisBSV/resources/corpus/d2kab/CorpusTestD2kabMaraichage.html/BSV_Corse_Maraichage_4_7aout_2019_cle83ed26.html;test d2kab;18804-18850;êchers, amandiers),;laurier rose, vigne, agrumes, caféiers, chênes;, Les dépérissements;caféier, chêne, agrume, vigne, rose, laurier;laurier rose;rosier, arboriculture fruitière tropicale, feuillu, floriculture, arboriculture fruitière, arboriculture ornementale;Laurier-rose, laurier tin, laurier sauce;Laurier-rose, laurier sauce, laurier;laurier sauce, laurier ornemental, laurier du Portugal;laurier, laurier tin, laurier sauce;laurier du Portugal, laurier ornemental, laurier aromatique;laurier du Portugal, laurier sauce, laurier ornemental;;;;
8;/Users/belka/Documents/work/inrae/scripts/alvisBSV/resources/corpus/d2kab/CorpusTestD2kabMaraichage.html/BSV_Legumes_102019_cle8be56a.html;test d2kab;13725-13764;génération: risque;pour les oignons bulbilles et échalotes;de plantation, oign;échalote, oignon;oignon bulbille;légume à bulbe;oignon blanc, vigne cultivée, oignon jaune;oignon rouge, oignon jaune, oignon blanc;oignon blanc, oignon rouge, oignon de couleur;oignon blanc, oignon, oignon précoce;oignon de couleur, oignon rouge, oignon doux des Cévennes;oignon doux des Cévennes, surfaces herbacées temporaires de 5 ans ou moins, reine des fruits (en hommage à la reine Victoria)..;;;;
9;/Users/belka/Documents/work/inrae/scripts/alvisBSV/resources/corpus/d2kab/CorpusTestD2kabMaraichage.html/BSV_Legumes_132019_cle871f9a.html;test d2kab;9091-9130;génération: risque;pour les oignons bulbilles et échalotes;de plantation, oign;échalote, oignon;oignon bulbille;légume à bulbe;oignon blanc, vigne cultivée, oignon jaune;oignon rouge, oignon jaune, oignon blanc;oignon blanc, oignon rouge, oignon de couleur;oignon blanc, oignon, oignon précoce;oignon de couleur, oignon rouge, oignon doux des Cévennes;oignon doux des Cévennes, surfaces herbacées temporaires de 5 ans ou moins, reine des fruits (en hommage à la reine Victoria)..;;;;
10;/Users/belka/Documents/work/inrae/scripts/alvisBSV/resources/corpus/d2kab/CorpusTestD2kabMaraichage.html/BSV_Legumes_132019_cle871f9a.html;test d2kab;9758-9790;ervé sur le terrain;sur oignons bulbilles et oignons;de semis. Le modèle;oignon;oignon bulbille;légume à bulbe;oignon blanc, vigne cultivée, oignon jaune;oignon rouge, oignon jaune, oignon blanc;oignon blanc, oignon rouge, oignon de couleur;oignon blanc, oignon, oignon précoce;oignon de couleur, oignon rouge, oignon doux des Cévennes;oignon doux des Cévennes, surfaces herbacées temporaires de 5 ans ou moins, reine des fruits (en hommage à la reine Victoria)..;;;;
11;/Users/belka/Documents/work/inrae/scripts/alvisBSV/resources/corpus/d2kab/CorpusTestD2kabMaraichage.html/BSV_legumes_02_du_20-03-19_cle455343.html;test d2kab;3412-3456;nes plants d'allium;(oignon, poireau, oignon bulbille, échalote);. L'activité de la m;échalote, poireau, oignon;oignon bulbille;légume à feuilles, légume à bulbe, légume tige;oignon blanc, vigne cultivée, oignon jaune;oignon rouge, oignon jaune, oignon blanc;oignon blanc, oignon rouge, oignon de couleur;oignon blanc, oignon, oignon précoce;oignon de couleur, oignon rouge, oignon doux des Cévennes;oignon doux des Cévennes, surfaces herbacées temporaires de 5 ans ou moins, reine des fruits (en hommage à la reine Victoria)..;;;;
12;/Users/belka/Documents/work/inrae/scripts/alvisBSV/resources/corpus/d2kab/CorpusTestD2kabMaraichage.html/BSV_legumes_02_du_20-03-19_cle455343.html;test d2kab;14428-14467;n'est pas démarré.-;Pour les oignons et échalotes bulbilles;, le risque n'est pa;échalote, oignon;échalote bulbille;légume à bulbe;échalote grise, échalote rose, échalote de Jersey;échalote grise, échalote rose, échalote;échalote rose, échalote de plantation, échalote grise;échalote, échalote grise, échalote rose;échalote rose, échalote de plantation, échalote de Jersey;échalote de plantation, échalote grise, échalote rose;;;;
13;/Users/belka/Documents/work/inrae/scripts/alvisBSV/resources/corpus/d2kab/CorpusTestD2kabMaraichage.html/BSV_legumes_22_du_11-09-19__cle028fcc.html;test d2kab;3952-3995;nes plants d'allium;(oignon, poireau, oignon bulbille, échalote;, ). L'activité de l;échalote, poireau, oignon;oignon bulbille;légume à feuilles, légume à bulbe, légume tige;oignon blanc, vigne cultivée, oignon jaune;oignon rouge, oignon jaune, oignon blanc;oignon blanc, oignon rouge, oignon de couleur;oignon blanc, oignon, oignon précoce;oignon de couleur, oignon rouge, oignon doux des Cévennes;oignon doux des Cévennes, surfaces herbacées temporaires de 5 ans ou moins, reine des fruits (en hommage à la reine Victoria)..;;;;
16;/Users/belka/Documents/work/inrae/scripts/alvisBSV/resources/corpus/d2kab/CorpusTestD2kabMaraichage.html/BSV_legumes_allium_pomme_de_terre_AURA_2019-14_cle48f73b.html;test d2kab;17407-17426;(chou-fleur d'été,;brocoli, romanesco);, par labour. Les va;brocoli;romanesco;chou potager, légumes fleurs;romaine, ronce, pomelo;chou romanesco, romaine, romarin;chou romanesco, chou, chou-fleur;chou romanesco, romaine, miscanthus géant;chou romanesco, chou-fleur, chou brocoli;chou romanesco, poire Williams pour transformation, arboriculture fruitière tropicale;;;;
17;/Users/belka/Documents/work/inrae/scripts/alvisBSV/resources/corpus/d2kab/CorpusTestD2kabMaraichage.html/BSV_legumes_allium_pomme_de_terre_AURA_2019-8_cle03ef71.html;test d2kab;3594-3614;s caduques tels que;le frêne, le bouleau;, le saule, le saule;bouleau;frêne;plante médicinale, feuillu, arboriculture ornementale;frène, prune, chêne;frène, ronce, prune;hêtre, chêne, merisier;chêne, courgette, champignon de Paris;hêtre, chêne, merisier;champignon de Paris, reine des fruits (en hommage à la reine Victoria).., lupin fourrager d’hiver;;;;
18;/Users/belka/Documents/work/inrae/scripts/alvisBSV/resources/corpus/d2kab/CorpusTestD2kabMaraichage.html/BSV_legumes_allium_pomme_de_terre_AURA_2019-8_cle03ef71.html;test d2kab;3740-3759;ve aussi couramment;sur chardons, ortie;.Sites d'hivernage:;ortie;chardon;plante médicinale;cardon, citron, marron;cardon, chardon-Marie, chardon Marie;pissenlit, trèfle, gaillet;chardon Marie, chardon-Marie, cardon;pissenlit, millepertuis, chardon-Marie;chardon Marie, chardon-Marie, culture légumière ou culture de champignons;;;;
19;/Users/belka/Documents/work/inrae/scripts/alvisBSV/resources/corpus/d2kab/CorpusTestD2kabMaraichage.html/BSV_no14_legumes_05_juillet_2019_cle0e639d.html;test d2kab;11466-11501;Présence fréquente;sur les oignons mottes et bulbilles;. Le temps sec ne fa;oignon;oignon motte;légume à bulbe;oignon rouge, oignon jaune, oignon rosé;oignon rouge, mignonette, oignon rosé;oignon blanc, oignon rouge, oignon de couleur;oignon, oignon rosé, oignon précoce;oignon blanc, oignon rouge, échalote rose;oignon doux des Cévennes, oignon précoce, oignon rosé de Roscoff;;;;
20;/Users/belka/Documents/work/inrae/scripts/alvisBSV/resources/corpus/d2kab/CorpusTestD2kabMaraichage.html/BSV_no14_legumes_05_juillet_2019_cle0e639d.html;test d2kab;11466-11501;Présence fréquente;sur les oignons mottes et bulbilles;. Le temps sec ne fa;oignon;bulbille;légume à bulbe;myrtille, paille, bucail;boulaie, lentille, bétulaie;câprier, fèverole, pélargonium;cornille, paille, lentille;luzerne lupuline, plante aromatique, fleur de courgette;reine des fruits (en hommage à la reine Victoria).., surfaces herbacées temporaires de 5 ans ou moins, jachère conjoncturelle;;;;
21;/Users/belka/Documents/work/inrae/scripts/alvisBSV/resources/corpus/d2kab/CorpusTestD2kabViti.html/BSV-viti-RA-16_16-07-2019_cle0bfb92.html;test d2kab;15045-15082;ine. Dans la vallée;de la Gervanne, Muscats et Clairettes;sont à fermeture de;clairette;gervanne;salade;verveine, orange, lavande;verveine, gourgane, gentiane;véronique officinale, guizotia d'Abyssinie, marjolaine sauvage;fines herbes, blé-seigle, cocoteraie;véronique officinale, marjolaine sauvage, guizotia d'Abyssinie;choux, racines et tubercules fourragers, Légumes à racines ou tubercules, racines et tubercules fourragères;;;;
22;/Users/belka/Documents/work/inrae/scripts/alvisBSV/resources/corpus/d2kab/CorpusTestD2kabViti.html/BSV-viti-RA-16_16-07-2019_cle0bfb92.html;test d2kab;15045-15082;ine. Dans la vallée;de la Gervanne, Muscats et Clairettes;sont à fermeture de;clairette;muscat;salade;avocat, makrut, cacao;miscanthus;raisin, vin, clairette;courge muscade, Été à cœur jaune, avocat;raisin, clairette, pamplemousse;choux, racines et tubercules fourragers, passiflore ornemental, cultures intermédiaires piège à nitrate;;;;
23;/Users/belka/Documents/work/inrae/scripts/alvisBSV/resources/corpus/d2kab/CorpusTestD2kabViti.html/BSV-viti-RA-16_16-07-2019_cle0bfb92.html;test d2kab;15151-15189;scats du Bas-Diois.;Les Clairettes du Bas-Diois et Muscats;du Haut-Diois sont;clairette;clairette du bas-diois;salade;arbuste  à baies, alpiste des Canaries, plante à massif;;violette odorante, grande airelle rouge d’Amérique du Nord, chou navet à chair jaune;clairette, lentille verte du Puy, Grosse bouclée;grande airelle rouge d’Amérique du Nord, cultures intermédiaires à usage d’engrais vert, violette odorante;grande airelle rouge d’Amérique du Nord, reine des fruits (en hommage à la reine Victoria).., cultures intermédiaires à usage d’engrais vert;;;;
24;/Users/belka/Documents/work/inrae/scripts/alvisBSV/resources/corpus/d2kab/CorpusTestD2kabViti.html/BSV-viti-RA-16_16-07-2019_cle0bfb92.html;test d2kab;15151-15189;scats du Bas-Diois.;Les Clairettes du Bas-Diois et Muscats;du Haut-Diois sont;clairette;muscat;salade;avocat, makrut, cacao;miscanthus;raisin, vin, clairette;courge muscade, Été à cœur jaune, avocat;raisin, clairette, pamplemousse;choux, racines et tubercules fourragers, passiflore ornemental, cultures intermédiaires piège à nitrate;;;;
25;/Users/belka/Documents/work/inrae/scripts/alvisBSV/resources/corpus/d2kab/CorpusTestD2kabViti.html/BSV_Viticulture_2_17_mai_2019_cle8f88af.html;test d2kab;11295-11311;nombreux végétaux,;oliviers, Prunus;(pêchers, amandiers;olivier;prunus;;prune, prunier, brugnon;prune, prunier;cerisier, prunier, eleagnus;prune, prune d'Ente, prunes à pruneaux;cerisier, prunier, eleagnus;prunes à pruneaux, arboriculture fruitière tropicale, chou-navet à chair jaune;;;;
26;/Users/belka/Documents/work/inrae/scripts/alvisBSV/resources/corpus/d2kab/CorpusTestD2kabViti.html/BSV_Viticulture_2_17_mai_2019_cle8f88af.html;test d2kab;11334-11380;êchers, amandiers),;laurier rose, vigne, agrumes, caféiers, chênes;, Les dépérissements;caféier, chêne, agrume, vigne, rose, laurier;laurier rose;rosier, arboriculture fruitière tropicale, feuillu, floriculture, arboriculture fruitière, arboriculture ornementale;Laurier-rose, laurier tin, laurier sauce;Laurier-rose, laurier sauce, laurier;laurier sauce, laurier ornemental, laurier du Portugal;laurier, laurier tin, laurier sauce;laurier du Portugal, laurier ornemental, laurier aromatique;laurier du Portugal, laurier sauce, laurier ornemental;;;;
27;/Users/belka/Documents/work/inrae/scripts/alvisBSV/resources/corpus/d2kab/CorpusTestD2kabViti.html/BSV_Viticulture_5_18_juillet_2019_cle8b576d.html;test d2kab;10230-10246;nombreux végétaux,;oliviers, Prunus;(pêchers, amandiers;olivier;prunus;;prune, prunier, brugnon;prune, prunier;cerisier, prunier, eleagnus;prune, prune d'Ente, prunes à pruneaux;cerisier, prunier, eleagnus;prunes à pruneaux, arboriculture fruitière tropicale, chou-navet à chair jaune;;;;
28;/Users/belka/Documents/work/inrae/scripts/alvisBSV/resources/corpus/d2kab/CorpusTestD2kabViti.html/BSV_Viticulture_5_18_juillet_2019_cle8b576d.html;test d2kab;10269-10315;êchers, amandiers),;laurier rose, vigne, agrumes, caféiers, chênes;, Les dépérissements;caféier, chêne, agrume, vigne, rose, laurier;laurier rose;rosier, arboriculture fruitière tropicale, feuillu, floriculture, arboriculture fruitière, arboriculture ornementale;Laurier-rose, laurier tin, laurier sauce;Laurier-rose, laurier sauce, laurier;laurier sauce, laurier ornemental, laurier du Portugal;laurier, laurier tin, laurier sauce;laurier du Portugal, laurier ornemental, laurier aromatique;laurier du Portugal, laurier sauce, laurier ornemental;;;;
29;/Users/belka/Documents/work/inrae/scripts/alvisBSV/resources/corpus/d2kab/CorpusTestD2kabViti.html/bsv_viti_13_27_06_2019_cle07f426.html;test d2kab;1108-1132;écoces (Chardonnay,;Gamay, Pinot gris, Melon;B) du réseau sont p;melon;gamay;légumes à fruits;mamey, gala, papaye;gala, mamey;vin, raisin, cassissier;féverole protéagineux de printemps, oléagineux, féverole protéagineux;raisin, cassissier, cassis;féverole protéagineux de printemps, colza oléagineux de printemps, pois protéagineux de printemps;;;;
30;/Users/belka/Documents/work/inrae/scripts/alvisBSV/resources/corpus/d2kab/CorpusTestD2kabViti.html/bsv_viti_13_27_06_2019_cle07f426.html;test d2kab;1108-1132;écoces (Chardonnay,;Gamay, Pinot gris, Melon;B) du réseau sont p;melon;pinot gris;légumes à fruits;radis gris, pavot noir, oignon rosé;porte graine, lin à graines, haricot grain;cumin de Hollande, sorgho grain, mûrier des haies;radis gris, blé des gaulois, haricot grain;cumin de Hollande, mûrier des haies, radis gris;pêche Pavie pour transformation, surfaces herbacées temporaires de 5 ans ou moins, vente en frais de légumes;;;;
31;/Users/belka/Documents/work/inrae/scripts/alvisBSV/resources/corpus/d2kab/CorpusTestD2kabViti.html/bsv_viti_lr_n17_30072019_cle8cc4c8.html;test d2kab;7895-7912;ice (en particulier;liseron ou ortie);ou plante cultivée;ortie;liseron;plante médicinale;citron, lime, limette;lotier, citron, lin;pissenlit, câprier, groseillier;cresson alénois plante de service, gaillet gratteron, ispaghul;pissenlit, groseillier, chrysanthème;cresson alénois plante de service, cultures intermédiaires piège à nitrate, plante à parfum aromatique et médicinale;;;;
32;/Users/belka/Documents/work/inrae/scripts/alvisBSV/resources/corpus/vespa/08_BSV_ZNA_080714_cle0bae61.html;test vespa;3840-3867;rostides, fétuques,;pâturin annuel et ray-grass;. Le champignon se d;pâturin, ray-grass;pâturin annuel;graminée fourragère, prairie temporaire;fourrage annuel, pâturin, poivron jaune;pâturin, fourrage annuel;fourrage annuel, pâturin, plante à massif;pâturin, fourrage annuel, plante ornementale;fourrage annuel, salsifis à feuilles de poireau, navet de printemps;plante à parfum aromatique et médicinale, poire Williams pour transformation, fourrage annuel;;;;
33;/Users/belka/Documents/work/inrae/scripts/alvisBSV/resources/corpus/vespa/2010_7__cle0fe148.html;test vespa;9883-9908;ourts. Les cultures;de radis noir et rutabaga;sont beaucoup plus;radis, rutabaga;radis noir;légume racine, chou potager, Chou navet;radis gris, radis rose, radis rave;radis chinois, radis noir potager, radis rose;radis noir potager, radis jaune, radis gris;radis noir potager, radis, radis blanc;radis noir potager, radis jaune, radis gris;radis noir potager, radis chinois, surfaces herbacées temporaires de 5 ans ou moins;;;;
34;/Users/belka/Documents/work/inrae/scripts/alvisBSV/resources/corpus/vespa/2010_7__cle0fe148.html;test vespa;11476-11492;icorée et de laitue;(beurre, batavia;et feuille de chêne;batavia;beurre;laitue;bette, gourde, courge;doubeurre, bourrache, bleuet;noisette, pain, cacao;doubeurre, haricot beurre, laitue beurre;noisette, haricot beurre, cacahuète;doubeurre, haricot beurre, laitue beurre;;;;
35;/Users/belka/Documents/work/inrae/scripts/alvisBSV/resources/corpus/vespa/2010_7__cle0fe148.html;test vespa;12339-12359;ression sclérotinia;sur batavia et lollo;rossa également. Je;batavia;lollo;laitue;pomelo, gombo, colza;limoncillo;chou de Savoie, chou de Pékin, maïs doux;lolium, persil frisé, essence de vétiver;chou de Savoie, chou de Pékin, maïs doux;surfaces herbacées temporaires de 5 ans ou moins, Feuille de chêne blonde, essence de vétiver;;;;
36;/Users/belka/Documents/work/inrae/scripts/alvisBSV/resources/corpus/vespa/2011_BSV_manche_36_cle8c9518.html;test vespa;3172-3199;otte et 3 parcelles;"de céleri
Carotte et céleri";: les captures sont;carotte, céleri;céleri carotte;culture légumière;céleri à cotes, céleri navet, céleri rave;céleri à cotes, céleri rave, céleri navet;céleri branche, céleri rave, céleri chinois;carotte, céleri, céleri chinois;céleri branche, céleri chinois, céleri de montagne;céleri perpétuel, surfaces herbacées temporaires de 5 ans ou moins, plante à parfum aromatique et médicinale;;;;
37;/Users/belka/Documents/work/inrae/scripts/alvisBSV/resources/corpus/vespa/20130912_bsv_maraichage_26_cle4ed671.html;test vespa;6437-6464;piégeage dans le 49;(chou, radis et radis noir);. Mouche du chou La;radis, chou;radis noir;;radis gris, radis rose, radis rave;radis chinois, radis noir potager, radis rose;radis noir potager, radis jaune, radis gris;radis noir potager, radis, radis blanc;radis noir potager, radis jaune, radis gris;radis noir potager, radis chinois, surfaces herbacées temporaires de 5 ans ou moins;;;;
38;/Users/belka/Documents/work/inrae/scripts/alvisBSV/resources/corpus/vespa/2_-_BSV_ZNA_S14_cle097ddd.html;test vespa;1860-1896;rtaines adventices,;comme les pissenlits et le chiendent;, ont commencé leur;pissenlit;chiendent;salade;cachiment, condiment, chêne;condiment, cachiment;gaillet, pissenlit, luzerne;légumes à fleurs, chicorée endive, doucette;pissenlit, Laurier-cerise, dent-de-lion;choux, racines et tubercules fourragers, cultures intermédiaires à usage d’engrais vert, cresson alénois plante de service;;;;
39;/Users/belka/Documents/work/inrae/scripts/alvisBSV/resources/corpus/vespa/2_-_BSV_ZNA_S14_cle097ddd.html;test vespa;6125-6152;uchsias X ALEURODES;Sauges, Hibiscus, Abutillon;X Traitement effect;sauge, hibiscus;abutillon;plante médicinale, plante aromatique;abricot, myrtille, aillet;;lupin à fibres, affourrage en vert, valériane des petites feuilles;trèfle du Roussillon, abricot pays, lentille cultivée;valériane des petites feuilles, affourrage en vert, racine de valériane;surfaces herbacées temporaires de 5 ans ou moins, trèfle du Roussillon, poire Williams pour transformation;;;;
40;/Users/belka/Documents/work/inrae/scripts/alvisBSV/resources/corpus/vespa/2_-_BSV_ZNA_S14_cle097ddd.html;test vespa;6499-6531;mastix(Hymenoptère);Philocreton, Asparagus, Bananier;X Cochenille farine;bananier;philocreton;culture tropicale, culture fruitière;poivron, chiboulette, chicon;;laurier ornemental, soja protéagineux, laitue de serre;groseille rouge, maïs sucré, navette;tournesol fourrage, valériane des petites feuilles, tournesol résolté en vert;surfaces herbacées temporaires de 5 ans ou moins, choux, racines et tubercules fourragers, cultures intermédiaires à usage d’engrais vert;;;;
41;/Users/belka/Documents/work/inrae/scripts/alvisBSV/resources/corpus/vespa/2_-_BSV_ZNA_S14_cle097ddd.html;test vespa;6499-6531;mastix(Hymenoptère);Philocreton, Asparagus, Bananier;X Cochenille farine;bananier;asparagus;culture tropicale, culture fruitière;asperge, ananas, estragon;asperge;eleagnus, hélianthe, actinidia;lègume sec, poirier, lègumes secs;X-festulolium, eleagnus, festulolium;plantes ayant des cultures ambigues, cultures intermédiaires à usage d’engrais vert, légume à graines ou à gousses;;;;
42;/Users/belka/Documents/work/inrae/scripts/alvisBSV/resources/corpus/vespa/BSV-Fruits-decembre-2014.html;test vespa;6300-6319;r ordre décroissant;: limettier, pomélo;, combava, tangor, c;limettier;pomélo;agrume;pomelo, pomme, gombo;pomelo, mélilot;pomelo, pamplemousse, combava;pomme, pomelo, cerfeuil perpétuel;pamplemousse, pomelo, tangerine;cerfeuil perpétuel, cultures intermédiaires piège à nitrate, poire Williams pour transformation;;;;
43;/Users/belka/Documents/work/inrae/scripts/alvisBSV/resources/corpus/vespa/BSV-Fruits-decembre-2014.html;test vespa;6358-6380;citronnier, orange,;mandarinier et kumquat;. Chancre citrique (;mandarinier;kumquat;agrume;avocat, kenepa, cumbaba;;pomelo, mandarinier, cédrat;asperge blanche, moutarde blanche, avocat;mandarinier, pamplemousse, mandarine;moutarde blanche service, surfaces herbacées temporaires de 5 ans ou moins, cresson alénois plante de service;;;;
44;/Users/belka/Documents/work/inrae/scripts/alvisBSV/resources/corpus/vespa/BSV-GC-PC73_cle485a11.html;test vespa;4344-4375;certaines cultures;comme le tournesol, l'ambroisie;émet un pollen très;tournesol;ambroisie;;merise, merisier, framboisier;framboisier, framboise, merisier;mélilot, ortie, semence;oliveraie, farine de pois chiches, radis chinois;huile de graine de pavot, fleur de violette, Phacélie à feuilles de tanaisie;surfaces herbacées temporaires de 5 ans ou moins, farine de pois chiches, reine des fruits (en hommage à la reine Victoria)..;;;;
45;/Users/belka/Documents/work/inrae/scripts/alvisBSV/resources/corpus/vespa/BSV-maraichage-juillet-2014.html;test vespa;13687-13727;certaines cultures,;notamment brède Morelle et chou de Chine;, alors qu'on la tro;brède, chou de chine;brède morelle;légume à feuilles, chou potager;brède mafane, brède petsaï, brède épinard;brède mafane, immortelle;brède mafane, brède, maurelle;brède petsaï, brède, brède mafane;brède mafane, oignon doux des Cévennes, valériane des petites feuilles;grande airelle rouge d’Amérique du Nord, reine des fruits (en hommage à la reine Victoria).., plante à parfum aromatique et médicinale;;;;
46;/Users/belka/Documents/work/inrae/scripts/alvisBSV/resources/corpus/vespa/BSV04-Horticulture-Pepinieres-22-04-2011_cle0a8923.html;test vespa;1236-1267;t ont été observées;sur Hibiscus, Lantana et Sauges;, Géranium et Fushia;sauge, hibiscus;lantana;plante médicinale, plante aromatique;longane, longani, ananas;plantain, mangostan, plantain brun;eleagnus, gerbera, arroche;banane plantain, plantain, plantain brun;brède petsaï, brède mafane, silphie perfoliée;plantain noir de Provence, banane plantain, bananier plantain;;;;
47;/Users/belka/Documents/work/inrae/scripts/alvisBSV/resources/corpus/vespa/BSV04-Horticulture-Pepinieres-22-04-2011_cle0a8923.html;test vespa;4668-4685;r gerbera, géranium;lierre, verveines;et toutes les cultu;verveine;lierre;plante médicinale, plante aromatique;lime, limette, linière;oliveraie, lotier, laitue beurre;laurier, sureau, pissenlit;laitue de serre, corossolier, radis violet;pissenlit, groseillier, pâquerette;cultures intermédiaires à usage d’engrais vert, cerise bigarreau pour transformation, culture légumière de plein champ;;;;
48;/Users/belka/Documents/work/inrae/scripts/alvisBSV/resources/corpus/vespa/BSVArbo_3_-_26_mai_2010_cle8f1c11.html;test vespa;9398-9417;variétés sensibles;(Golden, Pink Lady);et/ou en secteur av;golden;pink lady;arbre à fruits à pépins;pinède, yang tao, bigarade;épinard, lupin blanc, lupin blanc;lentille blonde, feuille de vigne rouge, Feuille de chêne blonde;pin, petit fruit rouge, essence de Néroli;feuille de vigne rouge, Feuille de chêne blonde, lentille large blonde;reine des fruits (en hommage à la reine Victoria).., pois protéagineux de printemps, surfaces herbacées temporaires de 5 ans ou moins;;;;
49;/Users/belka/Documents/work/inrae/scripts/alvisBSV/resources/corpus/vespa/BSV_Cultures_Ornementales_et_ZNA_No5_du_13_06_14_cle85d729.html;test vespa;3058-3096;ur choisya, acacia,;rosiers, griseline, hibiscus, polygala;et azalées. 13 juin;rosier, hibiscus;griseline;;groseille, cameline, cerisaie;groseillier, raisin, groseille;passiflore bleue, cerise douce, moutarde blanche oléagineuse;cameline, lupuline, chicorée racine;cerise douce, moutarde blanche oléagineuse, groseille blanche;plante à parfum aromatique et médicinale, cultures intermédiaires piège à nitrate, chicorée à inuline;;;;
50;/Users/belka/Documents/work/inrae/scripts/alvisBSV/resources/corpus/vespa/BSV_Cultures_Ornementales_et_ZNA_No5_du_13_06_14_cle85d729.html;test vespa;3058-3096;ur choisya, acacia,;rosiers, griseline, hibiscus, polygala;et azalées. 13 juin;rosier, hibiscus;polygala;;gala, longane, longani;gala;limonium, pélargonium, câprier;gala, giraumon, psyllium blond;limonium, pamplemoussier, millepertuis officinale;plantes ayant des cultures ambigues, cultures intermédiaires à usage d’engrais vert, usages des plantes cultivées;;;;
51;/Users/belka/Documents/work/inrae/scripts/alvisBSV/resources/corpus/vespa/BSV_Cultures_Ornementales_et_ZNA_No5_du_13_06_14_cle85d729.html;test vespa;3655-3727;étaux concernés sont;: Rosier, rhododendron, pittospore, bambous, photinia, viburnum et hêtre;. La présence d'indi;rosier, hêtre, photinia;rhododendron;feuillu, arboriculture ornementale;oignon, ognon, golden;;rosier, conifère, cerisier;anis, gaillet gratteron, chou pommé;Phacélie à feuilles de tanaisie, cerisier doux, cerisier de Cayenne;cresson alénois plante de service, reine des fruits (en hommage à la reine Victoria).., plante à parfum aromatique et médicinale;;;;
52;/Users/belka/Documents/work/inrae/scripts/alvisBSV/resources/corpus/vespa/BSV_Cultures_Ornementales_et_ZNA_No5_du_13_06_14_cle85d729.html;test vespa;3655-3727;étaux concernés sont;: Rosier, rhododendron, pittospore, bambous, photinia, viburnum et hêtre;. La présence d'indi;rosier, hêtre, photinia;pittospore;feuillu, arboriculture ornementale;pistache, sycomore, poire;;dolique asperge, graine à perroquet, arbuste fruitier;pulpe de betterave, artichaut, artichaut de Jérusalem;graine à perroquet, plante aromatique, dolique à longue gousse;cultures intermédiaires à usage d’engrais vert, artichaut de Jérusalem, grandes catégories de cultures;;;;
53;/Users/belka/Documents/work/inrae/scripts/alvisBSV/resources/corpus/vespa/BSV_Cultures_Ornementales_et_ZNA_No5_du_13_06_14_cle85d729.html;test vespa;3655-3727;étaux concernés sont;: Rosier, rhododendron, pittospore, bambous, photinia, viburnum et hêtre;. La présence d'indi;rosier, hêtre, photinia;bambou;feuillu, arboriculture ornementale;gombo, cabo, calou;ramboutan, barbeau, cabo;bois, chanvre, saule;ramboutan, topinambour, carambole;châtaignier, bananier, cerisier;ramboutan, navette oléagineuse d’hiver, pois protéagineux d'hiver;;;;
54;/Users/belka/Documents/work/inrae/scripts/alvisBSV/resources/corpus/vespa/BSV_Cultures_Ornementales_et_ZNA_No5_du_13_06_14_cle85d729.html;test vespa;3655-3727;étaux concernés sont;: Rosier, rhododendron, pittospore, bambous, photinia, viburnum et hêtre;. La présence d'indi;rosier, hêtre, photinia;viburnum;feuillu, arboriculture ornementale;curcuma, vigne, limonium;;eleagnus, photinia, actinidia;plante aromatique, vigne: raisin de table, vigne cultivée;eleagnus, Laurier-rose, limonium;vigne: raisin de cuve non en production, plantes ayant des cultures ambigues, vigne: raisins de cuve en production;;;;
55;/Users/belka/Documents/work/inrae/scripts/alvisBSV/resources/corpus/vespa/BSV_Cultures_Ornementales_et_ZNA_No5_du_13_06_14_cle85d729.html;test vespa;4278-4300;pittospore, acacia,;eucalyptus et eleagnus;. On y retrouve prin;eleagnus;eucalyptus;arboriculture ornementale;eleagnus, calou, cacaoyer;;Ylang-ylang, ananas, conifère;facélie, badiane chinoise, triticale;pamplemoussier, essence de vétiver, Ylang-ylang;choux, racines et tubercules fourragers, Phacélie à feuilles de tanaisie, arboriculture fruitière tropicale;;;;
56;/Users/belka/Documents/work/inrae/scripts/alvisBSV/resources/corpus/vespa/BSV_GC_n_21_du_12_avril_2011.html;test vespa;4428-4452;ia dans la rotation;(colza, tournesol soja );,les attaques recens;soja, colza, tournesol;tournesol soja;;tournesol, tourteau de soja, tournesol fourrage;tournesol, tournesol fourrage, tournesol fourrager;tournesol oléagineux, tournesol fourrage, lait de soja;tournesol, tournesol fourrage, tournesol oléagineux;tournesol oléagineux, tournesol fourrage, tournesol fourrager;tournesol fourrage, tournesol oléagineux, tournesol fourrager;;;;
57;/Users/belka/Documents/work/inrae/scripts/alvisBSV/resources/corpus/vespa/BSV_JEV_2012-no5_cle422e12.html;test vespa;4759-4792;ont encore visibles;sur érables champêtre et sycomore;, mais aussi sur ros;sycomore;érable champêtre;feuillu, arboriculture ornementale;érable sycomore, orange amère, grande culture;érable sycomore, bugle rampante;érable sycomore, châtaignier commun, arbre à fruits tropicaux;érable sycomore, hêtre, huile de soja;horticulture non comestible, culture légumière ou culture de champignons, arboriculture fruitière tropicale;reine des fruits (en hommage à la reine Victoria).., culture légumière ou culture de champignons, culture légumière de plein champ;;;;
58;/Users/belka/Documents/work/inrae/scripts/alvisBSV/resources/corpus/vespa/BSV_Legumes_no13_cle4531f2.html;test vespa;1837-1889;"SEUR-PLRN; Carotte,";Epinard, Pois de conserve, Haricots verts et Scorson;res : L. NIVET-UNIL;pois de conserve, épinard, haricot vert;scorson;légume à feuilles, pois potager, haricot;cardon, scorsonère, corossol;scorsonère, cranson, scorzonère;scorsonère d'Espagne, raisin de table, maïs doux;scorsonère, scorsonère d'Espagne, scorzonère;scorsonère d'Espagne, passiflore bleue, raisin de table;scorsonère, scorsonère d'Espagne, cultures intermédiaires à usage d’engrais vert;;;;
59;/Users/belka/Documents/work/inrae/scripts/alvisBSV/resources/corpus/vespa/BSV_N_04-ARBO-2014-03-06_cle811cb8.html;test vespa;1165-1184;"bourgeon d'hiver """;pour Fuji et Golden;"à début B "" début d";golden;fuji;arbre à fruits à pépins;kaki, kiwi, fruit;fruit;lentille, bibacier, prunier;statice, pistache, pistachier;lentille, bibacier, cerisier;jachère conjoncturelle, arboriculture fruitière tropicale, bananier plantain;;;;
60;/Users/belka/Documents/work/inrae/scripts/alvisBSV/resources/corpus/vespa/BSV_N_04-ARBO-2014-03-06_cle811cb8.html;test vespa;1378-1395;n Gironde : stade A;pour Fuji, Golden;et Chantecler à déb;golden;fuji;arbre à fruits à pépins;kaki, kiwi, fruit;fruit;lentille, bibacier, prunier;statice, pistache, pistachier;lentille, bibacier, cerisier;jachère conjoncturelle, arboriculture fruitière tropicale, bananier plantain;;;;
61;/Users/belka/Documents/work/inrae/scripts/alvisBSV/resources/corpus/vespa/BSV_N_04-ARBO-2014-03-06_cle811cb8.html;test vespa;1959-1981;stade C à début C3;pour Comice, William's;"; stade C3-D pour P";william's;comice;arbre à fruits à pépins;cerise, olive, ronce;camomille, romaine, pommier;betteravier, horticulture, poirée;combawa, épice, combava;betteravier, horticulture, arboriculture;salsifis à feuilles de poireau, cultures intermédiaires à usage d’engrais vert, vigne: raisin de cuve non en production;;;;
62;/Users/belka/Documents/work/inrae/scripts/alvisBSV/resources/corpus/vespa/BSV_Ornement_Normandie_n-20-2014_cle0bad54.html;test vespa;1872-1932;racinaires de lots;de Fagus sylvatica, Buxus sempervirens, Photinia et Viburnum;. Les dégâts causés;photinia;fagus sylvatica;arboriculture ornementale;saussaie, radis blanc, faux anis;;brome sitchensis, litchi chinensis, ovule de ginkgo biloba;triticale, triticale hiver, châtaignier;fourrage consommé en vert, ray grass anglais, lupin bleu de printemps;surfaces herbacées temporaires de 5 ans ou moins, vente en frais de légumes, légume à graines ou à gousses;;;;
63;/Users/belka/Documents/work/inrae/scripts/alvisBSV/resources/corpus/vespa/BSV_Ornement_Normandie_n-20-2014_cle0bad54.html;test vespa;1872-1932;racinaires de lots;de Fagus sylvatica, Buxus sempervirens, Photinia et Viburnum;. Les dégâts causés;photinia;buxus sempervirens;arboriculture ornementale;gesse service, pois de jardins, jus de raisin;;ovule de ginkgo biloba, litchi chinensis, ginkgo biloba;héliotrope, fruit sec, haricot blanc;plante à parfum aromatique et médicinale, plantes ayant des cultures ambigues, cresson alénois plante de service;cresson alénois plante de service, plante à parfum aromatique et médicinale, surfaces herbacées temporaires de 5 ans ou moins;;;;
64;/Users/belka/Documents/work/inrae/scripts/alvisBSV/resources/corpus/vespa/BSV_Ornement_Normandie_n-20-2014_cle0bad54.html;test vespa;1872-1932;racinaires de lots;de Fagus sylvatica, Buxus sempervirens, Photinia et Viburnum;. Les dégâts causés;photinia;viburnum;arboriculture ornementale;curcuma, vigne, limonium;;eleagnus, photinia, actinidia;plante aromatique, vigne: raisin de table, vigne cultivée;eleagnus, Laurier-rose, limonium;vigne: raisin de cuve non en production, plantes ayant des cultures ambigues, vigne: raisins de cuve en production;;;;
65;/Users/belka/Documents/work/inrae/scripts/alvisBSV/resources/corpus/vespa/BSV_Ornement_Normandie_n-20-2014_cle0bad54.html;test vespa;3024-3048;:- attaques faibles;sur Photinia, Pyracantha;"et Camellia;- attaq";photinia;pyracantha;arboriculture ornementale;maracudja, maracuja, miscanthus;;eleagnus, photinia, actinidia;paksoy, caroubier, légume frais;Laurier-cerise, Laurier-rose, plante en pot;plante à parfum aromatique et médicinale, choux, racines et tubercules fourragers, culture légumière ou culture de champignons;;;;
66;/Users/belka/Documents/work/inrae/scripts/alvisBSV/resources/corpus/vespa/BSV_PACA_Arbo_13_3_aout_2011_cle83d227.html;test vespa;7064-7088;ronnement du verger;(aubépines, cognassiers);et les vergers grêl;cognassier;aubépine;arbre à fruits à pépins;aubergine, épice, avoine;aubergine, sanguine, lupuline;sureau, hamamélis, sauge;aubergine, chicorée à inuline, légume à racine;chardon-Marie, millepertuis, cynorrhodon;chicorée à inuline, légume à graines ou à gousses, choux, racines et tubercules fourragers;;;;
67;/Users/belka/Documents/work/inrae/scripts/alvisBSV/resources/corpus/vespa/BSV_PACA_Arbo_13_3_aout_2011_cle83d227.html;test vespa;11068-11088;ur variété sensible;(Pink Lady , Golden);notamment à la fave;golden;pink lady;arbre à fruits à pépins;pinède, yang tao, bigarade;épinard, lupin blanc, lupin blanc;lentille blonde, feuille de vigne rouge, Feuille de chêne blonde;pin, petit fruit rouge, essence de Néroli;feuille de vigne rouge, Feuille de chêne blonde, lentille large blonde;reine des fruits (en hommage à la reine Victoria).., pois protéagineux de printemps, surfaces herbacées temporaires de 5 ans ou moins;;;;
68;/Users/belka/Documents/work/inrae/scripts/alvisBSV/resources/corpus/vespa/BSV_POMPOIR_12_18juin2014.html;test vespa;11743-11793;riétés (Conférence,;William's, Doyenné du Comice, Guyot, Harrow Sweet);et des situations.;william's;doyenné du comice;arbre à fruits à pépins;noix de coco, oignon de semis, oignon précoce;;céleri branche, plante de service, parfum de violette;plante aromatique, foin, gerbera;cresson alénois plante de service, parfum de violette, plante de service;plante à parfum aromatique et médicinale, poire Williams pour transformation, pêche Pavie pour transformation;;;;
69;/Users/belka/Documents/work/inrae/scripts/alvisBSV/resources/corpus/vespa/BSV_POMPOIR_12_18juin2014.html;test vespa;11743-11793;riétés (Conférence,;William's, Doyenné du Comice, Guyot, Harrow Sweet);et des situations.;william's;guyot;arbre à fruits à pépins;cuyon, grelot, guinep;jules guyot, cuyon;jules guyot, vigne, poirier;jules guyot, plante potagère, carotte potagère;jules guyot, cassissier, poirier;jules guyot, plante potagère, plante à parfum aromatique et médicinale;;;;
70;/Users/belka/Documents/work/inrae/scripts/alvisBSV/resources/corpus/vespa/BSV_POMPOIR_12_18juin2014.html;test vespa;11743-11793;riétés (Conférence,;William's, Doyenné du Comice, Guyot, Harrow Sweet);et des situations.;william's;harrow sweet;arbre à fruits à pépins;haricot sec, haricot vert, citron vert;haricot sec;pomme golden, trèfle hybride, grenadia;basilic, X-festulolium, rosier ornemental;valériane des petites feuilles, lupin de printemps, salsifis à feuilles de poireau;surfaces herbacées temporaires de 5 ans ou moins, cerise bigarreau pour transformation, reine des fruits (en hommage à la reine Victoria)..;;;;
71;/Users/belka/Documents/work/inrae/scripts/alvisBSV/resources/corpus/vespa/BSV_POMPOI_3_LIM_15mars2011_cle05e836.html;test vespa;4078-4095;n et devrait l'être;pour Golden, Fuji;dans la semaine. A;golden;fuji;arbre à fruits à pépins;kaki, kiwi, fruit;fruit;lentille, bibacier, prunier;statice, pistache, pistachier;lentille, bibacier, cerisier;jachère conjoncturelle, arboriculture fruitière tropicale, bananier plantain;;;;
72;/Users/belka/Documents/work/inrae/scripts/alvisBSV/resources/corpus/vespa/BSV_POMPOI_3_LIM_15mars2011_cle05e836.html;test vespa;7711-7761;riétés (Conférence,;William's, Doyenné du Comice, Guyot, Harrow Sweet);et selon les situat;william's;doyenné du comice;arbre à fruits à pépins;noix de coco, oignon de semis, oignon précoce;;céleri branche, plante de service, parfum de violette;plante aromatique, foin, gerbera;cresson alénois plante de service, parfum de violette, plante de service;plante à parfum aromatique et médicinale, poire Williams pour transformation, pêche Pavie pour transformation;;;;
73;/Users/belka/Documents/work/inrae/scripts/alvisBSV/resources/corpus/vespa/BSV_POMPOI_3_LIM_15mars2011_cle05e836.html;test vespa;7711-7761;riétés (Conférence,;William's, Doyenné du Comice, Guyot, Harrow Sweet);et selon les situat;william's;guyot;arbre à fruits à pépins;cuyon, grelot, guinep;jules guyot, cuyon;jules guyot, vigne, poirier;jules guyot, plante potagère, carotte potagère;jules guyot, cassissier, poirier;jules guyot, plante potagère, plante à parfum aromatique et médicinale;;;;
74;/Users/belka/Documents/work/inrae/scripts/alvisBSV/resources/corpus/vespa/BSV_POMPOI_3_LIM_15mars2011_cle05e836.html;test vespa;7711-7761;riétés (Conférence,;William's, Doyenné du Comice, Guyot, Harrow Sweet);et selon les situat;william's;harrow sweet;arbre à fruits à pépins;haricot sec, haricot vert, citron vert;haricot sec;pomme golden, trèfle hybride, grenadia;basilic, X-festulolium, rosier ornemental;valériane des petites feuilles, lupin de printemps, salsifis à feuilles de poireau;surfaces herbacées temporaires de 5 ans ou moins, cerise bigarreau pour transformation, reine des fruits (en hommage à la reine Victoria)..;;;;
75;/Users/belka/Documents/work/inrae/scripts/alvisBSV/resources/corpus/vespa/BSV_ZNA_n_10_du_13_septembre_2013.html;test vespa;552-621;troène, le tilleul,;le bégonia, l'hortensia, le fusain, l'aubépine, le rosier, l'hibiscus;En bourgogne, leur;rosier, hibiscus;bégonia;;blonde, bois, batavia;;rosier, vanillier, hibiscus;goyave jaune, grande ortie, Laurier-cerise;vanillier, hibiscus, pélargonium;grande airelle rouge d’Amérique du Nord, choux, racines et tubercules fourragers, vigne: raisin de cuve non en production;;;;
76;/Users/belka/Documents/work/inrae/scripts/alvisBSV/resources/corpus/vespa/BSV_ZNA_n_10_du_13_septembre_2013.html;test vespa;552-621;troène, le tilleul,;le bégonia, l'hortensia, le fusain, l'aubépine, le rosier, l'hibiscus;En bourgogne, leur;rosier, hibiscus;hortensia;;photinia, grenadia, photinie;photinia;poinsettia, rosier, gerbera;menthe verte, horticulture ornementale, triticale;hélianthe, poinsettia, chrysanthème;horticulture ornementale, surfaces herbacées temporaires de 5 ans ou moins, reine des fruits (en hommage à la reine Victoria)..;;;;
77;/Users/belka/Documents/work/inrae/scripts/alvisBSV/resources/corpus/vespa/BSV_ZNA_n_10_du_13_septembre_2013.html;test vespa;552-621;troène, le tilleul,;le bégonia, l'hortensia, le fusain, l'aubépine, le rosier, l'hibiscus;En bourgogne, leur;rosier, hibiscus;fusain;;bucail, cumin, pain;pain, foin;sanguine, bois, mûrier;pain, sainfoin, silphie perfoliée;plaqueminier, châtaignier, mandarinier;céréales récoltées en grain, choux-navets à chair blanche, vigne: raisins de cuve en production;;;;
78;/Users/belka/Documents/work/inrae/scripts/alvisBSV/resources/corpus/vespa/BSV_ZNA_n_10_du_13_septembre_2013.html;test vespa;552-621;troène, le tilleul,;le bégonia, l'hortensia, le fusain, l'aubépine, le rosier, l'hibiscus;En bourgogne, leur;rosier, hibiscus;aubépine;;aubergine, épice, avoine;aubergine, sanguine, lupuline;sureau, hamamélis, sauge;aubergine, chicorée à inuline, légume à racine;chardon-Marie, millepertuis, cynorrhodon;chicorée à inuline, légume à graines ou à gousses, choux, racines et tubercules fourragers;;;;
79;/Users/belka/Documents/work/inrae/scripts/alvisBSV/resources/corpus/vespa/BSV_ZNAetPO-53_cle8973eb.html;test vespa;950-983;Cochenilles noires;sur laurier rose, Saissetia oleae;...................;rose, laurier;laurier rose;rosier, floriculture, arboriculture ornementale;Laurier-rose, laurier tin, laurier sauce;Laurier-rose, laurier sauce, laurier;laurier sauce, laurier ornemental, laurier du Portugal;laurier, laurier tin, laurier sauce;laurier du Portugal, laurier ornemental, laurier aromatique;laurier du Portugal, laurier sauce, laurier ornemental;;;;
80;/Users/belka/Documents/work/inrae/scripts/alvisBSV/resources/corpus/vespa/BSV_ZNAetPO-53_cle8973eb.html;test vespa;950-983;Cochenilles noires;sur laurier rose, Saissetia oleae;...................;rose, laurier;saissetia oleae;rosier, floriculture, arboriculture ornementale;noisetier, saussaie, passiflore;;chou lacinié, scorsonère d'Espagne, affourrage en vert;rosette, aspergeraie, laitue;cultures intermédiaires à usage d’engrais vert, plantes ayant des cultures ambigues, orge de printemps à deux rangs;plante à parfum aromatique et médicinale, culture légumière ou culture de champignons, surfaces herbacées temporaires de 5 ans ou moins;;;;
81;/Users/belka/Documents/work/inrae/scripts/alvisBSV/resources/corpus/vespa/BSV_ZNAetPO-53_cle8973eb.html;test vespa;2813-2844;es-maritimes sur : -;Lauriers rose-Agrumes et citrus;Les niveaux d'attaq;rose, laurier, agrume;laurier rose;rosier, floriculture, arboriculture ornementale, arboriculture fruitière;Laurier-rose, laurier tin, laurier sauce;Laurier-rose, laurier sauce, laurier;laurier sauce, laurier ornemental, laurier du Portugal;laurier, laurier tin, laurier sauce;laurier du Portugal, laurier ornemental, laurier aromatique;laurier du Portugal, laurier sauce, laurier ornemental;;;;
82;/Users/belka/Documents/work/inrae/scripts/alvisBSV/resources/corpus/vespa/BSV_ZNAetPO-53_cle8973eb.html;test vespa;2813-2844;es-maritimes sur : -;Lauriers rose-Agrumes et citrus;Les niveaux d'attaq;rose, laurier, agrume;citrus;rosier, floriculture, arboriculture ornementale, arboriculture fruitière;citron, litchi, cerise;citron, citrouille;agrume, pamplemousse, limette;citron, citronnier, citrouille;tangerine, limette, pamplemousse;citron combera, arboriculture fruitière tropicale, légume à graines ou à gousses;;;;
83;/Users/belka/Documents/work/inrae/scripts/alvisBSV/resources/corpus/vespa/BSV_ZNAetPO-53_cle8973eb.html;test vespa;3011-3036;ésence de fumagine.;Sur les agrumes et citrus;, les ponctions de s;agrume;citrus;arboriculture fruitière;citron, litchi, cerise;citron, citrouille;agrume, pamplemousse, limette;citron, citronnier, citrouille;tangerine, limette, pamplemousse;citron combera, arboriculture fruitière tropicale, légume à graines ou à gousses;;;;
84;/Users/belka/Documents/work/inrae/scripts/alvisBSV/resources/corpus/vespa/BSV_arbo_17.html;test vespa;16029-16049;es (Braeburn, Gala,;Idared, Granny Smith;, rouges américaines;granny smith;idared;arbre à fruits à pépins;mamey, baie, mûre;épinard;bette à côte, haricot kilomètre, lupin blanc de printemps;prairie naturelle, maurelle, letchi;haricot kilomètre, bette à côte, lupin blanc de printemps;surfaces herbacées temporaires de 5 ans ou moins, grande airelle rouge d’Amérique du Nord, pêche Pavie pour transformation;;;;
85;/Users/belka/Documents/work/inrae/scripts/alvisBSV/resources/corpus/vespa/BSV_legumes_no24_cle46aed9.html;test vespa;855-896;................. 5;Oignon-échalote et pomme de terre primeur;...................;pomme de terre primeur;oignon-échalote;pomme de terre, légume tubercule;échalote, oignon jaune, oignon précoce;échalote, oignon précoce;échalote rose, échalote grise, oignon rouge;échalote, oignon, échalote rose;échalote rose, échalote grise, oignon rouge;échalote de plantation, culture légumière ou culture de champignons, surfaces herbacées temporaires de 5 ans ou moins;;;;
86;/Users/belka/Documents/work/inrae/scripts/alvisBSV/resources/corpus/vespa/BSVarbo3_cle8618a5-3.html;test vespa;2482-2504;C pour les variétés;Galaxy, Idared, Golden;", Gala ; C-C1 (point";golden;galaxy;arbre à fruits à pépins;gala, salade, mamey;gala;golden, abricotier pays, mangoustier;gala, trèfle violet, courge butternut;abricotier pays, mangoustier, trèfle des prés;arbre à fruits tropicaux, arbre à fruits à pépins, poire Williams pour transformation;;;;
87;/Users/belka/Documents/work/inrae/scripts/alvisBSV/resources/corpus/vespa/BSVarbo3_cle8618a5-3.html;test vespa;2482-2504;C pour les variétés;Galaxy, Idared, Golden;", Gala ; C-C1 (point";golden;idared;arbre à fruits à pépins;mamey, baie, mûre;épinard;bette à côte, haricot kilomètre, lupin blanc de printemps;prairie naturelle, maurelle, letchi;haricot kilomètre, bette à côte, lupin blanc de printemps;surfaces herbacées temporaires de 5 ans ou moins, grande airelle rouge d’Amérique du Nord, pêche Pavie pour transformation;;;;
88;/Users/belka/Documents/work/inrae/scripts/alvisBSV/resources/corpus/vespa/BSVarbo3_cle8618a5-3.html;test vespa;2559-2586;) pour les variétés;Boskoop et Jonagored- Poire;: C à début C1 (poi;poire;boskoop;arbre à fruits à pépins;brugnon, pomelo, oignon;;reine-claude, quetsche, atoca;laitue romaine, sorgho ensilage, mangoustier;reine-claude, brède petsaï, christophine;culture légumière ou culture de champignons, cultures intermédiaires piège à nitrate, cultures intermédiaires à usage d’engrais vert;;;;
89;/Users/belka/Documents/work/inrae/scripts/alvisBSV/resources/corpus/vespa/BSVarbo3_cle8618a5-3.html;test vespa;2559-2586;) pour les variétés;Boskoop et Jonagored- Poire;: C à début C1 (poi;poire;jonagored;arbre à fruits à pépins;longane, tangor, potager;;arbre à fruits tropicaux, maïs fourrage consommé en vert, soja vert;ivraie prairie, agrume, cerise bigarreau pour transformation;maïs fourrage consommé en vert, valériane des petites feuilles, arbre à fruits tropicaux;cerise bigarreau pour transformation, plante à parfum aromatique et médicinale, pêche Pavie pour transformation;;;;
90;/Users/belka/Documents/work/inrae/scripts/alvisBSV/resources/corpus/vespa/Bulletin-de-sante-du-vegetal-no1-1842.html;test vespa;6162-6199;ium s'est développé;sur chêne, érable, platane et tilleul;avec une intensité;chêne, tilleul;érable;plante médicinale, feuillu, arboriculture ornementale;orange, céréale, saule;céréale, céréales, mirabelle;bouleau, frène, cerisier;érable sycomore, vigne de table, raisin de table;cerisier, bouleau, châtaignier;érable sycomore, grande airelle rouge d’Amérique du Nord, vigne: raisin de table;;;;
91;/Users/belka/Documents/work/inrae/scripts/alvisBSV/resources/corpus/vespa/Bulletin-de-sante-du-vegetal-no1-1842.html;test vespa;6162-6199;ium s'est développé;sur chêne, érable, platane et tilleul;avec une intensité;chêne, tilleul;platane;plante médicinale, feuillu, arboriculture ornementale;patate, papaye, banane;plantain, patate, lavande;châtaignier, figuier, chêne;banane, grande bardane, plante à fibre;châtaignier, citronnier, cerisier;arbre à fruits tropicaux, plantain noir de Provence, plante à parfum aromatique et médicinale;;;;
92;/Users/belka/Documents/work/inrae/scripts/alvisBSV/resources/corpus/vespa/Bulletin-de-sante-du-vegetal-no24.html;test vespa;8632-8658;rs, pêchers, petits;fruits rouges et fraisiers;. Les larves de cett;fruit, fraisier;fruit rouge;usages des plantes cultivées, légumes à fruits, petit fruit;fruit sec, fruit à coque, vigne rouge;petit fruit rouge, haricot rouge, fruit à coque;petit fruit rouge, fruit à pépins, fruit de pourpre;petit fruit rouge, fruit sec, haricot rouge;petit fruit rouge, fruit de pourpre, haricot rouge;petit fruit rouge, haricot rouge, fruit à noyau;;;;
93;/Users/belka/Documents/work/inrae/scripts/alvisBSV/resources/corpus/vespa/COMPIL-BSV_-_Legumes_no18_cle04e91c.html;test vespa;33782-33819;thrips rencontrées;sur oignon, oignon bulbille, échalote;sont en augmentatio;échalote, oignon;oignon bulbille;légume à bulbe;oignon blanc, vigne cultivée, oignon jaune;oignon rouge, oignon jaune, oignon blanc;oignon blanc, oignon rouge, oignon de couleur;oignon blanc, oignon, oignon précoce;oignon de couleur, oignon rouge, oignon doux des Cévennes;oignon doux des Cévennes, surfaces herbacées temporaires de 5 ans ou moins, reine des fruits (en hommage à la reine Victoria)..;;;;
94;/Users/belka/Documents/work/inrae/scripts/alvisBSV/resources/corpus/vespa/Note_nationale_BSV_Hannetons_et_vers_blancs_cle8bf378-1.html;test vespa;17761-17789;Melolontha préfère;le prunier et le mirabellier;. Dans le groupe de;prunier;mirabellier;arbre fruitier à noyau;mirabelle, carambolier, groseillier;mirabelle, groseillier, carambolier;mirabelle, framboisier, groseillier;mirabelle, vanillier, groseillier;pamplemoussier, cerisier doux, mandarinier;mirabelle, culture légumière ou culture de champignons, arboriculture fruitière tropicale;;;;
95;/Users/belka/Documents/work/inrae/scripts/alvisBSV/resources/corpus/vespa/Note_trichogramme_2014.html;test vespa;4749-4775;ucteurs de semences;de maïs et sorgho d'Ariège;, Biotop et Biocare,;maïs, sorgho;sorgho d'ariège;céréale fourragère, céréale à paille;sorgho fourrager, sorgho ensilage, sorgho grain;sorgho ensilage, sorgho fourrager, chou d'aigrette;sorgho ensilage, sorgho grain, sorgho à grain;sorgho, sorgho ensilage, sorgho à grain;sorgho ensilage, sorgho à grain, sorgho fourrager;sorgho ensilage, choux, racines et tubercules fourragers, arboriculture ornementale;;;;
96;/Users/belka/Documents/work/inrae/scripts/alvisBSV/resources/corpus/vespa/bsv_40_zna__mai_2014_01_cle8af58a-1.html;test vespa;11330-11360;mment, les feuilles;des rhododendrons et fraisiers;. De haut en bas : C;fraisier;rhododendron;légumes à fruits, petit fruit;oignon, ognon, golden;;rosier, conifère, cerisier;anis, gaillet gratteron, chou pommé;Phacélie à feuilles de tanaisie, cerisier doux, cerisier de Cayenne;cresson alénois plante de service, reine des fruits (en hommage à la reine Victoria).., plante à parfum aromatique et médicinale;;;;
97;/Users/belka/Documents/work/inrae/scripts/alvisBSV/resources/corpus/vespa/bsv_viti_11_20_06_2013_cle0ffbf1.html;test vespa;941-955;e 12 et 13 feuilles;(Chenin, Melon;de B, Chardonnay).;melon;chenin;légumes à fruits;chêne, chênaie, cumin;chicon, chicon, clémentine;vin, raisin, vigne;haricot-fleur, rapini, valérianelle cultivée;cassissier, clairette, viticulture;choux, racines et tubercules fourragers, haricot à l'oeil noir, vigne: raisin de cuve non en production;;;;
98;/Users/belka/Documents/work/inrae/scripts/alvisBSV/resources/corpus/vespa/bsv_viti_11_20_06_2013_cle0ffbf1.html;test vespa;1325-1342;le début de semaine;sur Chenin, Melon;de B, et Gamay. Cer;melon;chenin;légumes à fruits;chêne, chênaie, cumin;chicon, chicon, clémentine;vin, raisin, vigne;haricot-fleur, rapini, valérianelle cultivée;cassissier, clairette, viticulture;choux, racines et tubercules fourragers, haricot à l'oeil noir, vigne: raisin de cuve non en production;;;;
99;/Users/belka/Documents/work/inrae/scripts/alvisBSV/resources/corpus/vespa/bsv_zna_20130801_9_cle8215c1.html;test vespa;850-866;oquette PuceronsSur;rosiers, dahlias;: en diminution Tom;rosier;dahlia;;Galia, gala, pavie;Galia, gala;pélargonium, géranium, rosier;arbre fruitier, Galia, jarosse;pélargonium, chrysanthème, géranium;plantes ayant des cultures ambigues, usages des plantes cultivées, cultures intermédiaires à usage d’engrais vert;;;;
100;/Users/belka/Documents/work/inrae/scripts/alvisBSV/resources/corpus/vespa/horti12_cle0346d5.html;test vespa;1964-2008;illez attentivement;les Dipladenia, Agrumes, Trachycarpus, Cycas;, Phoenix roebellini;agrume;dipladenia;arboriculture fruitière;grenadia, photinia, golden;;photinia, eleagnus, pélargonium;salade, ivraie d'Italie, plantain brun;plante en pot, plantain psyllium, fleur de marguerite;vigne: raisin de cuve non en production, arboriculture fruitière tropicale, vigne: raisins de cuve en production;;;;
101;/Users/belka/Documents/work/inrae/scripts/alvisBSV/resources/corpus/vespa/horti12_cle0346d5.html;test vespa;1964-2008;illez attentivement;les Dipladenia, Agrumes, Trachycarpus, Cycas;, Phoenix roebellini;agrume;trachycarpus;arboriculture fruitière;ray-grass, ray grass, triticale;;actinidia, photinia, eleagnus;laitue pommée lisse, mamey, dactyle aggloméré;plantain psyllium, persil des marais, légume à feuilles;grande airelle rouge d’Amérique du Nord, reine des fruits (en hommage à la reine Victoria).., poire Williams pour transformation;;;;
102;/Users/belka/Documents/work/inrae/scripts/alvisBSV/resources/corpus/vespa/horti12_cle0346d5.html;test vespa;1964-2008;illez attentivement;les Dipladenia, Agrumes, Trachycarpus, Cycas;, Phoenix roebellini;agrume;cycas;arboriculture fruitière;cacao, lavas, avocat;;palmier, plaqueminier, eleagnus;sorgho herbacé, blé dur hiver, lavas;plaqueminier, eleagnus, palmier;cresson alénois plante de service, huile de tournesol, oignon rosé de Roscoff;;;;
103;/Users/belka/Documents/work/inrae/scripts/alvisBSV/resources/corpus/vespa/horti12_cle0346d5.html;test vespa;2018-2066;pus, Cycas, Phoenix;roebellini, Pittosporum, Mûriers, Bougainvillées;Maladies Cladospori;mûrier;roebellini;arbuste  à baies, petit fruit;pomme-liane, groseillier, ronceraie;;ovule de ginkgo biloba, salsifis austral, ginkgo biloba;mirabelle, chicorée industrielle, roquette;cultures intermédiaires à usage d’engrais vert, plante à parfum aromatique et médicinale, culture légumière ou culture de champignons;cresson alénois plante de service, plante à parfum aromatique et médicinale, grande airelle rouge d’Amérique du Nord;;;;
104;/Users/belka/Documents/work/inrae/scripts/alvisBSV/resources/corpus/vespa/horti12_cle0346d5.html;test vespa;2018-2066;pus, Cycas, Phoenix;roebellini, Pittosporum, Mûriers, Bougainvillées;Maladies Cladospori;mûrier;pittosporum;arbuste  à baies, petit fruit;pâtisson, opium, limonium;;actinidia, limonium, plaqueminier;poirier, merisier, banane sucrée;pamplemoussier, Phacélie à feuilles de tanaisie, néflier du japon;arboriculture fruitière tropicale, grandes catégories de cultures, reine des fruits (en hommage à la reine Victoria)..;;;;
105;/Users/belka/Documents/work/inrae/scripts/alvisBSV/resources/corpus/vespa/horti12_cle0346d5.html;test vespa;2018-2066;pus, Cycas, Phoenix;roebellini, Pittosporum, Mûriers, Bougainvillées;Maladies Cladospori;mûrier;bougainvillée;arbuste  à baies, petit fruit;boulinière, vanille, boulaie;boulinière, gaillet, boulaie;hibiscus, géranium, mandarinier;herbe aiguillée, Légumes à racines ou tubercules, saulée;cerisier de Cayenne, salsifis à feuilles de poireau, cresson alénois plante de service;Légumes à racines ou tubercules, culture légumière ou culture de champignons, cultures intermédiaires à usage d’engrais vert;;;;
106;/Users/belka/Documents/work/inrae/scripts/alvisBSV/resources/corpus/vespa/horti12_cle0346d5.html;test vespa;2253-2274;trytis sur cultures;de tulipes et pivoine;dans le Var, les in;pivoine;tulipe;;olive, lime, guinep;bétulaie, saulaie, boulaie;fleur, pivoine, marguerite;cranson, lisanthius, petit épeautre;marguerite, violette, pivoine;plante à parfum aromatique et médicinale, reine des fruits (en hommage à la reine Victoria).., arboriculture fruitière tropicale;;;;
107;/Users/belka/Documents/work/inrae/scripts/alvisBSV/resources/corpus/alea/05bsv_jevi_20190502_cle8f22b6.html;test alea;12596-12634;ventices du potager;(betterave, chénopode, épinard, poirée;ou bette à cardes..;betterave, poirée, épinard;chénopode;légume à feuilles, légume tige;chêne, chênaie, cougourde;;scorsonère, hélianthe, épinard;arboriculture fruitière, fruit, gesse;scorsonère, pseudo-céréale, céleri-branche;reine des fruits (en hommage à la reine Victoria).., culture légumière ou culture de champignons, arboriculture fruitière;;;;
108;/Users/belka/Documents/work/inrae/scripts/alvisBSV/resources/corpus/alea/2015-05-28_BSV_Grandes_Cultures_01_cle8ba414.html;test alea;9872-9888;étés très sensibles;(Trapez, Laurier;, Alixan, Goncourt);laurier;trapez;;mamey, prune, baie;hêtraie;oeillette, cône, culture de plein champ;courge-bouteille, sain-foin, chou rave;culture de plein champ, culture plein champ, culture légumière de plein champ;culture légumière de plein champ, cerise bigarreau pour transformation, cultures intermédiaires à usage d’engrais vert;;;;
109;/Users/belka/Documents/work/inrae/scripts/alvisBSV/resources/corpus/alea/BSV_JEVI_4_24_juillet_2019_cle4fa1b8.html;test alea;17708-17759;mues bien visibles;sur les palmiers Trachycarpus et Chamaerops humilis;. Il faut donc être;palmier;palmier trachycarpus;légume tige;palmier royal, fruits tropicaux, pommier cannelle;palmier royal;cerfeuil tubéreux, persil des marais, sorgho grain;palmier, palmier royal, palmiste;persil des marais, trèfle de Hollande, cerfeuil des jardins;surfaces herbacées temporaires de 5 ans ou moins, plante à parfum aromatique et médicinale, grande airelle rouge d’Amérique du Nord;;;;
110;/Users/belka/Documents/work/inrae/scripts/alvisBSV/resources/corpus/alea/BSV_JEVI_4_24_juillet_2019_cle4fa1b8.html;test alea;17708-17759;mues bien visibles;sur les palmiers Trachycarpus et Chamaerops humilis;. Il faut donc être;palmier;chamaerops humilis;légume tige;hamamélis, hammelis, camomille;;cerfeuil tubéreux, graine de fenouil, brome sitchensis;verger familial, millet, haricot vert chinois;graine de fenouil, trèfle de Hollande, plante à parfum aromatique et médicinale;surfaces herbacées temporaires de 5 ans ou moins, féverole protéagineux de printemps, féverole protéagineux d'hiver;;;;
111;/Users/belka/Documents/work/inrae/scripts/alvisBSV/resources/corpus/alea/BSV_JEVI_4_24_juillet_2019_cle4fa1b8.html;test alea;22981-22997;nombreux végétaux,;oliviers, Prunus;(pêchers, amandiers;olivier;prunus;;prune, prunier, brugnon;prune, prunier;cerisier, prunier, eleagnus;prune, prune d'Ente, prunes à pruneaux;cerisier, prunier, eleagnus;prunes à pruneaux, arboriculture fruitière tropicale, chou-navet à chair jaune;;;;
112;/Users/belka/Documents/work/inrae/scripts/alvisBSV/resources/corpus/alea/BSV_JEVI_4_24_juillet_2019_cle4fa1b8.html;test alea;23020-23066;êchers, amandiers),;laurier rose, vigne, agrumes, caféiers, chênes;Les dépérissements;caféier, chêne, agrume, vigne, rose, laurier;laurier rose;rosier, arboriculture fruitière tropicale, feuillu, floriculture, arboriculture fruitière, arboriculture ornementale;Laurier-rose, laurier tin, laurier sauce;Laurier-rose, laurier sauce, laurier;laurier sauce, laurier ornemental, laurier du Portugal;laurier, laurier tin, laurier sauce;laurier du Portugal, laurier ornemental, laurier aromatique;laurier du Portugal, laurier sauce, laurier ornemental;;;;
113;/Users/belka/Documents/work/inrae/scripts/alvisBSV/resources/corpus/alea/BSV_Legumes_082019_cle841c8f-1.html;test alea;7345-7377;re n'a été observée;sur oignons bulbilles et ciboule;à Loos-en-Gohelle (;ciboule, oignon;oignon bulbille;légume à bulbe, plante aromatique;oignon blanc, vigne cultivée, oignon jaune;oignon rouge, oignon jaune, oignon blanc;oignon blanc, oignon rouge, oignon de couleur;oignon blanc, oignon, oignon précoce;oignon de couleur, oignon rouge, oignon doux des Cévennes;oignon doux des Cévennes, surfaces herbacées temporaires de 5 ans ou moins, reine des fruits (en hommage à la reine Victoria)..;;;;
114;/Users/belka/Documents/work/inrae/scripts/alvisBSV/resources/corpus/alea/BSV_Legumes_082019_cle841c8f-1.html;test alea;8540-8579;génération: risque;pour les oignons bulbilles et échalotes;de plantation, oign;échalote, oignon;oignon bulbille;légume à bulbe;oignon blanc, vigne cultivée, oignon jaune;oignon rouge, oignon jaune, oignon blanc;oignon blanc, oignon rouge, oignon de couleur;oignon blanc, oignon, oignon précoce;oignon de couleur, oignon rouge, oignon doux des Cévennes;oignon doux des Cévennes, surfaces herbacées temporaires de 5 ans ou moins, reine des fruits (en hommage à la reine Victoria)..;;;;
115;/Users/belka/Documents/work/inrae/scripts/alvisBSV/resources/corpus/alea/BSV_MARAICHAGE_2019_07_cle0cc493.html;test alea;1050-1085;e, la grande ortie,;les moutardes et le chénopode blanc;. Photos de morelles;moutarde;chénopode blanc;;oignon blanc, mélilot blanc, chou de Milan;chou de Milan, pavot blanc, cumin blanc;trèfle blanc, lupin blanc, salsifis blanc;lupin blanc, trèfle blanc, mûrier blanc;lupin blanc de printemps, cresson alénois plante de service, huile de graine de pavot;moutarde blanche fourragère, moutarde blanche oléagineuse, moutarde blanche;;;;
116;/Users/belka/Documents/work/inrae/scripts/alvisBSV/resources/corpus/alea/BSV_MARAICHAGE_2019_07_cle0cc493.html;test alea;14822-14854;u-fleur, les choux,;le colza, la moutarde des champs;. Un papillon de tei;moutarde, colza;moutarde des champs;;moutarde des Allemands, bleuet des champs, moutarde blanche;moutarde des Allemands, bleuet des champs, culture de plein champ;moutarde des Allemands, bleuet des champs, moutarde brune;moutarde des Allemands, moutarde, bleuet des champs;moutarde des Allemands, bleuet des champs, champignon de couche;moutarde des Allemands, bleuet des champs, moutarde blanche oléagineuse;;;;
117;/Users/belka/Documents/work/inrae/scripts/alvisBSV/resources/corpus/alea/BSV_NA_POMMIER_POIRIER_LIMOUSIN_01_20200124_cle837b7a.html;test alea;1730-1747;riétés (Conférence,;William's, Beurré;Hardy, Doyenné du C;william's;beurré;arbre à fruits à pépins;blé, fleur, bette;doubeurre;pain, seigle, poire;laitue beurre, doubeurre, haricot beurre;pamplemousse, framboise, cumin des prés;laitue beurre pommée, laitue beurre, haricot beurre;;;;
118;/Users/belka/Documents/work/inrae/scripts/alvisBSV/resources/corpus/alea/BSV_NA_POMMIER_POIRIER_Sud_8_20190404_cle0177e8.html;test alea;1632-1665;: stade E2-F à F-F2;pour Golden, Canada et Chantecler;"; stade F2-G pour G";golden;canada;arbre à fruits à pépins;cacao, ananas, banane;ananas;bleuet, canneberge, truffe du Canada;truffe du Canada, pamplemoussier, pamplemousse;truffe du Canada, scorsonère d'Espagne, haricot à écosser;truffe du Canada, culture légumière ou culture de champignons, reine des fruits (en hommage à la reine Victoria)..;;;;
119;/Users/belka/Documents/work/inrae/scripts/alvisBSV/resources/corpus/alea/BSV_NA_POMMIER_POIRIER_Sud_8_20190404_cle0177e8.html;test alea;1632-1665;: stade E2-F à F-F2;pour Golden, Canada et Chantecler;"; stade F2-G pour G";golden;chantecler;arbre à fruits à pépins;cannelier, cannelle, chanvre;cannelier, cannelle, chanvre textile;blanchette, cornille, maïs sucré;poire d'hiver, Radichetta, blé tendre d'hiver;haricot à l'oeil noir, graine de lupin, féverole de printemps;usages des plantes cultivées, plante à parfum aromatique et médicinale, reine des fruits (en hommage à la reine Victoria)..;;;;
120;/Users/belka/Documents/work/inrae/scripts/alvisBSV/resources/corpus/alea/BSV_NA_POMMIER_POIRIER_Sud_8_20190404_cle0177e8.html;test alea;1855-1886;Dordogne : stade E2;pour Chantecler, Fuji et Golden;"; stade E2-F pour C";golden;chantecler;arbre à fruits à pépins;cannelier, cannelle, chanvre;cannelier, cannelle, chanvre textile;blanchette, cornille, maïs sucré;poire d'hiver, Radichetta, blé tendre d'hiver;haricot à l'oeil noir, graine de lupin, féverole de printemps;usages des plantes cultivées, plante à parfum aromatique et médicinale, reine des fruits (en hommage à la reine Victoria)..;;;;
121;/Users/belka/Documents/work/inrae/scripts/alvisBSV/resources/corpus/alea/BSV_NA_POMMIER_POIRIER_Sud_8_20190404_cle0177e8.html;test alea;1855-1886;Dordogne : stade E2;pour Chantecler, Fuji et Golden;"; stade E2-F pour C";golden;fuji;arbre à fruits à pépins;kaki, kiwi, fruit;fruit;lentille, bibacier, prunier;statice, pistache, pistachier;lentille, bibacier, cerisier;jachère conjoncturelle, arboriculture fruitière tropicale, bananier plantain;;;;
122;/Users/belka/Documents/work/inrae/scripts/alvisBSV/resources/corpus/alea/BSV_NA_POMMIER_POIRIER_Sud_8_20190404_cle0177e8.html;test alea;1967-1992;harentes : stade E2;pour Golden et Chantecler;"; stade E2-F pour G";golden;chantecler;arbre à fruits à pépins;cannelier, cannelle, chanvre;cannelier, cannelle, chanvre textile;blanchette, cornille, maïs sucré;poire d'hiver, Radichetta, blé tendre d'hiver;haricot à l'oeil noir, graine de lupin, féverole de printemps;usages des plantes cultivées, plante à parfum aromatique et médicinale, reine des fruits (en hommage à la reine Victoria)..;;;;
123;/Users/belka/Documents/work/inrae/scripts/alvisBSV/resources/corpus/alea/BSV_Ornement_Normandie_n-09-2017_cle03389c.html;test alea;1631-1670;galement s'observer;sur charme, noisetier, hêtre et tilleul;. Page 1/5 Cultures;hêtre, noisetier, tilleul;charme;plante médicinale, feuillu, arboriculture ornementale, arbre à fruits à coques;chaume, carde, carde;chaume, chanvre, carde;jardin, grand trèfle, légume tige;banane sucrée, banane verte, chardon Marie;légume tige, cerisier doux, grand trèfle;chou-navet à chair jaune, reine des fruits (en hommage à la reine Victoria).., vigne: raisin de cuve non en production;;;;
124;/Users/belka/Documents/work/inrae/scripts/alvisBSV/resources/corpus/alea/BSV_Ornement_Normandie_n-09-2017_cle03389c.html;test alea;8089-8113;m ont été signalées;sur chêne et amélanchier;cultivés en pleine;chêne;amélanchier;feuillu;amandier, manguier, amandaie;amandier, églantier, églantier;groseillier, atoca, sureau;blanchette, quetschier, pistachier;reine des fruits (en hommage à la reine Victoria).., Laurier-cerise, horticulture non comestible;poire Williams pour transformation, moutarde blanche fourragère, cerise bigarreau pour transformation;;;;
125;/Users/belka/Documents/work/inrae/scripts/alvisBSV/resources/corpus/alea/BSV_arboriculture_25_du_23_05_19_cle077bda.html;test alea;10264-10283;t, sur les variétés;Golden et Pink Lady;, mais la situation;golden;pink lady;arbre à fruits à pépins;pinède, yang tao, bigarade;épinard, lupin blanc, lupin blanc;lentille blonde, feuille de vigne rouge, Feuille de chêne blonde;pin, petit fruit rouge, essence de Néroli;feuille de vigne rouge, Feuille de chêne blonde, lentille large blonde;reine des fruits (en hommage à la reine Victoria).., pois protéagineux de printemps, surfaces herbacées temporaires de 5 ans ou moins;;;;
126;/Users/belka/Documents/work/inrae/scripts/alvisBSV/resources/corpus/alea/BSV_legumes_03_du_03-04-19_cle4b43ee.html;test alea;3427-3470;nes plants d'allium;(oignon, poireau, oignon bulbille, échalote;, ). L'activité de l;échalote, poireau, oignon;oignon bulbille;légume à feuilles, légume à bulbe, légume tige;oignon blanc, vigne cultivée, oignon jaune;oignon rouge, oignon jaune, oignon blanc;oignon blanc, oignon rouge, oignon de couleur;oignon blanc, oignon, oignon précoce;oignon de couleur, oignon rouge, oignon doux des Cévennes;oignon doux des Cévennes, surfaces herbacées temporaires de 5 ans ou moins, reine des fruits (en hommage à la reine Victoria)..;;;;
127;/Users/belka/Documents/work/inrae/scripts/alvisBSV/resources/corpus/alea/BSV_legumes_03_du_03-04-19_cle4b43ee.html;test alea;16523-16562;n'est pas démarré.-;Pour les oignons et échalotes bulbilles;, le risque n'est pa;échalote, oignon;échalote bulbille;légume à bulbe;échalote grise, échalote rose, échalote de Jersey;échalote grise, échalote rose, échalote;échalote rose, échalote de plantation, échalote grise;échalote, échalote grise, échalote rose;échalote rose, échalote de plantation, échalote de Jersey;échalote de plantation, échalote grise, échalote rose;;;;
128;/Users/belka/Documents/work/inrae/scripts/alvisBSV/resources/corpus/alea/BSV_legumes_03_du_03-04-19_cle4b43ee.html;test alea;17203-17262;iou : risque faible;sur oignons jours courts et oignons blancs bottes d'automne;. Risque non démarré;oignon;oignon jour court;légume à bulbe;oignon rouge, oignon précoce, oignon de couleur;oignon de couleur, oignon précoce, oignon rosé;oignon blanc, oignon rouge, oignon jaune;oignon, oignon rouge, oignon rosé;oignon de couleur, oignon doux des Cévennes, oignon rouge;oignon doux des Cévennes, oignon rosé de Roscoff, choux, racines et tubercules fourragers;;;;
129;/Users/belka/Documents/work/inrae/scripts/alvisBSV/resources/corpus/alea/BSV_legumes_03_du_03-04-19_cle4b43ee.html;test alea;17203-17262;iou : risque faible;sur oignons jours courts et oignons blancs bottes d'automne;. Risque non démarré;oignon;oignon blanc botte d'automne;légume à bulbe;navet d'automne, oignon blanc, poire d'automne;poire d'automne, navet d'automne, oignon blanc;poire d'automne, oignon blanc, navet d'automne;oignon blanc, poire d'automne, navet d'automne;grande airelle rouge d’Amérique du Nord, oignon doux des Cévennes, oignon de couleur;cerise bigarreau pour transformation, plante à parfum aromatique et médicinale, surfaces herbacées temporaires de 5 ans ou moins;;;;
130;/Users/belka/Documents/work/inrae/scripts/alvisBSV/resources/corpus/alea/BSV_legumes_03_du_03-04-19_cle4b43ee.html;test alea;17283-17317;Risque non démarré;sur oignons et bulbilles d'alliums;implantés depuis dé;oignon;bulbille d'alliums;légume à bulbe;poire Williams, huile de lin, millet panis;;légume à tubercules, pavot des jardins, cerfeuil des jardins;millet, lentille, millets;légume à feuilles, cerfeuil des jardins, renoncules des jardins;reine des fruits (en hommage à la reine Victoria).., cerise bigarreau pour transformation, surfaces herbacées temporaires de 5 ans ou moins;;;;
131;/Users/belka/Documents/work/inrae/scripts/alvisBSV/resources/corpus/alea/BSV_legumes_05_cle827cb7-1.html;test alea;7921-7965;nes plants d'allium;(oignon, poireau, oignon bulbille, échalote);. L'activité de la m;échalote, poireau, oignon;oignon bulbille;légume à feuilles, légume à bulbe, légume tige;oignon blanc, vigne cultivée, oignon jaune;oignon rouge, oignon jaune, oignon blanc;oignon blanc, oignon rouge, oignon de couleur;oignon blanc, oignon, oignon précoce;oignon de couleur, oignon rouge, oignon doux des Cévennes;oignon doux des Cévennes, surfaces herbacées temporaires de 5 ans ou moins, reine des fruits (en hommage à la reine Victoria)..;;;;
132;/Users/belka/Documents/work/inrae/scripts/alvisBSV/resources/corpus/alea/BSV_legumes_05_cle827cb7-1.html;test alea;46229-46275;de semis d'automne;: oignon de jours courts ou oignon blanc botte;:- Sur les secteurs;oignon;oignon de jour court;légume à bulbe;oignon de couleur, oignon de Trébons, oignon rouge;oignon de couleur, oignon de Trébons, oignon rosé de Roscoff;oignon blanc, oignon de couleur, oignon rouge;oignon de couleur, oignon de semis, oignon de Trébons;oignon de couleur, oignon doux des Cévennes, oignon rosé de Roscoff;oignon de couleur, oignon de Trébons, oignon de semis;;;;
133;/Users/belka/Documents/work/inrae/scripts/alvisBSV/resources/corpus/alea/BSV_legumes_05_cle827cb7-1.html;test alea;46229-46275;de semis d'automne;: oignon de jours courts ou oignon blanc botte;:- Sur les secteurs;oignon;oignon blanc botte;légume à bulbe;oignon blanc, oignon précoce, oignon jaune;oignon blanc, oignon jaune, oignon précoce;oignon blanc, oignon de couleur, oignon rouge;oignon blanc, oignon, oignon rosé;oignon de couleur, oignon doux des Cévennes, oignon blanc;oignon blanc, lupin blanc de printemps, choux-navets à chair blanche;;;;
134;/Users/belka/Documents/work/inrae/scripts/alvisBSV/resources/corpus/alea/BSV_legumes_12_du_22-07-20__cle0bb819.html;test alea;29334-29366;ldiou sont signalés;sur oignons bulbilles et oignons;semis précoces dans;oignon;oignon bulbille;légume à bulbe;oignon blanc, vigne cultivée, oignon jaune;oignon rouge, oignon jaune, oignon blanc;oignon blanc, oignon rouge, oignon de couleur;oignon blanc, oignon, oignon précoce;oignon de couleur, oignon rouge, oignon doux des Cévennes;oignon doux des Cévennes, surfaces herbacées temporaires de 5 ans ou moins, reine des fruits (en hommage à la reine Victoria)..;;;;
135;/Users/belka/Documents/work/inrae/scripts/alvisBSV/resources/corpus/alea/BSV_legumes_12_du_22-07-20__cle0bb819.html;test alea;33272-33306;gs de printemps) et;les bulbilles d'oignon ou échalote;de printemps, on co;échalote;bulbille d'oignon;légume à bulbe;bunching oignon, huile de noix, huile de lin;bunching oignon;lentille blonde, groseille rouge, cresson alénois plante de service;oignon, paille de lentille, La paille de lentilles;cresson alénois plante de service, feuille de vigne rouge, groseille à maquereau;reine des fruits (en hommage à la reine Victoria).., surfaces herbacées temporaires de 5 ans ou moins, La paille de lentilles;;;;
136;/Users/belka/Documents/work/inrae/scripts/alvisBSV/resources/corpus/alea/BSV_legumes_12_du_22-07-20__cle0bb819.html;test alea;36878-36909;précoce, tardif et;sur bulbille oignon ou échalote;sur tous les secteu;échalote, oignon;bulbille oignon;légume à bulbe;bunching oignon, oignon, huile de noix;bunching oignon;groseille rouge, cresson alénois plante de service, lentille large blonde;oignon, bunching oignon, champignon;cresson alénois plante de service, lentille large blonde, feuille de chêne;féverole protéagineux de printemps, pois protéagineux de printemps, reine des fruits (en hommage à la reine Victoria)..;;;;
137;/Users/belka/Documents/work/inrae/scripts/alvisBSV/resources/corpus/alea/BSV_legumes_12_du_26-06-19__cle047171.html;test alea;2985-3028;nes plants d'allium;(oignon, poireau, oignon bulbille, échalote;, ). L'activité de l;échalote, poireau, oignon;oignon bulbille;légume à feuilles, légume à bulbe, légume tige;oignon blanc, vigne cultivée, oignon jaune;oignon rouge, oignon jaune, oignon blanc;oignon blanc, oignon rouge, oignon de couleur;oignon blanc, oignon, oignon précoce;oignon de couleur, oignon rouge, oignon doux des Cévennes;oignon doux des Cévennes, surfaces herbacées temporaires de 5 ans ou moins, reine des fruits (en hommage à la reine Victoria)..;;;;
138;/Users/belka/Documents/work/inrae/scripts/alvisBSV/resources/corpus/alea/BSV_legumes_15_cle8b2b14-1.html;test alea;1840-1881;............ 19;Oignon-échalote et pomme de terre primeur;...................;pomme de terre primeur;oignon-échalote;pomme de terre, légume tubercule;échalote, oignon jaune, oignon précoce;échalote, oignon précoce;échalote rose, échalote grise, oignon rouge;échalote, oignon, échalote rose;échalote rose, échalote grise, oignon rouge;échalote de plantation, culture légumière ou culture de champignons, surfaces herbacées temporaires de 5 ans ou moins;;;;
139;/Users/belka/Documents/work/inrae/scripts/alvisBSV/resources/corpus/alea/BSV_legumes_15_cle8b2b14-1.html;test alea;5589-5626;nes plants d'allium;(oignon, poireau, bulbille, échalote);. L'activité de la m;échalote, poireau, oignon;bulbille;légume à feuilles, légume à bulbe, légume tige;myrtille, paille, bucail;boulaie, lentille, bétulaie;câprier, fèverole, pélargonium;cornille, paille, lentille;luzerne lupuline, plante aromatique, fleur de courgette;reine des fruits (en hommage à la reine Victoria).., surfaces herbacées temporaires de 5 ans ou moins, jachère conjoncturelle;;;;
140;/Users/belka/Documents/work/inrae/scripts/alvisBSV/resources/corpus/alea/BSV_legumes_15_cle8b2b14-1.html;test alea;55981-56010;n au nord du Loiret;(oignons bulbilles et oignons;semis). Après la ré;oignon;oignon bulbille;légume à bulbe;oignon blanc, vigne cultivée, oignon jaune;oignon rouge, oignon jaune, oignon blanc;oignon blanc, oignon rouge, oignon de couleur;oignon blanc, oignon, oignon précoce;oignon de couleur, oignon rouge, oignon doux des Cévennes;oignon doux des Cévennes, surfaces herbacées temporaires de 5 ans ou moins, reine des fruits (en hommage à la reine Victoria)..;;;;
141;/Users/belka/Documents/work/inrae/scripts/alvisBSV/resources/corpus/alea/Note_nationale_meth_alternative_adventices_GC_validee-2_cle06dc5b.html;test alea;944-988;A titre d'exemple,;le vulpin des champs et le gaillet gratteron;colonisent fréquemm;gaillet gratteron;vulpin des champs;plante médicinale;bleuet des champs, cumin des prés, mûrier des haies;bleuet des champs, cumin des prés, lupin de printemps;bleuet des champs, cumin des prés, ovule de ginkgo biloba;bleuet des champs, cumin des prés, plantain des Indes;bleuet des champs, la féverole à petits grains, la féverole à gros grains;bleuet des champs, culture légumière ou culture de champignons, cultures intermédiaires à usage d’engrais vert;;;;
142;/Users/belka/Documents/work/inrae/scripts/alvisBSV/resources/corpus/alea/bsv_arbo_66_2015_cle479316.html;test alea;1784-1801;s variétés tardives;(Golden, Belchard;, Reine des Reinette;golden;belchard;arbre à fruits à pépins;letchi, pêcher, bucail;carde, carde;soja vert, brocoli à pomme, laitue frisée;chardon-Marie, groseille du cap, groseille rouge;tournesol résolté en vert, lupin blanc de printemps, lupin doux à fibre;groseille à grappe, groseille à maquereau, pulpe de betterave deshydratée;;;;