01F57Zd3vFWg1itsp44SIT8E	jardin	3.7288770693080133
02_bsv_raisin_29032012_V3	vigne de table	9.54451280605162
04_bsv_raisin_12042012_V3	vigne de table	9.38136648295091
04_bsv_raisin_12042012_V3	houblon	6.944871023488818
04_bsv_raisin_12042012_V3	floriculture	4.693747386386284
05_bsv_ail_05042012_V3	ail	8.370520943992823
05_bsv_ail_05042012_V3	palmier	4.935896459787731
06_BSV_GC_05042011_cle8889ba	plante aromatique	6.802926272461576
06_BSV_GC_05042011_cle8889ba	blé dur	5.559778717257089
06_BSV_GC_05042011_cle8889ba	blé tendre d'hiver	4.467578827885631
06_BSV_GC_05042011_cle8889ba	colza de printemps	3.5940491022694037
06_BSV_GC_05042011_cle8889ba	grande culture	2.689112198618296
07_BSV_GC_16042013_cle83b3df	orge de printemps	5.353609984013867
07_BSV_GC_16042013_cle83b3df	grande culture	2.705838272752223
08_BSV_ZNA_080714_cle0bae61	chanvre oléagineux	7.060061881050525
08_BSV_ZNA_080714_cle0bae61	rosier odorant	6.219601474071617
091008_Bsv_cereales	céréale à paille	4.539640804857594
091008_Bsv_cereales	blé tendre d'hiver	4.4881293936523985
091015_Bsv_cereales	céréale à paille	4.539640804857594
091015_Bsv_cereales	blé tendre d'hiver	4.4881293936523985
09_bsv_ail_03052012_V3	ail	9.893471007918338
100311_BSV_Colza_tournesol	colza de printemps	3.1935480156473988
100701_bsv_mais	amandier	7.399799777736332
100701_bsv_mais	pois protéagineux de printemps	6.169443590082036
100701_bsv_mais	féverole de printemps	6.165294530289819
100701_bsv_mais	légume à graines ou à gousses	5.773490968713691
100701_bsv_mais	maïs popcorn	5.07602989648747
100916_BSV_Colza_Tournesol_S37	tournesol	4.870647638815478
11_-_BSV_Grandes_cultures_S18-2-1_cle8d5b6e	féverole de printemps	6.663349836056548
11_-_BSV_Grandes_cultures_S18-2-1_cle8d5b6e	chanvre oléagineux	6.244425020236851
11_-_BSV_Grandes_cultures_S18-2-1_cle8d5b6e	betterave sucrière	6.185920998306848
11_-_BSV_Grandes_cultures_S18-2-1_cle8d5b6e	orge de printemps	5.631318859265307
11_-_BSV_Grandes_cultures_S18-2-1_cle8d5b6e	pois protéagineux de printemps	5.628148974320597
11_-_BSV_Grandes_cultures_S18-2-1_cle8d5b6e	rosier odorant	4.861937001612345
11_-_BSV_Grandes_cultures_S18-2-1_cle8d5b6e	blé tendre d'hiver	3.976024796880578
11_-_BSV_Grandes_cultures_S18-2-1_cle8d5b6e	petits pois	3.834485030589367
11_-_BSV_Grandes_cultures_S18-2-1_cle8d5b6e	pomme de terre	3.7483853197770163
11_-_BSV_Grandes_cultures_S18-2-1_cle8d5b6e	colza de printemps	3.3585199341482985
11_-_BSV_Grandes_cultures_S18-2-1_cle8d5b6e	grande culture	2.393237410062798
11_BSV_GC_17052010_cle85a2fb	tabac	9.782836272281001
11_BSV_GC_17052010_cle85a2fb	orge de printemps	4.7239988535436055
11_BSV_GC_17052010_cle85a2fb	maïs popcorn	4.544441884021505
11_BSV_GC_17052010_cle85a2fb	grande culture	2.701481936057955
11_BSV_GC_19052009_cle85f46f	sorgho	8.28453989036806
11_BSV_GC_19052009_cle85f46f	blé tendre	4.688414302983029
11_BSV_GC_19052009_cle85f46f	maïs popcorn	4.5102098854531185
11_BSV_GC_19052009_cle85f46f	blé tendre d'hiver	4.454321581186264
11_BSV_GC_19052009_cle85f46f	céréale à paille	3.8037971307213243
11_BSV_GC_19052009_cle85f46f	pomme de terre	3.188166754465157
11_BSV_GC_19052009_cle85f46f	grande culture	2.68113243481495
1300514_bu_gc12_cle02f1cf	triticale d'hiver	7.2783428497009215
1300514_bu_gc12_cle02f1cf	lin oléagineux	6.4576649511726
1300514_bu_gc12_cle02f1cf	lin oléagineux d'hiver	6.024417571613164
1300514_bu_gc12_cle02f1cf	lin fibre de printemps	5.2970502143532805
1300514_bu_gc12_cle02f1cf	grande culture	2.6959015005580906
130319_BSV_Lin__Oleagineux_n2_F_cle4b3994	lin oléagineux	8.031708164164646
130319_BSV_Lin__Oleagineux_n2_F_cle4b3994	lin fibre de printemps	6.355763282264389
130319_BSV_Lin__Oleagineux_n2_F_cle4b3994	engrais vert	6.0631725257268485
130319_BSV_Lin__Oleagineux_n2_F_cle4b3994	lin oléagineux d'hiver	5.796899752597368
130319_BSV_Lin__Oleagineux_n2_F_cle4b3994	céréale à paille	3.6803051034350167
130507_BSV_Lin__Oleagineux_n9_F_cle4bfe17	lin oléagineux	8.119690394050043
130507_BSV_Lin__Oleagineux_n9_F_cle4bfe17	lin fibre de printemps	6.186018197135563
130507_BSV_Lin__Oleagineux_n9_F_cle4bfe17	lin oléagineux d'hiver	5.796899752597368
130507_BSV_Lin__Oleagineux_n9_F_cle4bfe17	rosier odorant	5.269971762612423
130709_bu-arbo17_cle4212ae	laitue romaine	6.517323071703444
130709_bu-arbo17_cle4212ae	horticulture ornementale	5.125158845740896
130709_bu-arbo17_cle4212ae	jardin	4.595878259603827
130709_bu-arbo17_cle4212ae	pommier	4.349377409363509
130709_bu-arbo17_cle4212ae	arbre à fruits à pépins	4.297158306931733
131009_BSV_Lin__Oleagineux_1_cle8152f3	lin oléagineux	7.810186390678407
131009_BSV_Lin__Oleagineux_1_cle8152f3	lin oléagineux d'hiver	7.10849367531582
131009_BSV_Lin__Oleagineux_1_cle8152f3	lin fibre de printemps	5.95954244986718
14_bsv_vigne_05_juillet_2012_cle856631	melon	8.274373951214393
14_bsv_vigne_05_juillet_2012_cle856631	petits pois	4.888040238558258
15BSVGC05062012_cle0b33a1	engrais vert	7.118624667835282
15BSVGC05062012_cle0b33a1	plante aromatique	6.782739035627905
15BSVGC05062012_cle0b33a1	légume à graines ou à gousses	5.868378412858119
15BSVGC05062012_cle0b33a1	féverole protéagineux	5.645221875651348
15BSVGC05062012_cle0b33a1	palmier	4.885195484181207
15BSVGC05062012_cle0b33a1	orge de printemps	4.688414302983029
15_BSV_ARBO_130612_cle82d761	arboriculture ornementale	8.309196886302356
15_BSV_ARBO_130612_cle82d761	cerisier	6.546562389940193
15_BSV_ARBO_130612_cle82d761	prunier	6.285272407109837
15_BSV_ARBO_130612_cle82d761	attier	4.775428103985626
17BSVGC15062011_cle0751f9	canne à sucre	7.770152097130723
17BSVGC15062011_cle0751f9	olivier fruit à noyaux	7.434862884964054
17BSVGC15062011_cle0751f9	légume à graines ou à gousses	5.800847997146185
17BSVGC15062011_cle0751f9	féverole protéagineux	5.580259435735486
17BSVGC15062011_cle0751f9	palmier	5.5129295061406935
17BSVGC15062011_cle0751f9	orge de printemps	4.634462334545462
17BSVGC15062011_cle0751f9	petits pois	4.246321816285078
17BSVGC15062011_cle0751f9	grande culture	3.025650489857431
18_BSV_GC_02072013_cle8e434e	maïs popcorn	4.557019074997964
18_BSV_GC_02072013_cle8e434e	grande culture	2.7089585536704983
2009_13__cle8c15cd-1	blé tendre	4.731616646309379
2009_13__cle8c15cd-1	céréale à paille	3.838847989917077
2009_13__cle8c15cd-1	colza de printemps	3.1876624966260363
2009_BSV_manche_07_cle8ef897	Chou cabus blanc	5.152275137415625
2009_BSV_manche_07_cle8ef897	palmier	4.9302111075636486
2009_BSV_manche_07_cle8ef897	poireau	4.861671324952605
2010_6__cle0c39b8-1	zone non agricole	5.25838051371914
2010_6__cle0c39b8	radis noir potager	8.64287642494058
2010_6__cle0c39b8	radis	8.12403140328352
2010_6__cle0c39b8	laitue batavia	8.12403140328352
2010_6__cle0c39b8	melon	7.332268656176817
2010_6__cle0c39b8	laitue	7.332268656176817
2010_6__cle0c39b8	courgette	6.643970104815916
2010_6__cle0c39b8	fraisier	5.499335641542401
2010_6__cle0c39b8	poireau	5.207572048453605
2010_6__cle0c39b8	oignon	5.181576685752429
2010_6__cle0c39b8	rosier odorant	4.999455705797068
2010_6__cle0c39b8	tomate	4.999455705797068
2010_6__cle0c39b8	horticulture ornementale	4.758990848311461
2010_6__cle0c39b8	pommier	4.038635271610073
2010_6__cle0c39b8	pomme de terre	3.6635299252463334
2010_7__cle0fe148	chicorée frisée	10.927187685057744
2010_7__cle0fe148	radis noir potager	8.465000881813182
2010_7__cle0fe148	laitue à couper	6.024634059082017
2010_7__cle0fe148	oignon	5.5539427116773465
2010_7__cle0fe148	céleri-rave	5.4536495946225525
2010_7__cle0fe148	poireau	4.739389542949605
2010_7__cle0fe148	floriculture	4.082023596609472
2010_7__cle0fe148	pomme de terre	3.5881322979776837
2010_BSV_calvados_htenormandie_18_cle891d53	laitue	6.853133656990417
2010_BSV_calvados_htenormandie_18_cle891d53	céleri-rave	5.600811345977845
2010_BSV_manche_27_cle843f82	Chou navet	8.707852404417778
2010_BSV_manche_27_cle843f82	laitue	8.01840473425093
2010_BSV_manche_27_cle843f82	pâtisson 	7.73350775272615
2010_BSV_manche_27_cle843f82	céleri-rave	6.828478003514629
2010_BSV_manche_27_cle843f82	poireau	4.739389542949605
2010_flash_2_cle066a15	jardin	3.7288770693080133
2011_BSV_calvados_htenormandie_27_cle8a66fc	chou de Milan	8.33017542582454
2011_BSV_calvados_htenormandie_27_cle8a66fc	chou pommé	8.33017542582454
2011_BSV_calvados_htenormandie_27_cle8a66fc	chou de Bruxelles	7.903908413196296
2011_BSV_calvados_htenormandie_27_cle8a66fc	poireau	4.843817589596256
2011_BSV_calvados_htenormandie_27_cle8a66fc	zone non agricole	4.269034699223213
2011_BSV_manche_36_cle8c9518	céleri	6.471032124540134
2011_BSV_manche_36_cle8c9518	céleri-rave	6.323995924656571
2011_BSV_manche_36_cle8c9518	culture légumière	4.043043477260762
2012_BSV_calvados_htenormandie_26_cle823e9b	chou-fleur	6.971728573891816
2012_BSV_calvados_htenormandie_26_cle823e9b	Chou cabus blanc	5.087811466990715
2012_BSV_calvados_htenormandie_26_cle823e9b	culture légumière	4.958793851315826
2012_BSV_calvados_htenormandie_26_cle823e9b	palmier	4.868525833488275
2012_BSV_calvados_htenormandie_29_cle81977c	chou de Milan	8.15058485870426
2012_BSV_calvados_htenormandie_29_cle81977c	céleri à cotes	7.73350775272615
2012_BSV_calvados_htenormandie_29_cle81977c	laitue	6.673067040042346
2012_BSV_calvados_htenormandie_29_cle81977c	Chou cabus blanc	5.0226840270624225
2012_BSV_calvados_htenormandie_29_cle81977c	culture légumière	4.995369085557479
2012_BSV_calvados_htenormandie_29_cle81977c	palmier	4.806205398500265
20130606_bsv_maraichage_13_cle46d94d	asperge	9.709144926717762
20130606_bsv_maraichage_13_cle46d94d	poireau	5.871366646261871
20130606_bsv_maraichage_13_cle46d94d	Chou cabus blanc	5.105231943505977
20130606_bsv_maraichage_13_cle46d94d	culture légumière	4.012588371428703
20130912_bsv_maraichage_26_cle4ed671	radis	8.8509661397851
20130912_bsv_maraichage_26_cle4ed671	laitue romaine	6.593194312697456
20130912_bsv_maraichage_26_cle4ed671	fraisier	5.991413762252597
20130912_bsv_maraichage_26_cle4ed671	tomate	5.44680479096629
20130912_bsv_maraichage_26_cle4ed671	poireau	4.817281508654975
20130912_bsv_maraichage_26_cle4ed671	culture légumière	4.012588371428703
20130912_bsv_maraichage_26_cle4ed671	pomme de terre	3.188166754465157
2013_BSV_Bilan2012_Calvados_htenormandie_cle0352d6	navet potager	8.877308971011852
2013_BSV_Bilan2012_Calvados_htenormandie_cle0352d6	chou de Bruxelles	7.884003375601058
2013_BSV_Bilan2012_Calvados_htenormandie_cle0352d6	céleri	6.441402102856198
2013_BSV_Bilan2012_Calvados_htenormandie_cle0352d6	céleri-rave	5.559778717257089
2013_BSV_Bilan2012_Calvados_htenormandie_cle0352d6	Chou cabus blanc	5.120426472706206
2013_BSV_Bilan2012_Calvados_htenormandie_cle0352d6	petits pois	4.308540568445547
2013_BSV_calvados_htenormandie_06_noteAbeille_cle0c95a3	laitue à couper	6.141874654721857
2013_BSV_calvados_htenormandie_06_noteAbeille_cle0c95a3	arboriculture fruitière	4.765887043532248
2013_BSV_calvados_htenormandie_06_noteAbeille_cle0c95a3	floriculture	4.721177981781538
2013_BSV_calvados_htenormandie_06_noteAbeille_cle0c95a3	culture légumière	4.565831209035682
2013_BSV_manche_20_cle86aa6e	céleri-rave	5.604689228487368
2013_BSV_manche_33_cle8d1fbe	céleri-rave	5.604689228487368
2014_BSV_manche_37_cle8ad953	poireau	5.715448222293222
2014_BSV_manche_37_cle8ad953	céleri-rave	5.503083421142447
2014_BSV_manche_37_cle8ad953	culture légumière	4.9540423829721085
21_BSV_GC_20072011_cle835b6b	betterave sucrière	5.507144817371496
22_bsv_gc_04_05_2010_cle022e2c	féverole d'hiver	7.611168861347517
22_bsv_gc_04_05_2010_cle022e2c	pois protéagineux d'hiver	6.723192743104617
22_bsv_gc_04_05_2010_cle022e2c	orge d'hiver	6.456011842176161
22_bsv_gc_04_05_2010_cle022e2c	pois protéagineux de printemps	5.560953650519778
22_bsv_gc_04_05_2010_cle022e2c	blé tendre d'hiver	4.998363277589174
22_bsv_gc_04_05_2010_cle022e2c	colza de printemps	3.5443370403479566
26_BSV_GC_17092013_cle847136	grande culture	2.710834178887164
27_BSV_GC_260814_cle4c8181	maïs popcorn	4.557019074997964
27_BSV_GC_260814_cle4c8181	grande culture	2.7089585536704983
29BSVGC140910_cle8963c8-1	betterave sucrière	5.4969954770712315
29BSVGC140910_cle8963c8-1	colza de printemps	3.1876624966260363
29BSVGC140910_cle8963c8-1	grande culture	2.705838272752223
2CCEeMC2B19v784m364OMugE	tomate	6.644645981953074
2CCEeMC2B19v784m364OMugE	palmier	5.558750596681047
2_-_BSV_ZNA_S14_cle097ddd	laurier ornemental	7.884003375601058
2_-_BSV_ZNA_S14_cle097ddd	arbuste à baies	7.260013223333737
2_-_BSV_ZNA_S14_cle097ddd	rosier odorant	6.197792796589338
2_-_BSV_ZNA_S14_cle097ddd	zone non agricole	4.258283651546403
2_-_BSV_ZNA_S14_cle097ddd	floriculture	4.161460600282902
30_bsv_gc_14_06_2011_cle0b2ea9	amandier	7.5628474929246465
30_bsv_gc_14_06_2011_cle0b2ea9	céréale à paille	4.53593374274378
30_bsv_gc_14_06_2011_cle0b2ea9	maïs popcorn	4.535054456891909
34BSVGC15102013_cle0947e2	moutarde	8.820764172571517
34BSVGC15102013_cle0947e2	céréale à paille	4.519939521716656
34BSVGC15102013_cle0947e2	maïs popcorn	4.494819790300168
34BSVGC15102013_cle0947e2	pomme de terre	3.61459717898731
34BSVGC15102013_cle0947e2	colza de printemps	3.1477794509563477
37_-_BSV_Grandes_cultures_S46_cle883289	orge d'hiver	6.535528539935539
37_-_BSV_Grandes_cultures_S46_cle883289	artichaut	5.44680479096629
37_-_BSV_Grandes_cultures_S46_cle883289	céréale à paille	4.526077778551435
37_-_BSV_Grandes_cultures_S46_cle883289	grande culture	2.68113243481495
38_-_BSV_Grandes_cultures_S45_cle8c1431	artichaut	5.428218772545532
38_-_BSV_Grandes_cultures_S45_cle8c1431	betterave sucrière	5.428218772545532
38_-_BSV_Grandes_cultures_S45_cle8c1431	maïs popcorn	4.494819790300168
38_-_BSV_Grandes_cultures_S45_cle8c1431	céréale à paille	4.312570651735522
38_-_BSV_Grandes_cultures_S45_cle8c1431	colza de printemps	3.5810273724551345
38_-_BSV_Grandes_cultures_S45_cle8c1431	grande culture	2.671983662510018
3_-_BSV_Grandes_cultures_S11_cle8cbba8	palmier	4.935896459787731
3_-_BSV_Grandes_cultures_S11_cle8cbba8	grande culture	2.7089585536704983
42_BSV_Charentes_2011-12-21_cle02f587	vigne jus	8.942825845256564
42_BSV_Charentes_2011-12-21_cle02f587	vigne de cuve	6.488941343960741
57_BSV_Haut-Poitou_2013-05-22_cle88c1ab	vigne de cuve	6.493434148768591
5CFA3U3t631V6Z5ZdLm3MyU1	olivier fruit à noyaux	7.599476613601242
5CFA3U3t631V6Z5ZdLm3MyU1	jardin	3.726297060572875
8E040h806ch6Smo9MEVkK80q	abricotier pays	7.604738329381506
9_Bulletin_ZNA_2012_cle84b784	raifort  	9.738041926448778
9_Bulletin_ZNA_2012_cle84b784	rosier odorant	6.197792796589338
9_Bulletin_ZNA_2012_cle84b784	arbre à fruits à pépins	5.178739867316858
ACAB6BCBEMIh9FN9YXn91xWQ	tomate	6.223656971823247
Avertissement_Colza_Centre9_20090324_cle4c1325	colza d'hiver	8.949017667438888
BSV-CAS-oct-2012	canne à sucre	9.889757835635884
BSV-Fruits-decembre-2014	culture fruitière	6.619834660591635
BSV-GC-PC113_cle0b113d	tournesol	4.853844147178665
BSV-GC-PC113_cle0b113d	colza de printemps	3.1825304341362592
BSV-GC-PC113_cle0b113d	grande culture	3.0587430633203754
BSV-GC-PC26_cle4d3356	blé tendre	5.4911715523412195
BSV-GC-PC26_cle4d3356	blé tendre d'hiver	5.216997127584719
BSV-GC-PC26_cle4d3356	maïs popcorn	5.00911397886385
BSV-GC-PC26_cle4d3356	petits pois	4.77093710842407
BSV-GC-PC26_cle4d3356	tournesol	4.631224405619047
BSV-GC-PC26_cle4d3356	orge de printemps	4.5073344176829915
BSV-GC-PC26_cle4d3356	colza de printemps	3.507946210478183
BSV-GC-PC26_cle4d3356	grande culture	2.577579480149318
BSV-GC-PC52_cle46fa13	blé dur	5.543280439131922
BSV-GC-PC52_cle46fa13	attier	4.196788361498274
BSV-GC-PC52_cle46fa13	céréale à paille	3.8037971307213243
BSV-GC-PC52_cle46fa13	colza de printemps	3.587991541622806
BSV-GC-PC52_cle46fa13	grande culture	3.045656447603902
BSV-GC-PC55_cle42626f	petits pois	4.281096941237088
BSV-GC-PC55_cle42626f	colza de printemps	3.9033743854549487
BSV-GC-PC55_cle42626f	grande culture	3.0397449323504047
BSV-GC-PC60_cle4dea1f	blé dur	5.329183194043046
BSV-GC-PC60_cle4dea1f	blé tendre	5.207030763584542
BSV-GC-PC60_cle4dea1f	blé tendre d'hiver	4.947043500267936
BSV-GC-PC60_cle4dea1f	petits pois	4.77093710842407
BSV-GC-PC60_cle4dea1f	tournesol	4.631224405619047
BSV-GC-PC60_cle4dea1f	orge de printemps	4.5073344176829915
BSV-GC-PC60_cle4dea1f	céréale à paille	3.6568836747800733
BSV-GC-PC60_cle4dea1f	colza de printemps	3.507946210478183
BSV-GC-PC60_cle4dea1f	grande culture	3.140199906127728
BSV-GC-PC73_cle485a11	maïs popcorn	5.497103675903663
BSV-GC-PC73_cle485a11	zone non agricole	4.2456474745343575
BSV-GC-PC73_cle485a11	grande culture	3.045656447603902
BSV-GC-PC86_cle45c4ce	céréale à paille	4.32095748278776
BSV-GC-PC86_cle45c4ce	colza de printemps	3.758317190312227
BSV-GC-PC86_cle45c4ce	grande culture	3.045656447603902
BSV-GC-PC94_cle479b11	blé dur	6.595214470879498
BSV-GC-PC94_cle479b11	pois protéagineux d'hiver	5.546985272925901
BSV-GC-PC94_cle479b11	orge d'hiver	5.326547070529097
BSV-GC-PC94_cle479b11	petits pois	4.667402573436844
BSV-GC-PC94_cle479b11	blé tendre	4.340639141945073
BSV-GC-PC94_cle479b11	orge de printemps	4.340639141945073
BSV-GC-PC94_cle479b11	céréale à paille	4.132882683772555
BSV-GC-PC94_cle479b11	blé tendre d'hiver	4.123910848451687
BSV-GC-PC94_cle479b11	colza de printemps	3.757948608317508
BSV-GC-PC94_cle479b11	grande culture	3.0919795735436497
BSV-GC-PC95_cle431161	pois protéagineux d'hiver	6.294332924370721
BSV-GC-PC95_cle431161	blé dur	6.24155299294895
BSV-GC-PC95_cle431161	chanvre oléagineux	6.119733255727228
BSV-GC-PC95_cle431161	blé tendre	5.47551629913922
BSV-GC-PC95_cle431161	blé tendre d'hiver	4.679527086050332
BSV-GC-PC95_cle431161	petits pois	4.512943826652
BSV-GC-PC95_cle431161	orge de printemps	4.101413306516714
BSV-GC-PC95_cle431161	céréale à paille	3.9961128487518245
BSV-GC-PC95_cle431161	maïs popcorn	3.9455205201492207
BSV-GC-PC95_cle431161	colza de printemps	3.688823347522189
BSV-GC-PC95_cle431161	floriculture	3.629632749611084
BSV-GC-PC95_cle431161	grande culture	3.0188676825508707
BSV-maraichage-juillet-2014	chou chinois	10.822922100921046
BSV-maraichage-juillet-2014	brède	9.393933061044585
BSV-maraichage-juillet-2014	laitue romaine	7.954543351444229
BSV-maraichage-juillet-2014	laitue beurre pommée	7.605409847568236
BSV-maraichage-juillet-2014	légume tubercule	6.768484149318591
BSV-maraichage-juillet-2014	laitue	6.562534286195112
BSV-maraichage-juillet-2014	pomme de terre	3.8464527901424312
BSV-viti-RA-no-17-30-07_2013_cle8ea985	vigne de cuve	6.493434148768591
BSV04-Horticulture-Pepinieres-22-04-2011_cle0a8923	floriculture	4.195075845156456
BSV16horti-pepi_cle0ce528	horticulture ornementale	5.242261023696458
BSV19horti-pepi_cle02119a	palmier	4.939313969389081
BSV6_cle8d4471	lin fibre de printemps	5.326390732516689
BSV7ZNA	plante aromatique	7.7049132702393335
BSV7ZNA	culture fruitière	5.543280439131922
BSV7ZNA	horticulture ornementale	5.184823244396549
BSV7ZNA	zone non agricole	4.822881345643511
BSV7ZNA	floriculture	4.149111739315237
BSV7horti-pepi_cle8cbea5-2	horticulture ornementale	5.242261023696458
BSVArbo_3_-_26_mai_2010_cle8f1c11	prunier	6.266621274117247
BSVArbo_3_-_26_mai_2010_cle8f1c11	cerisier	5.753313890956241
BSVArbo_3_-_26_mai_2010_cle8f1c11	jardin	4.561550750205011
BSVCT8_nov_2010_cle09c9a2	surface toujours en herbe	7.604738329381506
BSVCTavril2011_cle84c138	surface toujours en herbe	7.604738329381506
BSVHorti_230910_cle01f644	rosier ornemental	10.776432043091626
BSVHorti_230910_cle01f644	chou potager	9.676014613922804
BSVHorti_230910_cle01f644	rosier odorant	5.428218772545532
BSVHorti_230910_cle01f644	Chou cabus blanc	5.087811466990715
BSVHorti_230910_cle01f644	zone non agricole	4.231160140179982
BSVPACA3_200710_cle031cb3	jardin	4.21128008904791
BSVPACA3_200710_cle031cb3	floriculture	4.187344569922217
BSVPDT20130415_num05_cle0ec9c7	pomme de terre	3.642880002175016
BSVPDT20130723_num31_30_juillet_2013_cle457261	pomme de terre	3.642880002175016
BSVViti_no25_26092013_cle45dbdd	houblon	7.0486953456053225
BSVViti_no25_26092013_cle45dbdd	cerisier	6.866291130932671
BSV_09_cle4c32d5	lin à fibres	8.932525160219281
BSV_09_cle4c32d5	lin fibre de printemps	6.01546332083816
BSV_10_proteagineux_Normandie_2012_cle8bc461	féverole fourragère	8.707852404417778
BSV_10_proteagineux_Normandie_2012_cle8bc461	légume à graines ou à gousses	7.116817866360208
BSV_10_proteagineux_Normandie_2012_cle8bc461	féverole de printemps	6.165294530289819
BSV_10_proteagineux_Normandie_2012_cle8bc461	féverole protéagineux	5.5539427116773465
BSV_10_proteagineux_Normandie_2012_cle8bc461	petits pois	5.078347274111384
BSV_10_proteagineux_Normandie_2012_cle8bc461	pois protéagineux de printemps	4.875547657987029
BSV_11-3_cereales_Normandie_R2014_cle83cb2e	blé tendre	4.737072986136762
BSV_11-3_cereales_Normandie_R2014_cle83cb2e	blé tendre d'hiver	4.500550734259591
BSV_11_proteagineux_Normandie_2012_cle888cde-1	légume à graines ou à gousses	7.319554081242918
BSV_11_proteagineux_Normandie_2012_cle888cde-1	féverole de printemps	6.221178960517041
BSV_11_proteagineux_Normandie_2012_cle888cde-1	féverole protéagineux	5.604285630808272
BSV_11_proteagineux_Normandie_2012_cle888cde-1	pois protéagineux de printemps	4.919741362208887
BSV_11_proteagineux_Normandie_cle8c8ae4	féverole de printemps	7.089213083404435
BSV_11_proteagineux_Normandie_cle8c8ae4	légume à graines ou à gousses	6.6386946335227925
BSV_11_proteagineux_Normandie_cle8c8ae4	féverole protéagineux	6.386245319289052
BSV_11_proteagineux_Normandie_cle8c8ae4	pois protéagineux de printemps	4.919741362208887
BSV_11_proteagineux_Normandie_cle8c8ae4	petits pois	4.2646046501702815
BSV_11_proteagineux_Normandie_cle8c8ae4	pomme de terre	3.1650478093224943
BSV_12_proteagineux_Normandie_R2011_cle02d111	protéagineux	7.399799777736332
BSV_12_proteagineux_Normandie_R2011_cle02d111	légume à graines ou à gousses	6.604584935979502
BSV_12_proteagineux_Normandie_R2011_cle02d111	féverole de printemps	6.165294530289819
BSV_12_proteagineux_Normandie_R2011_cle02d111	pois protéagineux de printemps	6.0099487240357465
BSV_12_proteagineux_Normandie_R2011_cle02d111	féverole protéagineux	5.5539427116773465
BSV_12_proteagineux_Normandie_R2011_cle02d111	petits pois	4.834671260987152
BSV_13_cereales_Normandie_R2012-2_cle88c41b	blé tendre	5.325846297444894
BSV_13_cereales_Normandie_R2012-2_cle88c41b	palmier	4.885195484181207
BSV_13_cereales_Normandie_R2012-2_cle88c41b	céréale à paille	4.636118433672247
BSV_13_cereales_Normandie_cle01ccd2	triticale d'hiver	7.213769932069675
BSV_13_cereales_Normandie_cle01ccd2	orge d'hiver	5.73368197792439
BSV_13_cereales_Normandie_cle01ccd2	blé tendre	5.571103919050506
BSV_13_cereales_Normandie_cle01ccd2	blé tendre d'hiver	4.439122192528676
BSV_13_cereales_Normandie_cle01ccd2	céréale à paille	4.312570651735522
BSV_1_chataigne_7juin2013_cle03a2d9	artichaut	5.3587338880681425
BSV_1_chataigne_7juin2013_cle03a2d9	arbre à fruits à pépins	5.3550686529464
BSV_1_chataigne_7juin2013_cle03a2d9	jardin	4.543080625444753
BSV_2011_n5_cle453b96	vigne de cuve	6.493434148768591
BSV_26BOU_GC_2014_03_04_16	moutarde brune	8.8509661397851
BSV_26BOU_GC_2014_03_04_16	grande culture	3.3492281988367343
BSV_26BOU_GC_2014_05_20_27	laurier ornemental	7.084393725387518
BSV_26BOU_GC_2014_05_20_27	pois protéagineux de printemps	5.299640563657494
BSV_26BOU_GC_2014_05_20_27	blé tendre d'hiver	4.763486704359001
BSV_26BOU_GC_2014_05_20_27	orge de printemps	4.225445714958737
BSV_26BOU_GC_2014_05_20_27	maïs popcorn	4.064838515215451
BSV_26BOU_GC_2014_05_20_27	grande culture	3.426648880745346
BSV_2_cereales_Normandie_R2011_cle02a37b	blé tendre	5.348730462175456
BSV_2_cereales_Normandie_R2011_cle02a37b	céréale à paille	3.8326675339265632
BSV_2_cereales_Normandie_R2011_cle02a37b	grande culture	2.701481936057955
BSV_2_chataigne_28juin2012_cle4ef6f6	châtaignier	9.782836272281001
BSV_2_chataigne_28juin2012_cle4ef6f6	arboriculture fruitière	4.787809807270354
BSV_2_chataigne_28juin2012_cle4ef6f6	culture légumière	4.043043477260762
BSV_2_chataigne_28juin2012_cle4ef6f6	jardin	3.71601262923859
BSV_2_proteagineux_Normandie_2012_cle8c9949	féverole fourragère	8.932525160219281
BSV_2_proteagineux_Normandie_2012_cle8c9949	féverole de printemps	6.3243663252763085
BSV_2_proteagineux_Normandie_2012_cle8c9949	pois protéagineux de printemps	5.001342478281155
BSV_3_chataigne_30juillet2013_cle85215d	laitue romaine	6.653948637274375
BSV_3_chataigne_30juillet2013_cle85215d	floriculture	4.187344569922217
BSV_3_chataigne_30juillet2013_cle85215d	jardin	3.722004970685351
BSV_3_cle0c8d2b-2	palmier	4.9302111075636486
BSV_3_cle0c8d2b-2	arbre à fruits à pépins	4.387241563135713
BSV_3_cle0c8d2b-2	zone non agricole	4.284769853228745
BSV_43FCO_GC_2009_07_28_20	orge d'hiver	5.711593818426394
BSV_43FCO_GC_2009_07_28_20	rosier odorant	5.407307364745162
BSV_43FCO_GC_2009_07_28_20	orge de printemps	4.654416334424787
BSV_43FCO_GC_2009_07_28_20	maïs popcorn	4.477504163653076
BSV_43FCO_GC_2009_07_28_20	grande culture	3.2605428385449113
BSV_43FCO_GC_2009_07_28_20	colza de printemps	3.1356530974465198
BSV_43FCO_GC_2009_10_19_27	haricot mungo	9.738041926448778
BSV_43FCO_GC_2009_10_19_27	tournesol	5.481472859648443
BSV_43FCO_GC_2009_10_19_27	colza de printemps	3.7627458204123023
BSV_43FCO_GC_2010_05_10_12	maïs fourrage	8.56361544402461
BSV_43FCO_GC_2010_05_10_12	sorgho	8.015578483900564
BSV_43FCO_GC_2010_05_10_12	maïs grain	7.00346935835863
BSV_43FCO_GC_2010_05_10_12	triticale d'hiver	7.00346935835863
BSV_43FCO_GC_2010_05_10_12	blé tendre	5.505399503767901
BSV_43FCO_GC_2010_05_10_12	tournesol	5.369892292256212
BSV_43FCO_GC_2010_05_10_12	orge de printemps	5.22624218311912
BSV_43FCO_GC_2010_05_10_12	céréale à paille	3.6803051034350167
BSV_43FCO_GC_2010_05_10_12	pomme de terre	3.084661451131314
BSV_43FCO_GC_2010_05_10_12	colza de printemps	3.05601331054909
BSV_43FCO_GC_2010_10_18_29	colza de printemps	3.1935480156473988
BSV_43FCO_GC_2013_04_09_07	lentille potagère	6.958899342204051
BSV_43FCO_GC_2013_04_09_07	colza de printemps	3.507946210478183
BSV_43FCO_GC_2013_04_09_07	grande culture	3.420149461794776
BSV_43FCO_GC_2014_05_20_14	avoine nue d'hiver	9.350657617948258
BSV_43FCO_GC_2014_05_20_14	ray-grass d'Italie	7.364179946725427
BSV_43FCO_GC_2014_05_20_14	ray-grass	7.364179946725427
BSV_43FCO_GC_2014_05_20_14	triticale d'hiver	6.963228863710551
BSV_43FCO_GC_2014_05_20_14	maïs popcorn	5.010913622498871
BSV_43FCO_GC_2014_05_20_14	tournesol	4.634105750021309
BSV_43FCO_GC_2014_05_20_14	orge de printemps	3.556062542331432
BSV_43FCO_GC_2014_05_20_14	grande culture	3.411189900564329
BSV_43FCO_GC_2014_05_20_14	céréale à paille	2.8850992299421034
BSV_43FCO_GC_2014_05_20_14	colza de printemps	2.395698563341592
BSV_5_chataigne_28aout2013	floriculture	4.195075845156456
BSV_8-25_cereales_Normandie_R2014_cle81391a	blé tendre	5.723856238114128
BSV_8-25_cereales_Normandie_R2014_cle81391a	grande culture	2.6959015005580906
BSV_8_cereales_Normandie_R2012_cle0a7838	blé tendre	4.7239988535436055
BSV_8_cereales_Normandie_R2012_cle0a7838	orge de printemps	4.7239988535436055
BSV_8_cereales_Normandie_R2012_cle0a7838	céréale à paille	3.8326675339265632
BSV_8_cereales_Normandie_R2012_cle0a7838	grande culture	2.701481936057955
BSV_9_cereales_Normandie_cle81b469	orge d'hiver	5.660286957097082
BSV_9_cereales_Normandie_cle81b469	blé tendre d'hiver	5.587661529711857
BSV_9_cereales_Normandie_cle81b469	blé tendre	5.276590618502978
BSV_9_cereales_Normandie_cle81b469	céréale à paille	3.7422924760475187
BSV_AUVERGNE_N_02_DU_05_02_13-2_cle439548	palmier	4.9302111075636486
BSV_AUVERGNE_N_02_DU_05_02_13-2_cle439548	colza de printemps	3.6066957750929936
BSV_AUVERGNE_N_10_DU_2_04_13_cle81ad49	colza de printemps	3.1935480156473988
BSV_AUVERGNE_N_11_DU_9_04_13_cle857112	colza de printemps	3.1935480156473988
BSV_AUVERGNE_N_14_DU_30_04_13_cle897e81	salsifis  	8.877308971011852
BSV_AUVERGNE_N_14_DU_30_04_13_cle897e81	tournesol	5.481472859648443
BSV_AUVERGNE_N_14_DU_30_04_13_cle897e81	blé tendre d'hiver	4.467578827885631
BSV_AUVERGNE_N_14_DU_30_04_13_cle897e81	floriculture	4.161460600282902
BSV_AUVERGNE_N_14_DU_30_04_13_cle897e81	colza de printemps	3.1679580376532264
BSV_AUVERGNE_N_27_DU_10_08_10_cle8d9eb8	betterave sucrière	5.507144817371496
BSV_AUVERGNE_N_27_DU_21_08_12_cle8bcdf5	betterave sucrière	5.507144817371496
BSV_AUVERGNE_N_5_du_11_03_14_cle8461ba	orge de printemps	4.7239988535436055
BSV_AUVERGNE_N_5_du_11_03_14_cle8461ba	blé tendre	4.7239988535436055
BSV_AUVERGNE_N_5_du_11_03_14_cle8461ba	colza de printemps	3.6034084697323814
BSV_AUVERGNE_N_6_DU_16_03_10_cle867d57	colza de printemps	3.1935480156473988
BSV_AUVERGNE_N_6_du_18_03_14_cle893c87	blé tendre	4.731616646309379
BSV_AUVERGNE_N_6_du_18_03_14_cle893c87	colza de printemps	3.6066957750929936
BSV_AUVERGNE_N_7_DU_23_03_10_cle8cb95a	colza de printemps	3.1935480156473988
BSV_Agrumes_Kiwi_1_27mai2013	jardin	4.214026058705905
BSV_Agrumes_Kiwi_2_5juin2013	arbre à fruits à pépins	4.95363583100448
BSV_Agrumes_Kiwi_2_5juin2013	jardin	4.397873523915294
BSV_Arbo_27	culture fruitière	6.333892488490384
BSV_Arbo_Centre_16_11-04-26_cle06b771	arboriculture ornementale	8.189205475403813
BSV_Arbo_Centre_16_11-04-26_cle06b771	culture fruitière	6.565546010817189
BSV_Arbo_Centre_16_11-04-26_cle06b771	attier	4.736063984348324
BSV_Arbo_Centre_16_11-04-26_cle06b771	jardin	4.368148343138433
BSV_Arbo_Centre_16_11-04-26_cle06b771	pommier	4.349377409363509
BSV_Arbo_Centre_6_11-03-14_cle414993	culture fruitière	6.284717011605349
BSV_Arbo_Centre_6_11-03-14_cle414993	artichaut	5.428218772545532
BSV_Arbo_Centre_6_11-03-14_cle414993	attier	4.758126077010451
BSV_Arbo_Centre_6_11-03-14_cle414993	jardin	4.181308935480433
BSV_Arbo_Centre_6_11-03-14_cle414993	floriculture	4.134953811837352
BSV_Arboriculture-Fruits_transformes_Bretagne-Normandie-Pays_de_la_Loire_no10_du_21-05-2013_cle43573f	arboriculture fruitière	4.735530307820343
BSV_Arboriculture-Fruits_transformes_Bretagne-Normandie-Pays_de_la_Loire_no10_du_21-05-2013_cle43573f	floriculture	4.704072510394122
BSV_Arboriculture-Fruits_transformes_Bretagne-Normandie-Pays_de_la_Loire_no10_du_21-05-2013_cle43573f	pommier	4.384996504999174
BSV_Arboriculture-Fruits_transformes_Bretagne-Normandie-Pays_de_la_Loire_no10_du_21-05-2013_cle43573f	jardin	4.3823661190059156
BSV_Arboriculture-Fruits_transformes_Bretagne-Normandie-Pays_de_la_Loire_no10_du_21-05-2013_cle43573f	culture légumière	3.998896299792506
BSV_Arboriculture-Fruits_transformes_Bretagne-Normandie-Pays_de_la_Loire_no11_du_09-05-2012_cle4117c7	arboriculture fruitière	4.787809807270354
BSV_Arboriculture-Fruits_transformes_Bretagne-Normandie-Pays_de_la_Loire_no11_du_09-05-2012_cle4117c7	pommier	4.433406167163688
BSV_Arboriculture-Fruits_transformes_Bretagne-Normandie-Pays_de_la_Loire_no11_du_09-05-2012_cle4117c7	arbre à fruits à pépins	4.38017820624533
BSV_Arboriculture-Fruits_transformes_Bretagne-Normandie-Pays_de_la_Loire_no11_du_09-05-2012_cle4117c7	culture légumière	4.043043477260762
BSV_Arboriculture-Fruits_transformes_Bretagne-Normandie-Pays_de_la_Loire_no12_du_15-05-2012_cle415e3e	arboriculture fruitière	4.777919656439258
BSV_Arboriculture-Fruits_transformes_Bretagne-Normandie-Pays_de_la_Loire_no12_du_15-05-2012_cle415e3e	pommier	4.42424810586765
BSV_Arboriculture-Fruits_transformes_Bretagne-Normandie-Pays_de_la_Loire_no12_du_15-05-2012_cle415e3e	jardin	4.20251698490608
BSV_Arboriculture-Fruits_transformes_Bretagne-Normandie-Pays_de_la_Loire_no12_du_15-05-2012_cle415e3e	culture légumière	4.034691785899493
BSV_Arboriculture-Fruits_transformes_Bretagne-Normandie-Pays_de_la_Loire_no20_du_22-07-2014_cle491adf	poirier	6.079243492591674
BSV_Arboriculture-Fruits_transformes_Bretagne-Normandie-Pays_de_la_Loire_no20_du_22-07-2014_cle491adf	pommier	4.977580602165733
BSV_Arboriculture-Fruits_transformes_Bretagne-Normandie-Pays_de_la_Loire_no20_du_22-07-2014_cle491adf	jardin	4.553323298264463
BSV_Arboriculture-Fruits_transformes_Bretagne-Normandie-Pays_de_la_Loire_no20_du_22-07-2014_cle491adf	attier	4.166355411349429
BSV_Arboriculture-Fruits_transformes_Bretagne-Normandie-Pays_de_la_Loire_no2_du_06-03-2012_cle0ca15b	attier	4.2432806317866945
BSV_Arboriculture-Fruits_transformes_Bretagne-Normandie-Pays_de_la_Loire_no2_du_11-03-2014_cle0ad871	pommier	4.448754147278754
BSV_Arboriculture-Fruits_transformes_Bretagne-Normandie-Pays_de_la_Loire_no2_du_26-03-2013_note_national_cle8e19a6	poirier	6.102753445182897
BSV_Arboriculture-Fruits_transformes_Bretagne-Normandie-Pays_de_la_Loire_no2_du_26-03-2013_note_national_cle8e19a6	horticulture ornementale	5.167131180144759
BSV_Arboriculture-Fruits_transformes_Bretagne-Normandie-Pays_de_la_Loire_no2_du_26-03-2013_note_national_cle8e19a6	pommier	4.9885300915066875
BSV_Arboriculture-Fruits_transformes_Bretagne-Normandie-Pays_de_la_Loire_no2_du_26-03-2013_note_national_cle8e19a6	attier	4.758126077010451
BSV_Arboriculture-Fruits_transformes_Bretagne-Normandie-Pays_de_la_Loire_no2_du_26-03-2013_note_national_cle8e19a6	floriculture	4.134953811837352
BSV_Arboriculture-Fruits_transformes_Bretagne-Normandie-Pays_de_la_Loire_no2_du_26-03-2013_note_national_cle8e19a6	pomme de terre	3.177287839523095
BSV_Arboriculture_36	culture fruitière	6.329765158391306
BSV_Arboriculture_36	attier	4.235460517998207
BSV_Arboriculture_no10_du_12_avril_2011_cle8d917f	attier	4.2432806317866945
BSV_Arboriculture_no26_du_13052014_cle81fe48	prunier	6.3243663252763085
BSV_Arboriculture_no26_du_13052014_cle81fe48	arboriculture fruitière	4.795530499854004
BSV_Arboriculture_no26_du_13052014_cle81fe48	arbre à fruits à pépins	4.387241563135713
BSV_Arboriculture_no42_du_01072014_cle88a477	prunier	6.3243663252763085
BSV_Arboriculture_no42_du_01072014_cle88a477	arbre à fruits à pépins	4.387241563135713
BSV_Arboriculture_no42_du_01072014_cle88a477	attier	4.235460517998207
BSV_Arboriculture_no49_du_02092014_cle82df79	arbre à fruits à pépins	4.392300781297851
BSV_Arboriculture_no49_du_02092014_cle82df79	attier	4.240344707407272
BSV_Betterave_12_001	pâtisson 	7.933041279263161
BSV_Betterave_12_001	engrais vert	6.3243663252763085
BSV_Betterave_12_001	palmier	4.9302111075636486
BSV_Betterave_no14_cle8a2eff	pâtisson 	7.884003375601058
BSV_Betterave_no14_cle8a2eff	laitue romaine	6.612817413981718
BSV_Betterave_no14_cle8a2eff	palmier	5.81966605886626
BSV_Betterave_no14_cle8a2eff	colza de printemps	3.1679580376532264
BSV_Cereales_a_paille_2010_S42_cle011f61	céréale à paille	4.754580603613434
BSV_Cereales_a_paille_2011_S13-1_cle0d7463	orge d'hiver	5.631200756960075
BSV_Cereales_a_paille_2011_S13-1_cle0d7463	blé dur	5.4256252303476264
BSV_Cereales_a_paille_2011_S13-1_cle0d7463	blé tendre d'hiver	4.998363277589174
BSV_Cereales_a_paille_2011_S13-1_cle0d7463	céréale à paille	4.76713509892501
BSV_Cereales_a_paille_2011_S13-1_cle0d7463	orge de printemps	4.588903486284906
BSV_Cultures_Legumieres_N58_cle08ed2d	culture légumière	5.041785064650346
BSV_Cultures_Legumieres_N58_cle08ed2d	arboriculture fruitière	4.717287379602584
BSV_Cultures_Legumieres_N58_cle08ed2d	pomme de terre	3.1650478093224943
BSV_Cultures_Legumieres_No117_cle8542c6	pomme de terre potagère	7.633654973788629
BSV_Cultures_Legumieres_No117_cle8542c6	poireau	5.421624620307949
BSV_Cultures_Legumieres_No117_cle8542c6	tomate	5.3587338880681425
BSV_Cultures_Legumieres_No117_cle8542c6	culture légumière	4.942898295030209
BSV_Cultures_Legumieres_No117_cle8542c6	pomme de terre	3.1366163987187394
BSV_Cultures_Legumieres_No139_cle82191f	melon	7.586877207771485
BSV_Cultures_Legumieres_No139_cle82191f	tomate	5.3015853485291515
BSV_Cultures_Legumieres_No139_cle82191f	culture légumière	5.05381241852086
BSV_Cultures_Legumieres_No139_cle82191f	poireau	4.68884603839361
BSV_Cultures_Legumieres_No139_cle82191f	zone non agricole	4.132452568034478
BSV_Cultures_Ornementales_et_ZNA_No5_du_13_06_14_cle85d729	horticulture ornementale	6.103033522810698
BSV_Cultures_Ornementales_et_ZNA_No5_du_13_06_14_cle85d729	zone non agricole	5.315456345177024
BSV_Cultures_Ornementales_et_ZNA_No5_du_13_06_14_cle85d729	rosier odorant	5.3015853485291515
BSV_Cultures_Ornementales_et_ZNA_No5_du_13_06_14_cle85d729	floriculture	4.641016132591597
BSV_FC_Vigne10_070611	engrais vert	6.336043276128187
BSV_FC_Vigne12_210611	petits pois	4.343343888761999
BSV_FC_Vigne3_170412	vigne de cuve	6.493434148768591
BSV_GC12_2009_05_12_cle89f412-1	tournesol	4.853844147178665
BSV_GC12_2009_05_12_cle89f412-1	blé tendre d'hiver	4.4881293936523985
BSV_GC12_2009_05_12_cle89f412-1	colza de printemps	3.1825304341362592
BSV_GC12_2009_05_12_cle89f412-1	grande culture	2.701481936057955
BSV_GC1_2010_02_09_cle851931	colza de printemps	3.1935480156473988
BSV_GC_02-09-2014_28_cle05178c	citronnier	9.271080045787894
BSV_GC_02-09-2014_28_cle05178c	maïs grain	6.911878613317007
BSV_GC_02-09-2014_28_cle05178c	laitue romaine	6.295717356349695
BSV_GC_02-09-2014_28_cle05178c	artichaut	5.201051543876846
BSV_GC_02-09-2014_28_cle05178c	maïs popcorn	4.306714668175766
BSV_GC_02-09-2014_28_cle05178c	colza de printemps	3.689178493888259
BSV_GC_02-09-2014_28_cle05178c	grande culture	3.366332898599523
BSV_GC_13_LIM_27avril2010_cle088887-1	triticale d'hiver	7.185979953229745
BSV_GC_13_LIM_27avril2010_cle088887-1	orge de printemps	4.654416334424787
BSV_GC_13_LIM_27avril2010_cle088887-1	maïs popcorn	4.477504163653076
BSV_GC_13_LIM_27avril2010_cle088887-1	blé tendre d'hiver	4.42202113261688
BSV_GC_13_LIM_27avril2010_cle088887-1	floriculture	4.119024515503101
BSV_GC_13_LIM_27avril2010_cle088887-1	céréale à paille	3.7762139508027084
BSV_GC_13_LIM_27avril2010_cle088887-1	colza de printemps	3.1356530974465198
BSV_GC_13_LIM_27avril2010_cle088887-1	grande culture	3.033072895873636
BSV_GC_MP_10_11	féverole d'hiver	6.520770376883279
BSV_GC_MP_10_11	pois protéagineux d'hiver	5.760008334587325
BSV_GC_MP_10_11	féverole protéagineux	5.427187362556845
BSV_GC_MP_10_11	tournesol	5.350152821702159
BSV_GC_MP_10_11	petits pois	4.77093710842407
BSV_GC_MP_10_11	céréale à paille	4.224560245347464
BSV_GC_MP_10_11	grande culture	3.3214468734057196
BSV_GC_MP_10_4	avoine nue d'hiver	7.900565822812409
BSV_GC_MP_10_4	lentille potagère	7.696724149417417
BSV_GC_MP_10_4	plante aromatique	7.212142088071548
BSV_GC_MP_10_4	protéagineux	6.713779988964734
BSV_GC_MP_10_4	blé dur	6.517335077391504
BSV_GC_MP_10_4	féverole d'hiver	6.054421106534537
BSV_GC_MP_10_4	blé tendre	5.324619037878124
BSV_GC_MP_10_4	pois protéagineux de printemps	5.269412438923105
BSV_GC_MP_10_4	féverole protéagineux	5.039048427999849
BSV_GC_MP_10_4	céréale à paille	4.044608709971019
BSV_GC_MP_10_4	grande culture	3.152255899087791
BSV_GC_MP_10_4	colza de printemps	2.8193973063364197
BSV_GC_No37_25_10_2011_cle0c88d7	orge de printemps	4.737072986136762
BSV_GC_No37_25_10_2011_cle0c88d7	colza de printemps	3.191338400896548
BSV_GC_du_11_fevrier_2014_2_cle01b924	lentille potagère	6.81092952348215
BSV_GC_du_11_fevrier_2014_2_cle01b924	blé dur	6.08015971385513
BSV_GC_du_11_fevrier_2014_2_cle01b924	orge d'hiver	5.413494501410941
BSV_GC_du_11_fevrier_2014_2_cle01b924	blé tendre	5.142497854812425
BSV_GC_du_11_fevrier_2014_2_cle01b924	blé tendre d'hiver	4.885732722323787
BSV_GC_du_11_fevrier_2014_2_cle01b924	colza de printemps	3.667018003538941
BSV_GC_du_11_fevrier_2014_2_cle01b924	céréale à paille	3.5791259162847613
BSV_GC_du_11_fevrier_2014_2_cle01b924	grande culture	3.306021473937353
BSV_GC_n7_21avril11_cle825355	salsifis  	8.820764172571517
BSV_GC_n7_21avril11_cle825355	blé dur	6.284717011605349
BSV_GC_n7_21avril11_cle825355	blé tendre d'hiver	5.050105424726813
BSV_GC_n7_21avril11_cle825355	colza de printemps	3.753220168716614
BSV_GC_n_07_du_15_octobre_2013	colza d'hiver	7.9769564999416405
BSV_GC_n_07_du_15_octobre_2013	plante aromatique	7.734550980354495
BSV_GC_n_07_du_15_octobre_2013	artichaut	5.824856093146515
BSV_GC_n_07_du_15_octobre_2013	céréale à paille	4.067810715508432
BSV_GC_n_07_du_15_octobre_2013	colza de printemps	3.6017931055699317
BSV_GC_n_07_du_15_octobre_2013	grande culture	3.3951050901637574
BSV_GC_n_13_du_26_fevrier_2013	grande culture	3.201832131084439
BSV_GC_n_21_du_12_avril_2011	moutarde brune	8.12403140328352
BSV_GC_n_21_du_12_avril_2011	moutarde	8.12403140328352
BSV_GC_n_21_du_12_avril_2011	pois protéagineux d'hiver	6.476831130373025
BSV_GC_n_21_du_12_avril_2011	pois protéagineux de printemps	5.357180597743212
BSV_GC_n_21_du_12_avril_2011	floriculture	4.485267942251013
BSV_GC_n_21_du_12_avril_2011	tournesol	4.421635518280295
BSV_GC_n_21_du_12_avril_2011	grande culture	3.391594681261877
BSV_GC_n_21_du_12_avril_2011	colza de printemps	2.899143272608855
BSV_GC_n_o20_20_07_2010_cle8cac67	maïs grain	7.260013223333737
BSV_GC_n_o20_20_07_2010_cle8cac67	lin fibre de printemps	5.283710233909614
BSV_GC_n_o20_20_07_2010_cle8cac67	maïs popcorn	4.523633470622613
BSV_GC_n_o20_20_07_2010_cle8cac67	grande culture	3.1939961216993638
BSV_GC_no29_28_09_2010_cle023d57	palmier	4.922273582333613
BSV_GC_no29_28_09_2010_cle023d57	colza de printemps	3.1825304341362592
BSV_GC_no29_28_09_2010_cle023d57	grande culture	3.0587430633203754
BSV_GC_no7_29_03_2011_cle47d754	lin fibre de printemps	6.3785995871180186
BSV_GC_no7_29_03_2011_cle47d754	féverole protéagineux	5.525402976768894
BSV_GC_no7_29_03_2011_cle47d754	palmier	5.481863234821244
BSV_GC_no7_29_03_2011_cle47d754	betterave sucrière	5.331197261828039
BSV_GC_no7_29_03_2011_cle47d754	orge de printemps	5.261047604001959
BSV_GC_no7_29_03_2011_cle47d754	petits pois	4.204578563815081
BSV_GC_no7_29_03_2011_cle47d754	colza de printemps	3.0915174743238087
BSV_Grandes_Cultures_Lin__Oleagineux_n11_MG_20132205_VF-1_cle0f1c58	lin oléagineux de printemps	8.255835111342375
BSV_Grandes_Cultures_Lin__Oleagineux_n11_MG_20132205_VF-1_cle0f1c58	lin oléagineux	7.881749707307454
BSV_Grandes_Cultures_Lin__Oleagineux_n11_MG_20132205_VF-1_cle0f1c58	lin oléagineux d'hiver	7.352959899713881
BSV_Grandes_Cultures_Lin__Oleagineux_n11_MG_20132205_VF-1_cle0f1c58	lin fibre de printemps	6.465188933190281
BSV_Grandes_Cultures_Lin__Oleagineux_n11_MG_20132205_VF-1_cle0f1c58	amandier	6.298009554496171
BSV_HP_13-02_cle04e1ee	pomme de terre	3.2212551263370885
BSV_HP_13-02_cle04e1ee	grande culture	2.7089585536704983
BSV_Horti_n_01_du_02_mars_2012	horticulture ornementale	5.2386339051345905
BSV_Horti_n_01_du_02_mars_2012	palmier	4.935896459787731
BSV_Horti_n_06_du_11_mai_2012	horticulture ornementale	6.325050421332357
BSV_Horti_n_06_du_11_mai_2012	arboriculture fruitière	4.765887043532248
BSV_Horti_n_06_du_11_mai_2012	culture légumière	4.02453090251306
BSV_Horticulture_n_01_du_14_mars_2014	horticulture ornementale	5.232599848471053
BSV_Horticulture_n_01_du_14_mars_2014	arboriculture fruitière	4.795530499854004
BSV_Horticulture_n_01_du_14_mars_2014	culture légumière	4.04956317980677
BSV_Horticulture_n_03_du_11_avril_2014	horticulture ornementale	6.182773133319232
BSV_Horticulture_n_03_du_11_avril_2014	arboriculture fruitière	4.777919656439258
BSV_Horticulture_n_03_du_11_avril_2014	culture légumière	4.034691785899493
BSV_JEV_2012-no5_cle422e12	laitue romaine	6.453254855920247
BSV_JEV_2012-no5_cle422e12	rosier odorant	5.331197261828039
BSV_JEV_2012-no5_cle422e12	zone non agricole	5.320887102535087
BSV_JEV_2012-no5_cle422e12	floriculture	4.655875732008629
BSV_JEV_2012-no5_cle422e12	attier	4.107712223944442
BSV_LIN_09_08_cle87e7eb	lin à fibres	8.949017667438888
BSV_LIN_2013_Normandie_No9_cle4ef1af	lin fibre de printemps	6.019385710090007
BSV_Legumes_industries_2012_No13_-_version_2_cle8bf191-1	chou brocoli	8.877308971011852
BSV_Legumes_industries_2012_No13_-_version_2_cle8bf191-1	chou-fleur	7.960130375286992
BSV_Legumes_industries_2012_No13_-_version_2_cle8bf191-1	céleri-rave	6.603633596824286
BSV_Legumes_industries_2014_No13_-_version_2_cle87f962	chou brocoli	8.918144002439163
BSV_Legumes_industries_2014_No13_-_version_2_cle87f962	céleri-rave	6.323995924656571
BSV_Legumes_industries_2014_No13_-_version_2_cle87f962	haricot vert	5.912918761651118
BSV_Legumes_n_09_du_20_decembre_2012	betterave potagère	7.230917192347635
BSV_Legumes_n_09_du_20_decembre_2012	oignon	5.427187362556845
BSV_Legumes_n_09_du_20_decembre_2012	pommier	4.230069655888089
BSV_Legumes_n_09_du_20_decembre_2012	pomme de terre	4.066940770178177
BSV_Legumes_no13ERRATUM_cle816453	houblon	6.8824857163609625
BSV_Legumes_no13ERRATUM_cle816453	chou-fleur	6.8824857163609625
BSV_Legumes_no13ERRATUM_cle816453	haricot vert	6.604584935979502
BSV_Legumes_no13ERRATUM_cle816453	oignon	6.3534327095361895
BSV_Legumes_no13ERRATUM_cle816453	petits pois	5.078347274111384
BSV_Legumes_no13ERRATUM_cle816453	Chou cabus blanc	5.0226840270624225
BSV_Legumes_no13ERRATUM_cle816453	poireau	4.739389542949605
BSV_Legumes_no13_cle4531f2	haricot vert	5.929283347312352
BSV_Legumes_no13_cle4531f2	petits pois	4.340338730650204
BSV_Legumes_no15_cle443171-2	ail	8.189205475403813
BSV_Legumes_no15_cle443171-2	chou-fleur	6.915097589913553
BSV_Legumes_no15_cle443171-2	haricot vert	6.622448704499904
BSV_Legumes_no15_cle443171-2	Chou cabus blanc	5.761240038025491
BSV_Legumes_no15_cle443171-2	petits pois	5.087958132901646
BSV_Legumes_no15_cle443171-2	floriculture	4.101365799827542
BSV_Legumes_no21_cle49da1f-2	chou pommé	8.108701903965244
BSV_Legumes_no21_cle49da1f-2	chou-fleur	6.84711907178914
BSV_Legumes_no21_cle49da1f-2	laitue	6.638776523514561
BSV_Legumes_no21_cle49da1f-2	haricot vert	6.585130108638308
BSV_Legumes_no21_cle49da1f-2	petits pois	5.067862669763409
BSV_Legumes_no21_cle49da1f-2	Chou cabus blanc	4.996874241455544
BSV_Legumes_no21_cle49da1f-2	poireau	4.7150355068701035
BSV_Legumes_no21_cle49da1f-2	arboriculture fruitière	4.650889595320513
BSV_Legumes_no21_cle49da1f-2	grande culture	2.624225843156762
BSV_Legumes_no29_cle43abde	chou de Milan	8.256270727635213
BSV_Legumes_no29_cle43abde	chou de Bruxelles	7.83378552430941
BSV_Legumes_no29_cle43abde	laitue	6.759594436638704
BSV_Legumes_no29_cle43abde	haricot vert	5.848353867557312
BSV_Legumes_no29_cle43abde	Chou cabus blanc	5.788077726871699
BSV_Legumes_no29_cle43abde	poireau	4.800843599404706
BSV_Legumes_no29_cle43abde	petits pois	4.281096941237088
BSV_Legumes_no30_cle49eb49	haricot vert	5.929283347312352
BSV_Legumes_no30_cle49eb49	petits pois	4.340338730650204
BSV_Legumes_no33_cle4e7e9d-1	houblon	8.32395272721155
BSV_Legumes_no33_cle4e7e9d-1	haricot vert	5.868378412858119
BSV_Legumes_no33_cle4e7e9d-1	poireau	5.472234156076186
BSV_Legumes_no33_cle4e7e9d-1	petits pois	4.295755257333949
BSV_Legumes_no3_cle01ea33-1	haricot vert	5.9224537745001
BSV_Legumes_no3_cle01ea33-1	poireau	4.861671324952605
BSV_Legumes_no3_cle01ea33-1	petits pois	4.335339364343271
BSV_Legumes_no5_cle0a7ff2-1	oignon	6.880471355451594
BSV_Legumes_no5_cle0a7ff2-1	haricot vert	5.868378412858119
BSV_Legumes_no5_cle0a7ff2-1	poireau	4.817281508654975
BSV_Legumes_no5_cle0a7ff2-1	petits pois	4.295755257333949
BSV_Legumes_no5_du_8_juillet_2010_cle8f441d	melon	7.717921377663729
BSV_Legumes_no5_du_8_juillet_2010_cle8f441d	culture légumière	4.895021984937953
BSV_Legumes_no7_cle0912d2-1	chou de Bruxelles	9.206513091084041
BSV_Legumes_no7_cle0912d2-1	chou pommé	9.200947545067233
BSV_Legumes_no7_cle0912d2-1	oignon	6.6118051364419355
BSV_Legumes_no7_cle0912d2-1	haricot vert	5.641724960064613
BSV_Legumes_no7_cle0912d2-1	petits pois	5.031280842626036
BSV_Legumes_no7_cle0912d2-1	Chou cabus blanc	4.908053376293613
BSV_Legumes_no7_cle0912d2-1	arboriculture fruitière	4.568218705946948
BSV_Legumes_no7_cle0912d2-1	floriculture	3.988861251773168
BSV_MARAICHAGE_N12_17072014	oignon	6.4327565131985
BSV_MARAICHAGE_N12_17072014	laitue à couper	6.15738127491
BSV_MARAICHAGE_N12_17072014	Chou cabus blanc	5.81743548072465
BSV_MELON_N_13_20062013_V3	grande culture	2.710834178887164
BSV_MELON_N_18_26072012_V3	melon	6.8452399584503185
BSV_MELON_N_18_26072012_V3	grande culture	3.0615334831557197
BSV_Mais_no4s22_cle04eb4b	maïs popcorn	5.153479934610742
BSV_NOIX_SO_2_23avril2014	cocotier	8.932525160219281
BSV_NOIX_SO_2_23avril2014	arboriculture fruitière	4.795530499854004
BSV_NOIX_SO_2_23avril2014	culture légumière	4.04956317980677
BSV_NOIX_SO_6_24_juin_2014	arbre à fruits à pépins	4.395341916827008
BSV_NOIX_SO_9_06092013	arbre à fruits à pépins	4.395341916827008
BSV_N_04-ARBO-2014-03-06_cle811cb8	canne à sucre	7.651033294614723
BSV_N_04-ARBO-2014-03-06_cle811cb8	prunier	7.009570302587161
BSV_N_04-ARBO-2014-03-06_cle811cb8	laitue romaine	6.417410520416592
BSV_N_04-ARBO-2014-03-06_cle811cb8	culture fruitière	5.395488820827822
BSV_N_04-ARBO-2014-03-06_cle811cb8	arboriculture fruitière	5.315095054279447
BSV_N_04-ARBO-2014-03-06_cle811cb8	floriculture	4.8839018885156795
BSV_N_04-ARBO-2014-03-06_cle811cb8	attier	4.084896107365309
BSV_N_04-ARBO-2014-03-06_cle811cb8	culture légumière	3.905607146950995
BSV_N_04-ARBO-2014-03-06_cle811cb8	jardin	3.589693151840014
BSV_N_o26_COLZA_RECOLTE_2011_DRAAF_NORMANDIE_sem_17_v1_cle8f4aef	colza de printemps	3.6090475249064955
BSV_N_o2_COLZA_RECOLTE_2011_NORMANDIE_semaine_36_draaf-JRV_-_cle0f613b	tournesol	4.867277639424144
BSV_N_o2_COLZA_RECOLTE_2011_NORMANDIE_semaine_36_draaf-JRV_-_cle0f613b	colza de printemps	3.191338400896548
BSV_No1-MaraichageFraise-Framboise_cle8d6cc7	fraisier	6.057786999130561
BSV_No11_SEMAINE_45_du_30-10_au_5-11-2013_V1-1_cle47fa8d	lin oléagineux d'hiver	6.792790011015926
BSV_No11_SEMAINE_45_du_30-10_au_5-11-2013_V1-1_cle47fa8d	lin fibre de printemps	6.259845484018589
BSV_No11_SEMAINE_45_du_30-10_au_5-11-2013_V1-1_cle47fa8d	colza de printemps	3.753220168716614
BSV_No18-ARBO-2013-08-01_cle8db614	culture fruitière	6.296939155668369
BSV_No18-ARBO-2013-08-01_cle8db614	fraisier	5.991413762252597
BSV_No18-ARBO-2013-08-01_cle8db614	betterave sucrière	5.44680479096629
BSV_No18-ARBO-2013-08-01_cle8db614	jardin	4.3883175457126775
BSV_No2-Grandes_Cultures_cle8a9796-1	maïs grain	8.859039276822415
BSV_No2-Grandes_Cultures_cle8a9796-1	maïs popcorn	5.163280838641316
BSV_No2-Grandes_Cultures_cle8a9796-1	grande culture	3.398789163012397
BSV_No2-Grandes_Cultures_cle8a9796-1	colza de printemps	2.873257467599981
BSV_No20-Viticulture_cle0b8b97-1	surface toujours en herbe	7.604738329381506
BSV_No25_SEMAINE_18_DU_24-4-13_AU_1-5-13_V1_cle83ad28	lin oléagineux d'hiver	6.0368879358589185
BSV_No25_SEMAINE_18_DU_24-4-13_AU_1-5-13_V1_cle83ad28	lin fibre de printemps	6.009980555987929
BSV_No25_SEMAINE_18_DU_24-4-13_AU_1-5-13_V1_cle83ad28	colza de printemps	3.1825304341362592
BSV_No28-Grandes_cultures_cle08bd81	surface toujours en herbe	8.558444348351719
BSV_No28-Grandes_cultures_cle08bd81	maïs popcorn	4.523633470622613
BSV_No28-Grandes_cultures_cle08bd81	grande culture	3.1939961216993638
BSV_No_12_pomme_de_terre_04_juillet_2014_cle0a2ac3	pomme de terre potagère	6.8342192813047715
BSV_No_12_pomme_de_terre_04_juillet_2014_cle0a2ac3	pommier	5.019707953509998
BSV_No_12_pomme_de_terre_04_juillet_2014_cle0a2ac3	pomme de terre	3.212364590607247
BSV_No_6_pomme_de_terre_16_mai_2014_cle064521	légume tubercule	6.995599512247183
BSV_No_6_pomme_de_terre_16_mai_2014_cle064521	pommier	5.235502677670277
BSV_No_6_pomme_de_terre_16_mai_2014_cle064521	pomme de terre	3.7935489737763213
BSV_Normandie_no2-2014_reduit_cle8658d4	artichaut	5.488145442186983
BSV_Normandie_no2-2014_reduit_cle8658d4	zone non agricole	5.066966995367031
BSV_OLEAGINEUX_No24-14_V1_cle0ec611	colza de printemps	3.1935480156473988
BSV_OLEAGINEUX_No9-14_V1-1_cle4c733d	lin oléagineux de printemps	8.517443356330261
BSV_OLEAGINEUX_No9-14_V1-1_cle4c733d	lin oléagineux d'hiver	7.11941960212457
BSV_OLEAGINEUX_No9-14_V1-1_cle4c733d	lin fibre de printemps	5.250055177949621
BSV_Olivier_PACA_12_31102014_cle8d1ad1	olivier fruit à noyaux	7.599476613601242
BSV_Olivier_PACA_12_31102014_cle8d1ad1	jardin	3.726297060572875
BSV_Ornement_Normandie_10_cle0b371a	arbre à fruits à pépins	4.392300781297851
BSV_Ornement_Normandie_10_cle0b371a	attier	4.240344707407272
BSV_Ornement_Normandie_11_cle0f71e8	arbre à fruits à pépins	4.392300781297851
BSV_Ornement_Normandie_11_cle0f71e8	attier	4.240344707407272
BSV_Ornement_Normandie_n-08-2012_cle0693f1	arbuste à baies	7.213769932069675
BSV_Ornement_Normandie_n-08-2012_cle0693f1	horticulture ornementale	6.3127453507621105
BSV_Ornement_Normandie_n-08-2012_cle0693f1	cerisier	5.73368197792439
BSV_Ornement_Normandie_n-08-2012_cle0693f1	arboriculture fruitière	4.735530307820343
BSV_Ornement_Normandie_n-08-2012_cle0693f1	jardin	3.6754363975111923
BSV_Ornement_Normandie_n-20-2012_cle04a5f3	arbuste à baies	7.213769932069675
BSV_Ornement_Normandie_n-20-2012_cle04a5f3	horticulture ornementale	6.407452557940457
BSV_Ornement_Normandie_n-20-2012_cle04a5f3	Chou cabus blanc	5.087811466990715
BSV_Ornement_Normandie_n-20-2012_cle04a5f3	floriculture	4.134953811837352
BSV_Ornement_Normandie_n-20-2014_cle0bad54	arbuste à baies	7.2783428497009215
BSV_Ornement_Normandie_n-20-2014_cle0bad54	horticulture ornementale	6.182773133319232
BSV_Ornement_Normandie_n-20-2014_cle0bad54	palmier	4.912105670465587
BSV_Ornement_Normandie_n-22-2012_cle0bf1cb	horticulture ornementale	6.417590486656927
BSV_Ornement_Normandie_n-22-2012_cle0bf1cb	arbre à fruits à pépins	4.360121935045815
BSV_Ornement_Normandie_n-25-2014_cle08f311	horticulture ornementale	5.924310227930016
BSV_PACA_12_01102013_cle0519e6	arboriculture fruitière	4.795530499854004
BSV_PACA_12_01102013_cle0519e6	culture légumière	4.04956317980677
BSV_PACA_12_01102013_cle0519e6	jardin	3.722004970685351
BSV_PACA_1_18032014_cle862463	vigne de cuve	6.493434148768591
BSV_PACA_5_03072012_cle819e12	arboriculture fruitière	4.787809807270354
BSV_PACA_5_03072012_cle819e12	jardin	4.207441738248442
BSV_PACA_5_03072012_cle819e12	culture légumière	4.043043477260762
BSV_PACA_Arbo_13_3_aout_2011_cle83d227	jardin	4.7349273540835055
BSV_PACA_Arbo_13_3_aout_2011_cle83d227	arbre à fruits à pépins	4.058167283563454
BSV_PACA_Arbo_13_3_aout_2011_cle83d227	attier	3.9177708949037298
BSV_PACA_Arbo_4_6_mars_2013_cle081942	prunier	7.478897708505459
BSV_PACA_Arbo_4_6_mars_2013_cle081942	jardin	3.71601262923859
BSV_PDT_no_9_31_05_2012_cle8994c1	pommier	4.448754147278754
BSV_POMME_15_LIM_7aout2014	poirier	7.699679010593917
BSV_POMME_15_LIM_7aout2014	attier	4.1824677480765855
BSV_POMPOIR_12_18juin2014	poirier	7.719606401003015
BSV_POMPOIR_12_18juin2014	artichaut	5.331197261828039
BSV_POMPOIR_12_18juin2014	arbre à fruits à pépins	4.254915308904154
BSV_POMPOIR_12_18juin2014	attier	4.107712223944442
BSV_POMPOIR_12_18juin2014	jardin	3.609743320873205
BSV_POMPOI_15_7juin2013	poirier	7.778003677356689
BSV_POMPOI_15_7juin2013	arboriculture fruitière	4.6250564226398785
BSV_POMPOI_15_7juin2013	attier	4.084896107365309
BSV_POMPOI_15_7juin2013	culture légumière	3.905607146950995
BSV_POMPOI_3_LIM_15mars2011_cle05e836	poirier	7.470339324472146
BSV_POMPOI_3_LIM_15mars2011_cle05e836	pommier	4.413106171994666
BSV_POMPOI_3_LIM_15mars2011_cle05e836	attier	4.209279120784359
BSV_PdT_n08_20120601_v2_cle82d17c	pommier	4.384996504999174
BSV_PdT_n08_20120601_v2_cle82d17c	culture légumière	3.998896299792506
BSV_PdT_n08_20120601_v2_cle82d17c	pomme de terre	3.9797704261465605
BSV_Pois_Feverole_2011_no6_V2_cle8d1e15	féverole d'hiver	8.055439014520775
BSV_Pois_Feverole_2011_no6_V2_cle8d1e15	pois protéagineux d'hiver	7.370029873675364
BSV_Pois_Feverole_2011_no6_V2_cle8d1e15	féverole de printemps	6.908323741133794
BSV_Pois_Feverole_2011_no6_V2_cle8d1e15	légume à graines ou à gousses	6.2182621121533455
BSV_Pois_Feverole_2011_no6_V2_cle8d1e15	pois protéagineux de printemps	5.990826738606481
BSV_Pois_Feverole_2011_no6_V2_cle8d1e15	féverole protéagineux	5.009786583384306
BSV_Pois_Feverole_2011_no6_V2_cle8d1e15	artichaut	3.6481045610215883
BSV_Pois_Feverole_2011_no6_V2_cle8d1e15	rosier odorant	3.6481045610215883
BSV_Pois_Feverole_2011_no8_cle4d5c14	féverole d'hiver	7.71502689274704
BSV_Pois_Feverole_2011_no8_cle4d5c14	pois protéagineux d'hiver	7.3838023702857
BSV_Pois_Feverole_2011_no8_cle4d5c14	féverole de printemps	7.127968716254701
BSV_Pois_Feverole_2011_no8_cle4d5c14	légume à graines ou à gousses	6.253428667702783
BSV_Pois_Feverole_2011_no8_cle4d5c14	pois protéagineux de printemps	6.07809275955729
BSV_Pois_Feverole_2011_no8_cle4d5c14	protéagineux	5.110275126959061
BSV_Pois_Feverole_2011_no8_cle4d5c14	féverole protéagineux	5.057425117033011
BSV_Pois_Feverole_2011_no9_cle411b1a	féverole de printemps	7.412611507332044
BSV_Pois_Feverole_2011_no9_cle411b1a	pois protéagineux d'hiver	7.396096144086768
BSV_Pois_Feverole_2011_no9_cle411b1a	féverole d'hiver	6.414954596513116
BSV_Pois_Feverole_2011_no9_cle411b1a	pois protéagineux de printemps	6.146394033976452
BSV_Pois_Feverole_2011_no9_cle411b1a	légume à graines ou à gousses	6.122904127184363
BSV_Pois_Feverole_2011_no9_cle411b1a	protéagineux	5.554805025428686
BSV_Pois_Feverole_2011_no9_cle411b1a	féverole protéagineux	5.339117697043102
BSV_Poitou-Charente_No30-1_cle4f3663	houblon	7.073097178399885
BSV_Pomme_de_terre_22	pomme de terre	3.8073370122077836
BSV_RAISIN_N15_08072014	vigne de table	9.309741757525261
BSV_RAISIN_N15_08072014	artichaut	5.463015931882142
BSV_RAISIN_N17_22072014	vigne de table	9.435134859500803
BSV_RAISIN_N17_22072014	vigne de cuve	7.592287061207124
BSV_RAISIN_N17_22072014	houblon	6.8824857163609625
BSV_RA_2013_MARAICH_07_cle07818c	culture légumière de plein champ	9.372015000069775
BSV_RA_2013_MARAICH_07_cle07818c	échalion	7.803607027350519
BSV_RA_2013_MARAICH_07_cle07818c	courgette	7.185979953229745
BSV_RA_2013_MARAICH_07_cle07818c	céleri-rave	5.503083421142447
BSV_RA_2013_MARAICH_07_cle07818c	culture légumière	4.539303196530883
BSV_RA_2013_MARAICH_07_cle07818c	pommier	4.368103956271586
BSV_RA_2013_MARAICH_07_cle07818c	pomme de terre	3.1650478093224943
BSV_RA_2014_MARAICH_09_cle0489d1	culture légumière de plein champ	9.296396590367053
BSV_RA_2014_MARAICH_09_cle0489d1	poivron	8.108701903965244
BSV_RA_2014_MARAICH_09_cle0489d1	radis noir potager	7.361774840318776
BSV_RA_2014_MARAICH_09_cle0489d1	courgette	7.084834292939268
BSV_RA_2014_MARAICH_09_cle0489d1	céleri-rave	5.4256252303476264
BSV_RA_2014_MARAICH_09_cle0489d1	Chou cabus blanc	4.996874241455544
BSV_RA_2014_MARAICH_09_cle0489d1	poireau	4.7150355068701035
BSV_RA_2014_MARAICH_09_cle0489d1	culture légumière	4.502677680152859
BSV_RA_2014_MARAICH_09_cle0489d1	pommier	4.306621074082921
BSV_RA_2014_MARAICH_09_cle0489d1	pomme de terre	3.1204984433893257
BSV_RA_Arbono16du03062014_cle0a9b1f	culture fruitière	6.270922478813686
BSV_RA_Arbono16du03062014_cle0a9b1f	cerisier	5.711593818426394
BSV_RA_Arbono16du03062014_cle0a9b1f	attier	4.747682309045245
BSV_RA_Arbono16du03062014_cle0a9b1f	jardin	4.485026608723695
BSV_RA_Arbono17du07062011_cle057aed	abricotier pays	8.487896615268578
BSV_RA_Arbono17du07062011_cle057aed	cerisier	6.492598711811401
BSV_RA_Arbono17du07062011_cle057aed	culture fruitière	6.255576546047867
BSV_RA_Arbono17du07062011_cle057aed	jardin	4.368148343138433
BSV_RA_Arbono17du07062011_cle057aed	attier	4.148493782865443
BSV_RA_Arbono20du26062012_cle0e141e	abricotier pays	7.4668742041635925
BSV_RA_Arbono20du26062012_cle0e141e	cerisier	6.50852609797213
BSV_RA_Arbono20du26062012_cle0e141e	culture fruitière	6.270922478813686
BSV_RA_Arbono20du26062012_cle0e141e	jardin	4.375640653428481
BSV_RA_Arbono20du26062012_cle0e141e	attier	4.166355411349429
BSV_RA_Arbono22du02072013_cle01ede7	abricotier pays	8.384229114447384
BSV_RA_Arbono22du02072013_cle01ede7	cerisier	6.755864433767837
BSV_RA_Arbono22du02072013_cle01ede7	culture fruitière	6.179173637751612
BSV_RA_Arbono22du02072013_cle01ede7	arbre à fruits à pépins	4.845867414613478
BSV_RA_Arbono22du02072013_cle01ede7	pommier	4.257162197916181
BSV_RA_Arbono22du02072013_cle01ede7	jardin	4.111089472716961
BSV_RA_Arbono22du02072013_cle01ede7	attier	4.060537692747514
BSV_RA_Arbono22du02072013_cle01ede7	floriculture	4.014408914081155
BSV_RA_Arbono23du17072012_cle0139a2	abricotier pays	8.544019588365012
BSV_RA_Arbono23du17072012_cle0139a2	culture fruitière	6.296939155668369
BSV_RA_Arbono23du17072012_cle0139a2	arbre à fruits à pépins	4.347183559617177
BSV_RA_Arbono23du17072012_cle0139a2	attier	4.196788361498274
BSV_RA_Arbono23du17072012_cle0139a2	jardin	3.68802095451799
BSV_RA_Arbono30du10092013_cle067bb6	culture fruitière	6.284717011605349
BSV_RA_Arbono30du10092013_cle067bb6	cerisier	5.73368197792439
BSV_RA_Arbono30du10092013_cle067bb6	pommier	4.384996504999174
BSV_RA_Arbono30du10092013_cle067bb6	arbre à fruits à pépins	4.33234975579673
BSV_RA_Arbono30du10092013_cle067bb6	attier	4.1824677480765855
BSV_RA_Arbono30du10092013_cle067bb6	jardin	4.181308935480433
BSV_RA_GC_no03_du_08_03_2012_cle81452d	engrais vert	6.266621274117247
BSV_RA_GC_no03_du_08_03_2012_cle81452d	blé dur	5.543280439131922
BSV_RA_GC_no03_du_08_03_2012_cle81452d	tournesol	4.817281508654975
BSV_RA_GC_no03_du_08_03_2012_cle81452d	blé tendre	4.688414302983029
BSV_RA_GC_no03_du_08_03_2012_cle81452d	maïs popcorn	4.5102098854531185
BSV_RA_GC_no03_du_08_03_2012_cle81452d	grande culture	3.045656447603902
BSV_RA_GC_no04_du_15_03_2012_cle8a6195	tournesol	4.861671324952605
BSV_RA_GC_no04_du_15_03_2012_cle8a6195	grande culture	3.0615334831557197
BSV_RA_GC_no07_du_14_03_2013_cle84665e-1	palmier	4.912105670465587
BSV_RA_GC_no07_du_14_03_2013_cle84665e-1	tournesol	4.843817589596256
BSV_RA_GC_no07_du_14_03_2013_cle84665e-1	maïs popcorn	4.535054456891909
BSV_RA_GC_no07_du_14_03_2013_cle84665e-1	grande culture	3.0551628461571583
BSV_RA_GC_no10_du_26_04_2012_cle8938d3	blé dur	5.585353329945399
BSV_RA_GC_no10_du_26_04_2012_cle8938d3	céréale à paille	3.8326675339265632
BSV_RA_GC_no10_du_26_04_2012_cle8938d3	grande culture	3.0587430633203754
BSV_RA_GC_no11_du_11_04_2013_cle8386ed	blé dur	6.316593773419653
BSV_RA_GC_no11_du_11_04_2013_cle8386ed	floriculture	4.1719671951882376
BSV_RA_GC_no11_du_11_04_2013_cle8386ed	grande culture	3.0551628461571583
BSV_RA_GC_no13_du_14102010_cle45f21b	tournesol	4.853844147178665
BSV_RA_GC_no13_du_14102010_cle45f21b	maïs popcorn	4.544441884021505
BSV_RA_GC_no13_du_14102010_cle45f21b	grande culture	3.0587430633203754
BSV_RA_GC_no23_du_17_02_2011_cle8c13b8	tournesol	4.853844147178665
BSV_RA_GC_no23_du_17_02_2011_cle8c13b8	maïs popcorn	4.544441884021505
BSV_RA_GC_no23_du_17_02_2011_cle8c13b8	grande culture	3.0587430633203754
BSV_Tomate_d_industrie_no3-2_cle8599f7	plante aromatique	6.8452399584503185
BSV_Tomate_d_industrie_no3-2_cle8599f7	arboriculture fruitière	4.795530499854004
BSV_Tomate_d_industrie_no3-2_cle8599f7	culture légumière	4.04956317980677
BSV_Tomate_d_industrie_no8_cle46d127-1	tomate	5.4969954770712315
BSV_Tomate_d_industrie_no8_cle46d127-1	arboriculture fruitière	4.795530499854004
BSV_Tomate_d_industrie_no8_cle46d127-1	culture légumière	4.04956317980677
BSV_Vigne_7_-_17_mai_11_cle82a642	engrais vert	6.331659370009861
BSV_Vigne_7_-_17_mai_11_cle82a642	zone non agricole	4.289710904490701
BSV_Vigne_n_05_du_29_avril_2014	zone non agricole	4.292681008973757
BSV_Viti_06	zone non agricole	4.292681008973757
BSV_Viti_No19_du_29_juillet_2014_cle08937a	artichaut	6.213932648492321
BSV_Viti_No19_du_29_juillet_2014_cle08937a	arboriculture fruitière	4.787809807270354
BSV_Viti_No19_du_29_juillet_2014_cle08937a	culture légumière	4.043043477260762
BSV_ZNA_02_002	bigaradier	8.108701903965244
BSV_ZNA_02_002	laurier ornemental	7.693768008794112
BSV_ZNA_02_002	arbuste à baies	7.084834292939268
BSV_ZNA_02_002	légume tubercule	6.84711907178914
BSV_ZNA_02_002	artichaut	6.112066349756489
BSV_ZNA_02_002	rosier odorant	6.112066349756489
BSV_ZNA_02_002	arbre à fruits à pépins	4.878139637943052
BSV_ZNA_02_002	zone non agricole	4.155534310402419
BSV_ZNA_02_002	jardin	3.609743320873205
BSV_ZNA_06_cle0d4871	zone non agricole	4.292681008973757
BSV_ZNA_1107_cle088366	rosier odorant	5.503334425805778
BSV_ZNA_1107_cle088366	zone non agricole	4.289710904490701
BSV_ZNA_N06_05_07_2012_cle034a47	zone non agricole	5.070189866305447
BSV_ZNA_N3_06_08_2010_cle4c36c7	zone non agricole	5.330472236720624
BSV_ZNA_N3_06_08_2010_cle4c36c7	tournesol	4.761846599725433
BSV_ZNA_N3_06_08_2010_cle4c36c7	floriculture	4.101365799827542
BSV_ZNA_N3_06_08_2010_cle4c36c7	céréale à paille	3.7600249021004424
BSV_ZNA_N7_03_08_2011_cle431c59	topinambour	6.915097589913553
BSV_ZNA_N7_03_08_2011_cle431c59	zone non agricole	5.290772250697408
BSV_ZNA_N7_03_08_2011_cle431c59	tournesol	4.761846599725433
BSV_ZNA_N7_03_08_2011_cle431c59	floriculture	4.101365799827542
BSV_ZNA_N7_03_08_2011_cle431c59	céréale à paille	3.7600249021004424
BSV_ZNA_n_07_du_28_juin_2013	rosier odorant	6.623895233046554
BSV_ZNA_n_07_du_28_juin_2013	laitue à couper	6.079243492591674
BSV_ZNA_n_07_du_28_juin_2013	horticulture ornementale	5.147225573574054
BSV_ZNA_n_07_du_28_juin_2013	arboriculture fruitière	4.717287379602584
BSV_ZNA_n_07_du_28_juin_2013	zone non agricole	4.214860223233473
BSV_ZNA_n_07_du_28_juin_2013	culture légumière	3.983491144845677
BSV_ZNA_n_10_du_13_septembre_2013	rosier odorant	6.462344105025844
BSV_ZNA_n_10_du_13_septembre_2013	laitue à couper	6.079243492591674
BSV_ZNA_n_10_du_13_septembre_2013	artichaut	5.407307364745162
BSV_ZNA_n_10_du_13_septembre_2013	horticulture ornementale	5.147225573574054
BSV_ZNA_n_10_du_13_septembre_2013	arboriculture fruitière	4.717287379602584
BSV_ZNA_n_10_du_13_septembre_2013	zone non agricole	4.214860223233473
BSV_ZNA_n_10_du_13_septembre_2013	culture légumière	3.983491144845677
BSV_ZNA_n_12_du_18_octobre_2013	rosier odorant	6.631719154137366
BSV_ZNA_n_12_du_18_octobre_2013	laitue à couper	6.102753445182897
BSV_ZNA_n_12_du_18_octobre_2013	arboriculture fruitière	4.735530307820343
BSV_ZNA_n_12_du_18_octobre_2013	zone non agricole	4.231160140179982
BSV_ZNA_n_12_du_18_octobre_2013	culture légumière	3.998896299792506
BSV_ZNAetPO-53_cle8973eb	laurier ornemental	9.883675379779648
BSV_ZNAetPO-53_cle8973eb	artichaut	5.428218772545532
BSV_arbo_04	culture fruitière	6.329765158391306
BSV_arbo_04	attier	4.235460517998207
BSV_arbo_17	culture fruitière	6.539614648098304
BSV_arbo_17	attier	4.951107732178988
BSV_arbo_17	floriculture	4.655875732008629
BSV_arbo_17	arboriculture fruitière	4.650889595320513
BSV_arbo_17	arbre à fruits à pépins	4.254915308904154
BSV_arbo_17	culture légumière	3.927421848141671
BSV_arbo_17	jardin	3.609743320873205
BSV_arbo_1_cle0a7af5	poirier	6.891880071697283
BSV_arbo_1_cle0a7af5	cerisier	6.475085208021656
BSV_arbo_1_cle0a7af5	prunier	6.165294530289819
BSV_arbo_1_cle0a7af5	engrais vert	6.165294530289819
BSV_arbo_1_cle0a7af5	culture fruitière	5.4536495946225525
BSV_arbo_1_cle0a7af5	pommier	4.952005729662955
BSV_arbo_1_cle0a7af5	arbre à fruits à pépins	4.276892738511479
BSV_arbo_1_cle0a7af5	jardin	3.628388317065957
BSV_arboriculture_no09_du_14_avril_2011_cle87424a	floriculture	4.713220710989114
BSV_arboriculture_no09_du_14_avril_2011_cle87424a	attier	4.196788361498274
BSV_arboriculture_no09_du_14_avril_2011_cle87424a	jardin	4.189440496549462
BSV_arboriculture_no09_du_14_avril_2011_cle87424a	pomme de terre	3.188166754465157
BSV_arboriculture_no09_du_14_avril_2011_cle87424a	grande culture	2.68113243481495
BSV_arboriculture_no12_du_28_avril_2011_cle88e81d	jardin	4.553323298264463
BSV_arboriculture_no12_du_28_avril_2011_cle88e81d	zone non agricole	4.214860223233473
BSV_arboriculture_no12_du_28_avril_2011_cle88e81d	culture légumière	3.983491144845677
BSV_arboriculture_no12_du_28_avril_2011_cle88e81d	pomme de terre	3.1650478093224943
BSV_arboriculture_no12_du_28_avril_2011_cle88e81d	grande culture	2.66169024171326
BSV_bilan_2013_Fruits_a_coque_cle823adf	cocotier	10.106747747095106
BSV_bilan_2013_Fruits_a_coque_cle823adf	arbre à fruits à pépins	4.387241563135713
BSV_cereales_paille_07_003	orge d'hiver	6.742109943160977
BSV_cereales_paille_07_003	blé tendre d'hiver	5.659037378400413
BSV_cereales_paille_07_003	céréale à paille	4.675232431198843
BSV_cereales_paille_20_001	blé dur	6.537951843554149
BSV_cereales_paille_20_001	blé tendre	5.6458694485918475
BSV_cereales_paille_20_001	orge d'hiver	5.185189267912193
BSV_cereales_paille_20_001	céréale à paille	4.781517234378857
BSV_cereales_paille_20_001	blé tendre d'hiver	4.763486704359001
BSV_cereales_paille_20_001	orge de printemps	4.225445714958737
BSV_colza_Normandie_V1-2_N_o7_SEMAINE_42_du_12-10-11_au_18-10-11_cle8ef65b	colza de printemps	3.1935480156473988
BSV_colza_Normandie_V1_N_o15_SEMAINE_10_du_29-2_au_6-3-12_cle0a6d5f	colza de printemps	3.1935480156473988
BSV_colza_normandie_No6_semaine_41_du_3-10_au_9-10-2012_v1_cle8199f1	colza de printemps	3.1935480156473988
BSV_grandes_cultures_12-20_cle48bba7	légume à graines ou à gousses	6.962518778953114
BSV_grandes_cultures_12-20_cle48bba7	pois protéagineux de printemps	4.919741362208887
BSV_grandes_cultures_12-20_cle48bba7	tournesol	4.782349061417272
BSV_grandes_cultures_12-20_cle48bba7	pomme de terre	3.782590238175619
BSV_grandes_cultures_12-20_cle48bba7	grande culture	2.66169024171326
BSV_grandes_cultures_12-30_cle4692e1	betterave sucrière	6.213932648492321
BSV_grandes_cultures_12-30_cle4692e1	pomme de terre	3.212364590607247
BSV_grandes_cultures_12-30_cle4692e1	grande culture	2.701481936057955
BSV_grandes_cultures_12-36_cle41c945	orge d'hiver	5.796980912642729
BSV_grandes_cultures_12-36_cle41c945	pomme de terre	3.212364590607247
BSV_grandes_cultures_12-36_cle41c945	colza de printemps	3.1825304341362592
BSV_grandes_cultures_12-36_cle41c945	grande culture	2.701481936057955
BSV_grandes_cultures_13-32_cle427651	culture légumière	4.034691785899493
BSV_grandes_cultures_13-32_cle427651	colza de printemps	3.59919072911725
BSV_grandes_cultures_13-32_cle427651	pomme de terre	3.2057288277836427
BSV_grandes_cultures_13-32_cle427651	grande culture	2.6959015005580906
BSV_grandes_cultures_13-36_cle4e21eb	orge d'hiver	5.711593818426394
BSV_grandes_cultures_13-36_cle4e21eb	blé tendre	4.654416334424787
BSV_grandes_cultures_13-36_cle4e21eb	céréale à paille	4.303104848078511
BSV_grandes_cultures_13-36_cle4e21eb	culture légumière	3.983491144845677
BSV_grandes_cultures_13-36_cle4e21eb	colza de printemps	3.573167257285914
BSV_grandes_cultures_13-36_cle4e21eb	pomme de terre	3.1650478093224943
BSV_grandes_cultures_13-36_cle4e21eb	grande culture	2.66169024171326
BSV_juin2013_cle08ce1a-1	bananier plantain	11.494756244764103
BSV_juin2013_cle08ce1a-1	piment	11.21580259205215
BSV_juin2013_cle08ce1a-1	goyavier	8.222617195863647
BSV_juin2013_cle08ce1a-1	canne à sucre	8.097825012365197
BSV_juin2013_cle08ce1a-1	plante aromatique	8.030154300389663
BSV_juin2013_cle08ce1a-1	laitue	6.987428074536541
BSV_juin2013_cle08ce1a-1	tomate	6.047438029348357
BSV_juin2013_cle08ce1a-1	zone non agricole	4.713825991944712
BSV_juin2013_cle08ce1a-1	jardin	4.094708554706445
BSV_juin2013_cle08ce1a-1	arbre à fruits à pépins	3.681603947688505
BSV_legumes_11_002	pomme de terre potagère	7.825993055622645
BSV_legumes_11_002	cerfeuil anisé	6.695680936292094
BSV_legumes_11_002	céleri	6.484288701067322
BSV_legumes_11_002	oignon	6.282844193718318
BSV_legumes_11_002	légume tubercule	5.73292520720157
BSV_legumes_11_002	céleri-rave	5.596795502140622
BSV_legumes_11_002	échalion	5.4208814772401865
BSV_legumes_11_002	betterave potagère	5.1869654538429195
BSV_legumes_11_002	Chou cabus blanc	5.154518067874156
BSV_legumes_11_002	petits pois	4.337226659654372
BSV_legumes_11_002	culture légumière de plein champ	3.8721944947298583
BSV_legumes_11_002	poivron	3.8721944947298583
BSV_legumes_11_002	céleri à cotes	3.6740487540691023
BSV_legumes_11_002	poirée	3.6740487540691023
BSV_legumes_11_002	radis noir potager	3.5155101699056526
BSV_legumes_11_002	courgette	3.3832611767090963
BSV_legumes_11_002	chanvre oléagineux	3.269743676429441
BSV_legumes_11_002	chou-fleur	3.269743676429441
BSV_legumes_11_002	pommier	3.034362666420903
BSV_legumes_11_002	tomate	2.5458369208855194
BSV_legumes_11_002	betterave sucrière	2.5458369208855194
BSV_legumes_11_002	poireau	2.251597696942107
BSV_legumes_11_002	pomme de terre	1.4901493526844825
BSV_legumes_11_002	grande culture	1.2531614780203406
BSV_legumes_27_001	laitue à couper	7.244673524522787
BSV_legumes_27_001	Chou navet	6.977843176826499
BSV_legumes_27_001	navet potager	6.977843176826499
BSV_legumes_27_001	fraisier	6.949069900280498
BSV_legumes_27_001	oignon	6.6786631894014254
BSV_legumes_27_001	céleri	6.33029069436714
BSV_legumes_27_001	laitue beurre pommée	6.197073836244365
BSV_legumes_27_001	poirée	6.197073836244365
BSV_legumes_27_001	Chou cabus blanc	6.12746832156222
BSV_legumes_27_001	radis noir potager	5.92966439839561
BSV_legumes_27_001	chanvre oléagineux	5.515126321060584
BSV_legumes_27_001	pomme de terre potagère	5.347313338733445
BSV_legumes_27_001	poireau	3.797804033496928
BSV_legumes_27_001	pommier	3.4688398129905282
BSV_legumes_frais_no8_18_mai_2012_cle8f7dbc	chou-fleur	7.068203304945338
BSV_legumes_frais_no8_18_mai_2012_cle8f7dbc	culture légumière	4.054232998710784
BSV_legumes_no24_cle46aed9	céleri	6.993377422697313
BSV_legumes_no24_cle46aed9	betterave potagère	6.989838329642117
BSV_legumes_no24_cle46aed9	fraisier	6.524188874582323
BSV_legumes_no24_cle46aed9	oignon	6.520478918228276
BSV_legumes_no24_cle46aed9	légume tubercule	6.501184343956771
BSV_legumes_no24_cle46aed9	laitue batavia	6.360860561023767
BSV_legumes_no24_cle46aed9	culture industrielle	6.360860561023767
BSV_legumes_no24_cle46aed9	céleri-rave	6.250906950289534
BSV_legumes_no24_cle46aed9	scorsonère	5.9537910576787985
BSV_legumes_no24_cle46aed9	échalion	5.649127038227096
BSV_legumes_no24_cle46aed9	poirée	5.649127038227096
BSV_legumes_no24_cle46aed9	betterave sucrière	5.61000546741775
BSV_legumes_no24_cle46aed9	tomate	5.61000546741775
BSV_legumes_no24_cle46aed9	topinambour	5.02747749063817
BSV_legumes_no24_cle46aed9	pomme de terre potagère	4.874502573624064
BSV_legumes_no24_cle46aed9	Chou cabus blanc	4.744418820042984
BSV_legumes_no24_cle46aed9	laitue à couper	4.400839081927181
BSV_legumes_no24_cle46aed9	haricot vert	4.21738556152908
BSV_legumes_no24_cle46aed9	poireau	3.4620012635701363
BSV_legumes_no24_cle46aed9	pomme de terre	2.291217009552015
BSV_lin_01	lin oléagineux	7.819411518775293
BSV_lin_01	lin oléagineux de printemps	6.971728573891816
BSV_lin_01	lin fibre de printemps	5.972652020911272
BSV_lin_01	lin oléagineux d'hiver	5.970969385994373
BSV_lin_18	lin oléagineux de printemps	8.323136388689603
BSV_lin_18	lin oléagineux	7.641028631166366
BSV_lin_18	lin oléagineux d'hiver	7.431036380873636
BSV_lin_18	lin fibre de printemps	6.389165380019958
BSV_mais_07	amandier	7.599476613601242
BSV_mais_07	maïs popcorn	4.557019074997964
BSV_maraich_12-09_cle09e4cd	laitue beurre pommée	7.770152097130723
BSV_maraich_12-09_cle09e4cd	céleri	6.3483831339880155
BSV_maraich_12-09_cle09e4cd	fraisier	5.922467516185608
BSV_maraich_12-09_cle09e4cd	Chou cabus blanc	5.761240038025491
BSV_maraich_12-09_cle09e4cd	oignon	5.580259435735486
BSV_maraich_12-09_cle09e4cd	tomate	5.384125637381072
BSV_maraich_12-09_cle09e4cd	poireau	4.761846599725433
BSV_maraich_12-09_cle09e4cd	pomme de terre	3.1514788977624835
BSV_maraich_12-09_cle09e4cd	grande culture	2.6502792799629913
BSV_maraich_12-20_cle082e21	olivier fruit à noyaux	7.590723249016106
BSV_maraich_12-20_cle082e21	pomme de terre	3.2175447628507268
BSV_maraich_12-20_cle082e21	grande culture	2.705838272752223
BSV_maraichage_13-04_cle0b1abb	pomme de terre	3.2212551263370885
BSV_maraichage_13-04_cle0b1abb	grande culture	2.7089585536704983
BSV_maraichage_14-04_cle058f22	pomme de terre	3.2212551263370885
BSV_maraichage_14-04_cle058f22	grande culture	2.7089585536704983
BSV_maraichage_no02_du_4_mai_2011_cle83f85e	céleri	6.441402102856198
BSV_maraichage_no02_du_4_mai_2011_cle83f85e	oignon	6.423566993641689
BSV_maraichage_no02_du_4_mai_2011_cle83f85e	tomate	5.463015931882142
BSV_maraichage_no02_du_4_mai_2011_cle83f85e	pomme de terre	3.197655587368731
BSV_maraichage_no02_du_4_mai_2011_cle83f85e	grande culture	2.689112198618296
BSV_maraichage_no06_du_29_juin_2011_cle013a3c	céleri	6.4003730269539725
BSV_maraichage_no06_du_29_juin_2011_cle013a3c	oignon	6.400293534806014
BSV_maraichage_no06_du_29_juin_2011_cle013a3c	tomate	5.428218772545532
BSV_maraichage_no06_du_29_juin_2011_cle013a3c	Chou cabus blanc	5.087811466990715
BSV_maraichage_no06_du_29_juin_2011_cle013a3c	poireau	4.800843599404706
BSV_maraichage_no06_du_29_juin_2011_cle013a3c	pomme de terre	3.177287839523095
BSV_maraichage_no06_du_29_juin_2011_cle013a3c	grande culture	2.671983662510018
BSV_no10_cle86dd7f-4	vigne de cuve	6.493434148768591
BSV_no12_du_06-05-14_cle0cdc21	lin oléagineux de printemps	8.520245441171912
BSV_no12_du_06-05-14_cle0cdc21	lin oléagineux d'hiver	7.453948209890181
BSV_no12_du_06-05-14_cle0cdc21	lin oléagineux	6.042955350819273
BSV_no12_du_06-05-14_cle0cdc21	lin fibre de printemps	5.778251930096695
BSV_no12_du_06-05-14_cle0cdc21	blé tendre	4.411493189939022
BSV_no12_du_06-05-14_cle0cdc21	orge de printemps	4.411493189939022
BSV_no12_du_06-05-14_cle0cdc21	grande culture	2.5227713920216654
BSV_no13_cle855127	pâtisson 	7.933041279263161
BSV_no13_cle855127	palmier	5.578310624411267
BSV_no15_du_27-05-14_cle0f3e54	lin oléagineux de printemps	7.769428961687892
BSV_no15_du_27-05-14_cle0f3e54	lin oléagineux d'hiver	7.017272511231445
BSV_no15_du_27-05-14_cle0f3e54	maïs grain	6.958899342204051
BSV_no15_du_27-05-14_cle0f3e54	chanvre oléagineux	6.725409576925824
BSV_no15_du_27-05-14_cle0f3e54	lin oléagineux	6.174240662864039
BSV_no15_du_27-05-14_cle0f3e54	lin fibre de printemps	5.850762880065936
BSV_no15_du_27-05-14_cle0f3e54	blé tendre	4.5073344176829915
BSV_no15_du_27-05-14_cle0f3e54	orge de printemps	4.5073344176829915
BSV_no15_du_27-05-14_cle0f3e54	blé tendre d'hiver	4.282283022115771
BSV_no15_du_27-05-14_cle0f3e54	colza de printemps	3.036564869262313
BSV_no15_du_27-05-14_cle0f3e54	grande culture	2.577579480149318
BSV_no2_cle086bf7	betterave sucrière	5.507144817371496
BSV_no4_proteagineux_Normandie_R2013_ok_cle8b7b1e	légume à graines ou à gousses	6.653298177279769
BSV_no4_proteagineux_Normandie_R2013_ok_cle8b7b1e	féverole de printemps	6.245237813004444
BSV_no4_proteagineux_Normandie_R2013_ok_cle8b7b1e	féverole protéagineux	5.625958802749572
BSV_no4_proteagineux_Normandie_R2013_ok_cle8b7b1e	petits pois	5.104518799498595
BSV_no4_proteagineux_Normandie_R2013_ok_cle8b7b1e	pois protéagineux de printemps	4.938767230530753
BSV_no9_du_15-04-14_cle81cb1c	lin oléagineux de printemps	8.676508841543603
BSV_no9_du_15-04-14_cle81cb1c	lin oléagineux d'hiver	7.361581259231069
BSV_no9_du_15-04-14_cle81cb1c	lin fibre de printemps	6.075285413589775
BSV_no9_du_15-04-14_cle81cb1c	lin oléagineux	5.9458979985765605
BSV_no9_du_15-04-14_cle81cb1c	blé tendre	4.340639141945073
BSV_no9_du_15-04-14_cle81cb1c	orge de printemps	4.340639141945073
BSV_no9_du_15-04-14_cle81cb1c	grande culture	2.4822525568808285
BSV_oleagineux_05_002	céréale à paille	3.838847989917077
BSV_oleagineux_05_002	colza de printemps	3.6066957750929936
BSV_oleagineux_09_002	artichaut	6.213932648492321
BSV_oleagineux_09_002	céréale à paille	3.8326675339265632
BSV_oleagineux_09_002	colza de printemps	3.1825304341362592
BSV_olive_PACA_No_10_26oct2010_cle02435e	cameline	9.798611809425307
BSV_olive_PACA_No_10_26oct2010_cle02435e	olivier fruit à noyaux	7.590723249016106
BSV_olive_PACA_No_10_26oct2010_cle02435e	jardin	3.722004970685351
BSV_pdt_09_01_cle8a7831	pomme de terre	3.9850694689889257
BSV_pdt_09_13_cle841d32	blé tendre d'hiver	4.467578827885631
BSV_pdt_09_13_cle841d32	pomme de terre	3.9461998353451717
BSV_pdt_09_17_cle8f8bac	pommier	4.42424810586765
BSV_pdt_09_17_cle8f8bac	pomme de terre	3.8922772149386815
BSV_pdt_10_02_cle8c52fe	plante aromatique	6.8452399584503185
BSV_pdt_10_02_cle8c52fe	pommier	4.440555358024017
BSV_pdt_10_02_cle8c52fe	pomme de terre	3.2175447628507268
BSV_pdt_13_17_cle8cef33	pomme de terre	3.223485454791573
BSV_pdt_14_12_cle8b18c9	pomme de terre	3.642880002175016
BSV_pois_08_cle47b73e	pois protéagineux d'hiver	7.5309660979220805
BSV_pois_08_cle47b73e	pois protéagineux de printemps	6.139204070175894
BSV_pois_08_cle47b73e	légume à graines ou à gousses	5.641724960064613
BSV_pomme_de_terre_n_16_du_20juin_2012_cle872188	pomme de terre	3.642880002175016
BSV_pomme_de_terre_n_o25_du_24_aout_2010_cle04fc6d	pomme de terre	3.8073370122077836
BSV_pomme_de_terre_n_o5_du_12_avril_2011-1_cle08321f	pomme de terre	3.9486542480791904
BSV_pomme_de_terre_n_o7_du_24_avril_2012_cle0cdf41	pomme de terre	3.642880002175016
BSV_proteagineux_14_002	protéagineux	8.32071311829411
BSV_proteagineux_14_002	légume à graines ou à gousses	6.492008363018753
BSV_proteagineux_14_002	pois protéagineux de printemps	6.253425475793598
BSV_proteagineux_14_002	pois protéagineux d'hiver	5.721088416800159
BSV_proteagineux_14_002	petits pois	4.752263247882687
BSVarbo10_cle814295	cerisier	6.814312838854357
BSVarbo10_cle814295	prunier	6.194508075209837
BSVarbo10_cle814295	poirier	6.05318110040291
BSVarbo10_cle814295	arbre à fruits à pépins	4.905784546806132
BSVarbo10_cle814295	pommier	4.349377409363509
BSVarbo10_cle814295	attier	4.148493782865443
BSVarbo10_cle814295	jardin	3.645581021253423
BSVarbo12	poirier	7.373325634110669
BSVarbo12	cerisier	6.389725925822446
BSVarbo12	prunier	6.02458655017787
BSVarbo12	attier	4.661022830826003
BSVarbo12	jardin	4.440649560847606
BSVarbo12	pommier	4.230069655888089
BSVarbo12	arbre à fruits à pépins	4.179282975436117
BSVarbo15_cle897df1-2	cerisier	7.068127604650854
BSVarbo15_cle897df1-2	prunier	7.009570302587161
BSVarbo15_cle897df1-2	poirier	5.960383987157374
BSVarbo15_cle897df1-2	pommier	4.921660663487824
BSVarbo15_cle897df1-2	arbre à fruits à pépins	4.231281558916412
BSVarbo15_cle897df1-2	jardin	4.125260012900658
BSVarbo3_cle8618a5-3	poirier	7.276550874047524
BSVarbo3_cle8618a5-3	cerisier	7.004907169373755
BSVarbo3_cle8618a5-3	arbre à fruits à pépins	4.33234975579673
BSVarbo5_cle8dc254-1	poirier	7.285718130367191
BSVarbo5_cle8dc254-1	cerisier	6.977725214634003
BSVarbo5_cle8dc254-1	prunier	6.808778086608562
BSVarbo5_cle8dc254-1	floriculture	4.508072189749402
BSVarbo5_cle8dc254-1	arboriculture fruitière	4.399271739457961
BSVarbo5_cle8dc254-1	jardin	4.387887178941446
BSVarbo5_cle8dc254-1	arbre à fruits à pépins	4.024720064540494
BSVarbo5_cle8dc254-1	culture légumière	3.7149443329816823
BSVleg18	palmier	4.922273582333613
BSVleg18	blé tendre d'hiver	4.4881293936523985
BSVleg18	pomme de terre	3.637188084519963
BSVleg22_cle8a58a1	tomate	5.507144817371496
BSVleg2_cle055aaa	laitue beurre pommée	7.903908413196296
BSVleg2_cle055aaa	pomme de terre potagère	6.820101874342982
BSVleg2_cle055aaa	laitue à couper	6.15738127491
BSVleg2_cle055aaa	pomme de terre	3.6329308053250533
BSVleg3_cle037b91-1	oignon	5.697240916176445
BSVleg3_cle037b91-1	pomme de terre	3.6405062062339537
BSVleg9	haricot vert	6.622448704499904
BSVleg9	engrais vert	6.194508075209837
BSVleg9	laitue à couper	6.05318110040291
BSVleg9	blé tendre d'hiver	4.403063436784215
BSVleg9	zone non agricole	4.1967906492325975
BSVleg9	pomme de terre	3.8720450586430366
BSVn10	culture fourragère	9.552155059652359
BSVn10	orge de printemps	4.612606026999073
BSVn10	céréale à paille	4.496765209585043
BSVn10	blé tendre d'hiver	4.382298415585687
BSVn10	colza de printemps	3.5548082784285095
BSVn10	grande culture	3.169575726789513
BSVn10_26-10-11_2_cle0f4be8	céréale à paille	4.312570651735522
BSVn10_26-10-11_2_cle0f4be8	colza de printemps	3.9033743854549487
BSVn10_26-10-11_2_cle0f4be8	grande culture	2.671983662510018
BSVno30_18-06-14_cle428c1a	maïs grain	7.084834292939268
BSVno30_18-06-14_cle428c1a	pois protéagineux de printemps	5.560953650519778
BSVno30_18-06-14_cle428c1a	maïs popcorn	5.548715243837345
BSVno30_18-06-14_cle428c1a	orge de printemps	4.588903486284906
BSVno30_18-06-14_cle428c1a	blé tendre d'hiver	4.359779343718492
BSVno30_18-06-14_cle428c1a	céréale à paille	3.723062166921043
BSVno30_18-06-14_cle428c1a	grande culture	2.624225843156762
Bsv_lin_18_a_cle09d729	palmier	5.578310624411267
Bsv_lin_18_a_cle09d729	lin fibre de printemps	5.316574511242471
Bul_leg_no4_cle4be3c9	Chou cabus blanc	6.319075194748373
Bul_leg_no4_cle4be3c9	culture légumière	4.02453090251306
Bulletin-de-sante-du-vegetal-no1-1842	arbuste à baies	8.601259148985037
Bulletin-de-sante-du-vegetal-no1-1842	zone non agricole	5.0449772046032555
Bulletin-de-sante-du-vegetal-no1-1842	arbre à fruits à pépins	4.33234975579673
Bulletin-de-sante-du-vegetal-no1-1842	attier	4.1824677480765855
Bulletin-de-sante-du-vegetal-no12-1820	vigne de table	9.509024329903003
Bulletin-de-sante-du-vegetal-no24-1675	blé dur	6.158671141972158
Bulletin-de-sante-du-vegetal-no24-1675	pois protéagineux d'hiver	5.763591958769237
Bulletin-de-sante-du-vegetal-no24-1675	blé tendre	5.699472743487163
Bulletin-de-sante-du-vegetal-no24-1675	lentille potagère	5.490225262537224
Bulletin-de-sante-du-vegetal-no24-1675	pois protéagineux de printemps	4.767239162687425
Bulletin-de-sante-du-vegetal-no24-1675	petits pois	4.538277063480692
Bulletin-de-sante-du-vegetal-no24-1675	maïs popcorn	4.338710437916034
Bulletin-de-sante-du-vegetal-no24-1675	féverole protéagineux	4.281780738187125
Bulletin-de-sante-du-vegetal-no24-1675	céréale à paille	3.659158827176762
Bulletin-de-sante-du-vegetal-no24-1675	tournesol	3.6538055772704223
Bulletin-de-sante-du-vegetal-no24-1675	blé tendre d'hiver	3.378508191197353
Bulletin-de-sante-du-vegetal-no24-1675	grande culture	3.2840630159675364
Bulletin-de-sante-du-vegetal-no24	houblon	7.016420278519547
Bulletin-de-sante-du-vegetal-no24	jardin	4.393488539587736
Bulletin-de-sante-du-vegetal-no24	arbre à fruits à pépins	4.360121935045815
Bulletin-de-sante-du-vegetal-no24	attier	4.209279120784359
COMPIL-BSV_-_Legumes_no18_cle04e91c	pomme de terre potagère	6.8459408841065175
COMPIL-BSV_-_Legumes_no18_cle04e91c	betterave potagère	6.801549870245205
COMPIL-BSV_-_Legumes_no18_cle04e91c	oignon	6.665512966532596
COMPIL-BSV_-_Legumes_no18_cle04e91c	fraisier	6.420063915916222
COMPIL-BSV_-_Legumes_no18_cle04e91c	légume tubercule	6.326058979584915
COMPIL-BSV_-_Legumes_no18_cle04e91c	melon	6.13357112673418
COMPIL-BSV_-_Legumes_no18_cle04e91c	céleri-rave	5.939869308858241
COMPIL-BSV_-_Legumes_no18_cle04e91c	scorsonère	5.709341375890231
COMPIL-BSV_-_Legumes_no18_cle04e91c	céleri à cotes	5.417186196921156
COMPIL-BSV_-_Legumes_no18_cle04e91c	échalion	5.417186196921156
COMPIL-BSV_-_Legumes_no18_cle04e91c	haricot vert	5.306722874754476
COMPIL-BSV_-_Legumes_no18_cle04e91c	pommier	4.895909532185737
COMPIL-BSV_-_Legumes_no18_cle04e91c	céleri	4.425958855928476
COMPIL-BSV_-_Legumes_no18_cle04e91c	poireau	4.356225208670635
COMPIL-BSV_-_Legumes_no18_cle04e91c	petits pois	4.335783286047586
COMPIL-BSV_-_Legumes_no18_cle04e91c	betterave sucrière	3.7536988620956944
COMPIL-BSV_-_Legumes_no18_cle04e91c	pomme de terre	3.2178742267830276
ED30Szj0vP8Pl70r449z76rF	engrais vert	6.331659370009861
ED30Szj0vP8Pl70r449z76rF	jardin	3.726297060572875
JV_19_du_060813	engrais vert	7.478897708505459
JV_19_du_060813	artichaut	5.488145442186983
Lettre_liaison_Ecophyto_1	soja oléoprotéagineux	9.503069934479258
Lettre_liaison_Ecophyto_1	grande culture	3.4182442568815086
Note_nationale_Ambroisie_1_BSV_21_cle812a7a	topinambour	7.016420278519547
Note_nationale_Ambroisie_1_BSV_21_cle812a7a	tournesol	4.83161902071299
Note_nationale_Ambroisie_1_BSV_21_cle812a7a	zone non agricole	4.831023755095615
Note_nationale_Ambroisie_1_BSV_21_cle812a7a	floriculture	4.161460600282902
Note_nationale_Ambroisie_1_BSV_21_cle812a7a	céréale à paille	3.8151182434962316
Note_nationale_Ambroisie_cle82f191	topinambour	7.016420278519547
Note_nationale_Ambroisie_cle82f191	tournesol	4.83161902071299
Note_nationale_Ambroisie_cle82f191	zone non agricole	4.831023755095615
Note_nationale_Ambroisie_cle82f191	floriculture	4.161460600282902
Note_nationale_Ambroisie_cle82f191	céréale à paille	3.8151182434962316
Note_nationale_BSV_Ambroisie_2011_cle8ded6f-2	topinambour	7.016420278519547
Note_nationale_BSV_Ambroisie_2011_cle8ded6f-2	tournesol	4.83161902071299
Note_nationale_BSV_Ambroisie_2011_cle8ded6f-2	zone non agricole	4.831023755095615
Note_nationale_BSV_Ambroisie_2011_cle8ded6f-2	floriculture	4.161460600282902
Note_nationale_BSV_Ambroisie_2011_cle8ded6f-2	céréale à paille	3.8151182434962316
Note_nationale_BSV_Hannetons_et_vers_blancs_cle8bf378-1	bigaradier	8.15058485870426
Note_nationale_BSV_Hannetons_et_vers_blancs_cle8bf378-1	surface toujours en herbe	7.399799777736332
Note_nationale_BSV_Hannetons_et_vers_blancs_cle8bf378-1	laitue romaine	6.486587118500731
Note_nationale_BSV_Hannetons_et_vers_blancs_cle8bf378-1	vigne de cuve	6.318443908208903
Note_nationale_BSV_Hannetons_et_vers_blancs_cle8bf378-1	arboriculture fruitière	5.34786588554495
Note_nationale_BSV_Hannetons_et_vers_blancs_cle8bf378-1	zone non agricole	4.176998418653075
Note_nationale_BSV_Hannetons_et_vers_blancs_cle8bf378-1	culture légumière	3.9477077130624543
Note_nationale_BSV_Hannetons_et_vers_blancs_cle8bf378-1	céréale à paille	3.7422924760475187
Note_nationale_BSV_Hannetons_et_vers_blancs_cle8bf378-1	jardin	3.628388317065957
Note_nationale_BSV_Hannetons_et_vers_blancs_cle8bf378-1	pomme de terre	3.1366163987187394
Note_nationale_abeilles	floriculture	4.740880056155251
Note_nationale_abeilles_et_pollinisateurs_cle4f1286	floriculture	4.740880056155251
Note_trichogramme_2014	sorgho	8.34741863988735
Note_trichogramme_2014	engrais vert	6.314184242567141
Note_trichogramme_2014	maïs popcorn	5.145427738708801
Pomme_de_terre_Centre_2009_no16_cle477634	pomme de terre	3.642880002175016
bilanBSV_11_cle4f1ed3	pomme de terre	3.8073370122077836
bsv_02_pdt_11_fev_14_cle0c474f	pomme de terre	4.030671443128334
bsv_09_ornement_20140711_cle84eab1	horticulture ornementale	5.2241754844002735
bsv_09_ornement_20140711_cle84eab1	zone non agricole	5.066966995367031
bsv_09_pdt_28_mai_13_cle07bd36	pommier	4.440555358024017
bsv_09_pdt_28_mai_13_cle07bd36	pomme de terre	3.6405062062339537
bsv_12_gc_10_mai_12_cle8df51d	luzerne	9.393933061044585
bsv_12_gc_10_mai_12_cle8df51d	pois protéagineux d'hiver	7.035454680826022
bsv_12_gc_10_mai_12_cle8df51d	orge de printemps	5.656468329893891
bsv_12_gc_10_mai_12_cle8df51d	orge d'hiver	5.566529903379614
bsv_12_gc_10_mai_12_cle8df51d	betterave sucrière	5.269971762612423
bsv_12_gc_10_mai_12_cle8df51d	pois protéagineux de printemps	4.794789034416043
bsv_12_gc_10_mai_12_cle8df51d	maïs popcorn	4.3637838424491555
bsv_12_gc_10_mai_12_cle8df51d	petits pois	4.156291582689085
bsv_12_gc_10_mai_12_cle8df51d	colza de printemps	3.05601331054909
bsv_13_pdt_25_juin_13_cle453463	blé tendre d'hiver	4.495366829707485
bsv_13_pdt_25_juin_13_cle453463	pommier	4.440555358024017
bsv_13_pdt_25_juin_13_cle453463	pomme de terre	3.2175447628507268
bsv_2014_arbo_39_cle4cea53	fraisier	5.970969385994373
bsv_2014_arbo_39_cle4cea53	jardin	4.490324170512079
bsv_2014_arbo_39_cle4cea53	zone non agricole	4.231160140179982
bsv_2014_arbo_39_cle4cea53	pomme de terre	3.177287839523095
bsv_2014_arbo_39_cle4cea53	grande culture	2.671983662510018
bsv_25_gc_22_juillet_2014_cle0d9193	maïs fourrage	10.054334407774551
bsv_25_gc_22_juillet_2014_cle0d9193	vigne jus	8.8509661397851
bsv_25_gc_22_juillet_2014_cle0d9193	amandier	7.521415640980046
bsv_25_gc_22_juillet_2014_cle0d9193	artichaut	6.187346777441553
bsv_25_gc_22_juillet_2014_cle0d9193	maïs popcorn	4.5102098854531185
bsv_27_gc_27_aout_2013_cle0d56de	betterave sucrière	5.503334425805778
bsv_27_gc_27_aout_2013_cle0d56de	palmier	4.935896459787731
bsv_32_aout_2013_01_ambroisie_cle8311f4	tournesol	4.870647638815478
bsv_3_Flash_Ornement20140728_cle8e64ac	zone non agricole	4.8511842298100545
bsv_40_zna__mai_2014_01_cle8af58a-1	trèfle blanc	9.782836272281001
bsv_40_zna__mai_2014_01_cle8af58a-1	topinambour	7.0486953456053225
bsv_40_zna__mai_2014_01_cle8af58a-1	laitue à couper	6.170126870046023
bsv_40_zna__mai_2014_01_cle8af58a-1	betterave sucrière	5.488145442186983
bsv_aout_2010-2_cle0a9541	artichaut	5.507144817371496
bsv_arbo_41_2013_cle46e2d1	arbre à fruits à pépins	5.183908583008288
bsv_arbo_41_2013_cle46e2d1	jardin	4.20251698490608
bsv_arbo_61_2014_cle471ee4	jardin	4.567740877627198
bsv_arboriculture_20110420-1_10__cle0cab87	attier	4.7878639347565555
bsv_arboriculture_20110420-1_10__cle0cab87	jardin	4.207441738248442
bsv_cereales_paille_2010_s23_cle8b462b	blé dur	6.68784544653402
bsv_cereales_paille_2010_s23_cle8b462b	blé tendre	5.656468329893891
bsv_cereales_paille_2010_s23_cle8b462b	céréale à paille	4.666018918122603
bsv_cereales_paille_2010_s23_cle8b462b	blé tendre d'hiver	4.309709977743172
bsv_grandes_cultures_N15_28_02_13_V3	féverole protéagineux	6.269677139043444
bsv_grandes_cultures_N15_28_02_13_V3	pois protéagineux de printemps	5.804195815752381
bsv_grandes_cultures_N15_28_02_13_V3	pois protéagineux d'hiver	5.760008334587325
bsv_grandes_cultures_N15_28_02_13_V3	petits pois	4.1298409803511875
bsv_grandes_cultures_N15_28_02_13_V3	grande culture	3.3490614589557324
bsv_grandes_cultures_N15_28_02_13_V3	colza de printemps	3.036564869262313
bsv_grandes_cultures_colza_N6_V3-2	grande culture	3.371169539729238
bsv_grandes_cultures_colza_N6_V3-2	colza de printemps	3.1477794509563477
bsv_grandescultures_20110503_24__cle083e91	triticale d'hiver	6.701537554241259
bsv_grandescultures_20110503_24__cle083e91	féverole d'hiver	6.279611963668185
bsv_grandescultures_20110503_24__cle083e91	blé dur	6.022857410862764
bsv_grandescultures_20110503_24__cle083e91	blé tendre d'hiver	5.4729737547488115
bsv_grandescultures_20110503_24__cle083e91	orge d'hiver	5.326547070529097
bsv_grandescultures_20110503_24__cle083e91	tournesol	5.234048674462939
bsv_grandescultures_20110503_24__cle083e91	féverole protéagineux	5.226473057815327
bsv_grandescultures_20110503_24__cle083e91	pois protéagineux de printemps	4.588077299210749
bsv_grandescultures_20110503_24__cle083e91	blé tendre	4.340639141945073
bsv_grandescultures_20110503_24__cle083e91	orge de printemps	4.340639141945073
bsv_grandescultures_20110503_24__cle083e91	maïs popcorn	4.175653494344413
bsv_grandescultures_20110503_24__cle083e91	petits pois	3.977106588540233
bsv_grandescultures_20110503_24__cle083e91	colza de printemps	2.924263235686617
bsv_grandescultures_20120306_4__cle49ab89	blé dur	6.4511123586267045
bsv_grandescultures_20120306_4__cle49ab89	lentille potagère	6.265881703312385
bsv_grandescultures_20120306_4__cle49ab89	féverole d'hiver	5.871384796187254
bsv_grandescultures_20120306_4__cle49ab89	blé tendre	5.584467190045642
bsv_grandescultures_20120306_4__cle49ab89	pois protéagineux de printemps	5.5547091181910435
bsv_grandescultures_20120306_4__cle49ab89	orge d'hiver	4.980277072376891
bsv_grandescultures_20120306_4__cle49ab89	floriculture	3.5916215345947387
bsv_grandescultures_20120306_4__cle49ab89	colza de printemps	3.5403570166643723
bsv_grandescultures_20120306_4__cle49ab89	céréale à paille	3.2927046910968727
bsv_grandescultures_20120306_4__cle49ab89	grande culture	3.2816905000673517
bsv_legumes_17	oignon	6.8233168957855455
bsv_legumes_17	légume tubercule	6.699680529733951
bsv_legumes_17	culture industrielle	6.66633351084924
bsv_legumes_17	scorsonère	6.239714966807998
bsv_legumes_17	pomme de terre potagère	5.956651699410571
bsv_legumes_17	fraisier	5.737972572367781
bsv_legumes_17	betterave potagère	5.664948249108125
bsv_legumes_17	Chou cabus blanc	5.170060951685783
bsv_legumes_17	céleri	4.83711165572179
bsv_legumes_17	poivron	4.372260518250146
bsv_legumes_17	céleri à cotes	4.148525682634432
bsv_legumes_17	poirée	4.148525682634432
bsv_legumes_17	petits pois	4.114041664002791
bsv_legumes_17	courgette	3.8201849845059765
bsv_legumes_17	chanvre oléagineux	3.692007516850697
bsv_legumes_17	céleri-rave	2.9255295437448923
bsv_legumes_17	tomate	2.8746134188871184
bsv_legumes_17	betterave sucrière	2.8746134188871184
bsv_legumes_17	grande culture	2.715178910757901
bsv_legumes_17	palmier	2.5782176948960833
bsv_legumes_17	poireau	2.5423753188848366
bsv_legumes_17	pomme de terre	2.4012500486170163
bsv_legumes_17	pommier	2.3221558163420557
bsv_maraichage_no40_du_8_02_2013_cle03a587	fraisier	6.0368879358589185
bsv_maraichage_no40_du_8_02_2013_cle03a587	tomate	5.488145442186983
bsv_maraichage_no40_du_8_02_2013_cle03a587	palmier	4.922273582333613
bsv_maraichage_no40_du_8_02_2013_cle03a587	pommier	4.433406167163688
bsv_maraichage_no55_du_20_septembre_2013_cle043712	courge	10.097536000909908
bsv_maraichage_no55_du_20_septembre_2013_cle043712	laitue à couper	6.170126870046023
bsv_maraichage_no55_du_20_septembre_2013_cle043712	tomate	5.488145442186983
bsv_maraichage_no72_du_2_juin_2014_cle8a3b46	courge	8.451621248200501
bsv_maraichage_no72_du_2_juin_2014_cle8a3b46	melon	8.149559570527027
bsv_maraichage_no72_du_2_juin_2014_cle8a3b46	courgette	8.00769854021331
bsv_maraichage_no72_du_2_juin_2014_cle8a3b46	fraisier	5.721088416800159
bsv_maraichage_no72_du_2_juin_2014_cle8a3b46	céleri-rave	5.29317432743439
bsv_maraichage_no72_du_2_juin_2014_cle8a3b46	tomate	5.201051543876846
bsv_maraichage_no72_du_2_juin_2014_cle8a3b46	petits pois	4.101935973605941
bsv_maraichage_no72_du_2_juin_2014_cle8a3b46	pomme de terre	3.8977444727490735
bsv_viti_11_20_06_2013_cle0ffbf1	melon	8.395434030574837
bsv_viti_11_20_06_2013_cle0ffbf1	floriculture	4.161460600282902
bsv_zna_20130801_9_cle8215c1	bigaradier	8.419280841235969
bsv_zna_20130801_9_cle8215c1	rosier odorant	5.535392409160988
bsv_zna_20130801_9_cle8215c1	zone non agricole	5.43663296363814
bsv_zna_20130801_9_cle8215c1	Chou cabus blanc	3.5682594718858667
bsv_zna_20130801_9_cle8215c1	poireau	3.366998906653815
bsv_zna_20130801_9_cle8215c1	arbre à fruits à pépins	3.0384278489760157
bsv_zna_20130801_9_cle8215c1	attier	2.933310374167342
bsv_zna_20130801_9_cle8215c1	floriculture	2.8999871950102136
bsv_zna_mai_2011_4__cle81e41d	vigne de cuve	7.501198508913113
bsv_zna_mai_2011_4__cle81e41d	rosier odorant	6.737779638201604
bsv_zna_mai_2011_4__cle81e41d	topinambour	6.679966519795643
bsv_zna_mai_2011_4__cle81e41d	horticulture ornementale	5.735812092424828
bsv_zna_mai_2011_4__cle81e41d	zone non agricole	5.1012071712371725
bsvarbo_N6_2011-04-18_cle441e5f	arbre à fruits à pépins	4.9672019297403684
bsvmaraichage_20130329_3_cle8d1bdc	fraisier	6.046622858044828
bsvmaraichage_20130329_3_cle8d1bdc	poireau	4.861671324952605
bsvmaraichage_20130329_3_cle8d1bdc	culture légumière	4.04956317980677
horti12_cle0346d5	rosier ornemental	10.097536000909908
horti12_cle0346d5	horticulture ornementale	5.2241754844002735
horti12_cle0346d5	floriculture	4.18060304254226
modification_BSV_maraichage_13-03_cle8eed1c	pomme de terre	3.2212551263370885
modification_BSV_maraichage_13-03_cle8eed1c	grande culture	2.7089585536704983
note_nationale_Vigne_mildiou_oidium_2011_Vdef	fenugrec	9.816703409853007
note_nationale_cle831acf	pommier	4.965399680217591
note_nationale_cle831acf	pomme de terre	4.025443866351839
pdf_BSV_arboriculture_numero_12_du_19_avril_2010_cle8f14ec	arboriculture ornementale	8.370520943992823
pdf_BSV_arboriculture_numero_12_du_19_avril_2010_cle8f14ec	attier	4.240344707407272
pdf_BSV_arboriculture_numero_14_du_26_avril_2010_cle826524	attier	4.2432806317866945
pdf_BSV_no14_du_27_mai_2010_cle813bfb-1	lentille potagère	8.520371979414632
pdf_BSV_no14_du_27_mai_2010_cle813bfb-1	orge de printemps	5.667002839958149
pdf_BSV_no14_du_27_mai_2010_cle813bfb-1	betterave sucrière	5.3015853485291515
pdf_BSV_no14_du_27_mai_2010_cle813bfb-1	lin fibre de printemps	5.127578083470446
pdf_BSV_no14_du_27_mai_2010_cle813bfb-1	pomme de terre	3.8536163581615965
